ISO-10303-21;
HEADER;
/* Generated by software containing ST-Developer
 * from STEP Tools, Inc. (www.steptools.com) 
 */

FILE_DESCRIPTION(
/* description */ (''),
/* implementation_level */ '2;1');

FILE_NAME(
/* name */ 'Pendix Bracket.step',
/* time_stamp */ '2026-07-26T12:09:21+02:00',
/* author */ (''),
/* organization */ (''),
/* preprocessor_version */ 'ST-DEVELOPER v20.1',
/* originating_system */ 'Autodesk Translation Framework v15.8.0.0',
/* authorisation */ '');

FILE_SCHEMA (('AUTOMOTIVE_DESIGN { 1 0 10303 214 3 1 1 }'));
ENDSEC;

DATA;
#10=MECHANICAL_DESIGN_GEOMETRIC_PRESENTATION_REPRESENTATION('',(#13,#14,
#15),#5553);
#11=SHAPE_REPRESENTATION_RELATIONSHIP('SRR','None',#5560,#12);
#12=ADVANCED_BREP_SHAPE_REPRESENTATION('',(#16,#17,#18),#5552);
#13=STYLED_ITEM('',(#5569),#16);
#14=STYLED_ITEM('',(#5569),#17);
#15=STYLED_ITEM('',(#5569),#18);
#16=MANIFOLD_SOLID_BREP('Body2',#860);
#17=MANIFOLD_SOLID_BREP('Body5',#861);
#18=MANIFOLD_SOLID_BREP('Body6',#862);
#19=(
BOUNDED_SURFACE()
B_SPLINE_SURFACE(3,3,((#2776,#2777,#2778,#2779,#2780,#2781,#2782,#2783,
#2784,#2785,#2786,#2787,#2788,#2789,#2790,#2791,#2792,#2793,#2794,#2795,
#2796,#2797,#2798,#2799,#2800,#2801,#2802,#2803,#2804,#2805,#2806,#2807,
#2808,#2809,#2810,#2811,#2812,#2813,#2814,#2815),(#2816,#2817,#2818,#2819,
#2820,#2821,#2822,#2823,#2824,#2825,#2826,#2827,#2828,#2829,#2830,#2831,
#2832,#2833,#2834,#2835,#2836,#2837,#2838,#2839,#2840,#2841,#2842,#2843,
#2844,#2845,#2846,#2847,#2848,#2849,#2850,#2851,#2852,#2853,#2854,#2855),
(#2856,#2857,#2858,#2859,#2860,#2861,#2862,#2863,#2864,#2865,#2866,#2867,
#2868,#2869,#2870,#2871,#2872,#2873,#2874,#2875,#2876,#2877,#2878,#2879,
#2880,#2881,#2882,#2883,#2884,#2885,#2886,#2887,#2888,#2889,#2890,#2891,
#2892,#2893,#2894,#2895),(#2896,#2897,#2898,#2899,#2900,#2901,#2902,#2903,
#2904,#2905,#2906,#2907,#2908,#2909,#2910,#2911,#2912,#2913,#2914,#2915,
#2916,#2917,#2918,#2919,#2920,#2921,#2922,#2923,#2924,#2925,#2926,#2927,
#2928,#2929,#2930,#2931,#2932,#2933,#2934,#2935),(#2936,#2937,#2938,#2939,
#2940,#2941,#2942,#2943,#2944,#2945,#2946,#2947,#2948,#2949,#2950,#2951,
#2952,#2953,#2954,#2955,#2956,#2957,#2958,#2959,#2960,#2961,#2962,#2963,
#2964,#2965,#2966,#2967,#2968,#2969,#2970,#2971,#2972,#2973,#2974,#2975),
(#2976,#2977,#2978,#2979,#2980,#2981,#2982,#2983,#2984,#2985,#2986,#2987,
#2988,#2989,#2990,#2991,#2992,#2993,#2994,#2995,#2996,#2997,#2998,#2999,
#3000,#3001,#3002,#3003,#3004,#3005,#3006,#3007,#3008,#3009,#3010,#3011,
#3012,#3013,#3014,#3015),(#3016,#3017,#3018,#3019,#3020,#3021,#3022,#3023,
#3024,#3025,#3026,#3027,#3028,#3029,#3030,#3031,#3032,#3033,#3034,#3035,
#3036,#3037,#3038,#3039,#3040,#3041,#3042,#3043,#3044,#3045,#3046,#3047,
#3048,#3049,#3050,#3051,#3052,#3053,#3054,#3055)),.UNSPECIFIED.,.T.,.F.,
 .F.)
B_SPLINE_SURFACE_WITH_KNOTS((4,3,4),(4,2,2,2,2,2,2,2,2,2,2,2,2,2,2,2,2,
2,2,4),(0.,0.5,1.),(-0.00748297159607719,-0.00374148579803859,-0.0018707428990193,
0.,0.0030927479828962,0.0061854959657924,0.0123709919315848,0.0247419838631696,
0.0494839677263392,0.0989679354526784,0.197935870905357,0.395871741810714,
0.593807612716071,0.692775548168749,0.742259515895088,0.767001499758258,
0.779372491689843,0.785557987655635,0.788650735638531,0.791743483621427),
 .UNSPECIFIED.)
GEOMETRIC_REPRESENTATION_ITEM()
RATIONAL_B_SPLINE_SURFACE(((1.,1.,1.,1.,1.,1.,1.,1.,1.,1.,1.,1.,1.,1.,1.,
1.,1.,1.,1.,1.,1.,1.,1.,1.,1.,1.,1.,1.,1.,1.,1.,1.,1.,1.,1.,1.,1.,1.,1.,
1.),(0.333333333333333,0.333333333333333,0.333333333333333,0.333333333333333,
0.333333333333333,0.333333333333333,0.333333333333333,0.333333333333333,
0.333333333333333,0.333333333333333,0.333333333333333,0.333333333333333,
0.333333333333333,0.333333333333333,0.333333333333333,0.333333333333333,
0.333333333333333,0.333333333333333,0.333333333333333,0.333333333333333,
0.333333333333333,0.333333333333333,0.333333333333333,0.333333333333333,
0.333333333333333,0.333333333333333,0.333333333333333,0.333333333333333,
0.333333333333333,0.333333333333333,0.333333333333333,0.333333333333333,
0.333333333333333,0.333333333333333,0.333333333333333,0.333333333333333,
0.333333333333333,0.333333333333333,0.333333333333333,0.333333333333333),
(0.333333333333333,0.333333333333333,0.333333333333333,0.333333333333333,
0.333333333333333,0.333333333333333,0.333333333333333,0.333333333333333,
0.333333333333333,0.333333333333333,0.333333333333333,0.333333333333333,
0.333333333333333,0.333333333333333,0.333333333333333,0.333333333333333,
0.333333333333333,0.333333333333333,0.333333333333333,0.333333333333333,
0.333333333333333,0.333333333333333,0.333333333333333,0.333333333333333,
0.333333333333333,0.333333333333333,0.333333333333333,0.333333333333333,
0.333333333333333,0.333333333333333,0.333333333333333,0.333333333333333,
0.333333333333333,0.333333333333333,0.333333333333333,0.333333333333333,
0.333333333333333,0.333333333333333,0.333333333333333,0.333333333333333),
(1.,1.,1.,1.,1.,1.,1.,1.,1.,1.,1.,1.,1.,1.,1.,1.,1.,1.,1.,1.,1.,1.,1.,1.,
1.,1.,1.,1.,1.,1.,1.,1.,1.,1.,1.,1.,1.,1.,1.,1.),(0.333333333333333,0.333333333333333,
0.333333333333333,0.333333333333333,0.333333333333333,0.333333333333333,
0.333333333333333,0.333333333333333,0.333333333333333,0.333333333333333,
0.333333333333333,0.333333333333333,0.333333333333333,0.333333333333333,
0.333333333333333,0.333333333333333,0.333333333333333,0.333333333333333,
0.333333333333333,0.333333333333333,0.333333333333333,0.333333333333333,
0.333333333333333,0.333333333333333,0.333333333333333,0.333333333333333,
0.333333333333333,0.333333333333333,0.333333333333333,0.333333333333333,
0.333333333333333,0.333333333333333,0.333333333333333,0.333333333333333,
0.333333333333333,0.333333333333333,0.333333333333333,0.333333333333333,
0.333333333333333,0.333333333333333),(0.333333333333333,0.333333333333333,
0.333333333333333,0.333333333333333,0.333333333333333,0.333333333333333,
0.333333333333333,0.333333333333333,0.333333333333333,0.333333333333333,
0.333333333333333,0.333333333333333,0.333333333333333,0.333333333333333,
0.333333333333333,0.333333333333333,0.333333333333333,0.333333333333333,
0.333333333333333,0.333333333333333,0.333333333333333,0.333333333333333,
0.333333333333333,0.333333333333333,0.333333333333333,0.333333333333333,
0.333333333333333,0.333333333333333,0.333333333333333,0.333333333333333,
0.333333333333333,0.333333333333333,0.333333333333333,0.333333333333333,
0.333333333333333,0.333333333333333,0.333333333333333,0.333333333333333,
0.333333333333333,0.333333333333333),(1.,1.,1.,1.,1.,1.,1.,1.,1.,1.,1.,
1.,1.,1.,1.,1.,1.,1.,1.,1.,1.,1.,1.,1.,1.,1.,1.,1.,1.,1.,1.,1.,1.,1.,1.,
1.,1.,1.,1.,1.)))
REPRESENTATION_ITEM('')
SURFACE()
);
#20=(
BOUNDED_SURFACE()
B_SPLINE_SURFACE(3,3,((#3385,#3386,#3387,#3388,#3389,#3390,#3391,#3392,
#3393,#3394,#3395,#3396,#3397,#3398,#3399,#3400,#3401,#3402,#3403,#3404,
#3405,#3406,#3407,#3408,#3409,#3410,#3411,#3412,#3413,#3414,#3415,#3416,
#3417,#3418,#3419,#3420,#3421,#3422,#3423,#3424),(#3425,#3426,#3427,#3428,
#3429,#3430,#3431,#3432,#3433,#3434,#3435,#3436,#3437,#3438,#3439,#3440,
#3441,#3442,#3443,#3444,#3445,#3446,#3447,#3448,#3449,#3450,#3451,#3452,
#3453,#3454,#3455,#3456,#3457,#3458,#3459,#3460,#3461,#3462,#3463,#3464),
(#3465,#3466,#3467,#3468,#3469,#3470,#3471,#3472,#3473,#3474,#3475,#3476,
#3477,#3478,#3479,#3480,#3481,#3482,#3483,#3484,#3485,#3486,#3487,#3488,
#3489,#3490,#3491,#3492,#3493,#3494,#3495,#3496,#3497,#3498,#3499,#3500,
#3501,#3502,#3503,#3504),(#3505,#3506,#3507,#3508,#3509,#3510,#3511,#3512,
#3513,#3514,#3515,#3516,#3517,#3518,#3519,#3520,#3521,#3522,#3523,#3524,
#3525,#3526,#3527,#3528,#3529,#3530,#3531,#3532,#3533,#3534,#3535,#3536,
#3537,#3538,#3539,#3540,#3541,#3542,#3543,#3544),(#3545,#3546,#3547,#3548,
#3549,#3550,#3551,#3552,#3553,#3554,#3555,#3556,#3557,#3558,#3559,#3560,
#3561,#3562,#3563,#3564,#3565,#3566,#3567,#3568,#3569,#3570,#3571,#3572,
#3573,#3574,#3575,#3576,#3577,#3578,#3579,#3580,#3581,#3582,#3583,#3584),
(#3585,#3586,#3587,#3588,#3589,#3590,#3591,#3592,#3593,#3594,#3595,#3596,
#3597,#3598,#3599,#3600,#3601,#3602,#3603,#3604,#3605,#3606,#3607,#3608,
#3609,#3610,#3611,#3612,#3613,#3614,#3615,#3616,#3617,#3618,#3619,#3620,
#3621,#3622,#3623,#3624),(#3625,#3626,#3627,#3628,#3629,#3630,#3631,#3632,
#3633,#3634,#3635,#3636,#3637,#3638,#3639,#3640,#3641,#3642,#3643,#3644,
#3645,#3646,#3647,#3648,#3649,#3650,#3651,#3652,#3653,#3654,#3655,#3656,
#3657,#3658,#3659,#3660,#3661,#3662,#3663,#3664)),.UNSPECIFIED.,.T.,.F.,
 .F.)
B_SPLINE_SURFACE_WITH_KNOTS((4,3,4),(4,2,2,2,2,2,2,2,2,2,2,2,2,2,2,2,2,
2,2,4),(0.,0.5,1.),(-0.00748297159607719,-0.00374148579803859,-0.0018707428990193,
0.,0.0030927479828962,0.0061854959657924,0.0123709919315848,0.0247419838631696,
0.0494839677263392,0.0989679354526784,0.197935870905357,0.395871741810714,
0.593807612716071,0.692775548168749,0.742259515895088,0.767001499758258,
0.779372491689843,0.785557987655635,0.788650735638531,0.791743483621427),
 .UNSPECIFIED.)
GEOMETRIC_REPRESENTATION_ITEM()
RATIONAL_B_SPLINE_SURFACE(((1.,1.,1.,1.,1.,1.,1.,1.,1.,1.,1.,1.,1.,1.,1.,
1.,1.,1.,1.,1.,1.,1.,1.,1.,1.,1.,1.,1.,1.,1.,1.,1.,1.,1.,1.,1.,1.,1.,1.,
1.),(0.333333333333333,0.333333333333333,0.333333333333333,0.333333333333333,
0.333333333333333,0.333333333333333,0.333333333333333,0.333333333333333,
0.333333333333333,0.333333333333333,0.333333333333333,0.333333333333333,
0.333333333333333,0.333333333333333,0.333333333333333,0.333333333333333,
0.333333333333333,0.333333333333333,0.333333333333333,0.333333333333333,
0.333333333333333,0.333333333333333,0.333333333333333,0.333333333333333,
0.333333333333333,0.333333333333333,0.333333333333333,0.333333333333333,
0.333333333333333,0.333333333333333,0.333333333333333,0.333333333333333,
0.333333333333333,0.333333333333333,0.333333333333333,0.333333333333333,
0.333333333333333,0.333333333333333,0.333333333333333,0.333333333333333),
(0.333333333333333,0.333333333333333,0.333333333333333,0.333333333333333,
0.333333333333333,0.333333333333333,0.333333333333333,0.333333333333333,
0.333333333333333,0.333333333333333,0.333333333333333,0.333333333333333,
0.333333333333333,0.333333333333333,0.333333333333333,0.333333333333333,
0.333333333333333,0.333333333333333,0.333333333333333,0.333333333333333,
0.333333333333333,0.333333333333333,0.333333333333333,0.333333333333333,
0.333333333333333,0.333333333333333,0.333333333333333,0.333333333333333,
0.333333333333333,0.333333333333333,0.333333333333333,0.333333333333333,
0.333333333333333,0.333333333333333,0.333333333333333,0.333333333333333,
0.333333333333333,0.333333333333333,0.333333333333333,0.333333333333333),
(1.,1.,1.,1.,1.,1.,1.,1.,1.,1.,1.,1.,1.,1.,1.,1.,1.,1.,1.,1.,1.,1.,1.,1.,
1.,1.,1.,1.,1.,1.,1.,1.,1.,1.,1.,1.,1.,1.,1.,1.),(0.333333333333333,0.333333333333333,
0.333333333333333,0.333333333333333,0.333333333333333,0.333333333333333,
0.333333333333333,0.333333333333333,0.333333333333333,0.333333333333333,
0.333333333333333,0.333333333333333,0.333333333333333,0.333333333333333,
0.333333333333333,0.333333333333333,0.333333333333333,0.333333333333333,
0.333333333333333,0.333333333333333,0.333333333333333,0.333333333333333,
0.333333333333333,0.333333333333333,0.333333333333333,0.333333333333333,
0.333333333333333,0.333333333333333,0.333333333333333,0.333333333333333,
0.333333333333333,0.333333333333333,0.333333333333333,0.333333333333333,
0.333333333333333,0.333333333333333,0.333333333333333,0.333333333333333,
0.333333333333333,0.333333333333333),(0.333333333333333,0.333333333333333,
0.333333333333333,0.333333333333333,0.333333333333333,0.333333333333333,
0.333333333333333,0.333333333333333,0.333333333333333,0.333333333333333,
0.333333333333333,0.333333333333333,0.333333333333333,0.333333333333333,
0.333333333333333,0.333333333333333,0.333333333333333,0.333333333333333,
0.333333333333333,0.333333333333333,0.333333333333333,0.333333333333333,
0.333333333333333,0.333333333333333,0.333333333333333,0.333333333333333,
0.333333333333333,0.333333333333333,0.333333333333333,0.333333333333333,
0.333333333333333,0.333333333333333,0.333333333333333,0.333333333333333,
0.333333333333333,0.333333333333333,0.333333333333333,0.333333333333333,
0.333333333333333,0.333333333333333),(1.,1.,1.,1.,1.,1.,1.,1.,1.,1.,1.,
1.,1.,1.,1.,1.,1.,1.,1.,1.,1.,1.,1.,1.,1.,1.,1.,1.,1.,1.,1.,1.,1.,1.,1.,
1.,1.,1.,1.,1.)))
REPRESENTATION_ITEM('')
SURFACE()
);
#21=(
BOUNDED_SURFACE()
B_SPLINE_SURFACE(3,3,((#4118,#4119,#4120,#4121,#4122,#4123,#4124,#4125,
#4126,#4127,#4128,#4129,#4130,#4131,#4132,#4133,#4134,#4135,#4136,#4137,
#4138,#4139,#4140),(#4141,#4142,#4143,#4144,#4145,#4146,#4147,#4148,#4149,
#4150,#4151,#4152,#4153,#4154,#4155,#4156,#4157,#4158,#4159,#4160,#4161,
#4162,#4163),(#4164,#4165,#4166,#4167,#4168,#4169,#4170,#4171,#4172,#4173,
#4174,#4175,#4176,#4177,#4178,#4179,#4180,#4181,#4182,#4183,#4184,#4185,
#4186),(#4187,#4188,#4189,#4190,#4191,#4192,#4193,#4194,#4195,#4196,#4197,
#4198,#4199,#4200,#4201,#4202,#4203,#4204,#4205,#4206,#4207,#4208,#4209),
(#4210,#4211,#4212,#4213,#4214,#4215,#4216,#4217,#4218,#4219,#4220,#4221,
#4222,#4223,#4224,#4225,#4226,#4227,#4228,#4229,#4230,#4231,#4232),(#4233,
#4234,#4235,#4236,#4237,#4238,#4239,#4240,#4241,#4242,#4243,#4244,#4245,
#4246,#4247,#4248,#4249,#4250,#4251,#4252,#4253,#4254,#4255),(#4256,#4257,
#4258,#4259,#4260,#4261,#4262,#4263,#4264,#4265,#4266,#4267,#4268,#4269,
#4270,#4271,#4272,#4273,#4274,#4275,#4276,#4277,#4278)),.UNSPECIFIED.,.T.,
 .F.,.F.)
B_SPLINE_SURFACE_WITH_KNOTS((4,3,4),(4,2,2,2,2,2,2,2,2,3,4),(0.,0.5,1.),
(0.,0.0394010124599689,0.0591015186899534,0.0788020249199378,0.10758946164119,
0.136376898362442,0.193951771804946,0.309101518689953,0.539401012459969,
1.,1.01),.UNSPECIFIED.)
GEOMETRIC_REPRESENTATION_ITEM()
RATIONAL_B_SPLINE_SURFACE(((1.,1.,1.,1.,1.,1.,1.,1.,1.,1.,1.,1.,1.,1.,1.,
1.,1.,1.,1.,1.,1.,1.,1.),(0.333333333333333,0.333333333333333,0.333333333333333,
0.333333333333333,0.333333333333333,0.333333333333333,0.333333333333333,
0.333333333333333,0.333333333333333,0.333333333333333,0.333333333333333,
0.333333333333333,0.333333333333333,0.333333333333333,0.333333333333333,
0.333333333333333,0.333333333333333,0.333333333333333,0.333333333333333,
0.333333333333333,0.333333333333333,0.333333333333333,0.333333333333333),
(0.333333333333333,0.333333333333333,0.333333333333333,0.333333333333333,
0.333333333333333,0.333333333333333,0.333333333333333,0.333333333333333,
0.333333333333333,0.333333333333333,0.333333333333333,0.333333333333333,
0.333333333333333,0.333333333333333,0.333333333333333,0.333333333333333,
0.333333333333333,0.333333333333333,0.333333333333333,0.333333333333333,
0.333333333333333,0.333333333333333,0.333333333333333),(1.,1.,1.,1.,1.,
1.,1.,1.,1.,1.,1.,1.,1.,1.,1.,1.,1.,1.,1.,1.,1.,1.,1.),(0.333333333333333,
0.333333333333333,0.333333333333333,0.333333333333333,0.333333333333333,
0.333333333333333,0.333333333333333,0.333333333333333,0.333333333333333,
0.333333333333333,0.333333333333333,0.333333333333333,0.333333333333333,
0.333333333333333,0.333333333333333,0.333333333333333,0.333333333333333,
0.333333333333333,0.333333333333333,0.333333333333333,0.333333333333333,
0.333333333333333,0.333333333333333),(0.333333333333333,0.333333333333333,
0.333333333333333,0.333333333333333,0.333333333333333,0.333333333333333,
0.333333333333333,0.333333333333333,0.333333333333333,0.333333333333333,
0.333333333333333,0.333333333333333,0.333333333333333,0.333333333333333,
0.333333333333333,0.333333333333333,0.333333333333333,0.333333333333333,
0.333333333333333,0.333333333333333,0.333333333333333,0.333333333333333,
0.333333333333333),(1.,1.,1.,1.,1.,1.,1.,1.,1.,1.,1.,1.,1.,1.,1.,1.,1.,
1.,1.,1.,1.,1.,1.)))
REPRESENTATION_ITEM('')
SURFACE()
);
#22=(
BOUNDED_SURFACE()
B_SPLINE_SURFACE(3,3,((#4332,#4333,#4334,#4335,#4336,#4337,#4338,#4339,
#4340,#4341,#4342,#4343,#4344,#4345,#4346,#4347,#4348,#4349,#4350,#4351,
#4352,#4353,#4354),(#4355,#4356,#4357,#4358,#4359,#4360,#4361,#4362,#4363,
#4364,#4365,#4366,#4367,#4368,#4369,#4370,#4371,#4372,#4373,#4374,#4375,
#4376,#4377),(#4378,#4379,#4380,#4381,#4382,#4383,#4384,#4385,#4386,#4387,
#4388,#4389,#4390,#4391,#4392,#4393,#4394,#4395,#4396,#4397,#4398,#4399,
#4400),(#4401,#4402,#4403,#4404,#4405,#4406,#4407,#4408,#4409,#4410,#4411,
#4412,#4413,#4414,#4415,#4416,#4417,#4418,#4419,#4420,#4421,#4422,#4423),
(#4424,#4425,#4426,#4427,#4428,#4429,#4430,#4431,#4432,#4433,#4434,#4435,
#4436,#4437,#4438,#4439,#4440,#4441,#4442,#4443,#4444,#4445,#4446),(#4447,
#4448,#4449,#4450,#4451,#4452,#4453,#4454,#4455,#4456,#4457,#4458,#4459,
#4460,#4461,#4462,#4463,#4464,#4465,#4466,#4467,#4468,#4469),(#4470,#4471,
#4472,#4473,#4474,#4475,#4476,#4477,#4478,#4479,#4480,#4481,#4482,#4483,
#4484,#4485,#4486,#4487,#4488,#4489,#4490,#4491,#4492)),.UNSPECIFIED.,.T.,
 .F.,.F.)
B_SPLINE_SURFACE_WITH_KNOTS((4,3,4),(4,2,2,2,2,2,2,2,2,3,4),(0.,0.5,1.),
(0.,0.0394010124599689,0.0591015186899534,0.0788020249199378,0.10758946164119,
0.136376898362442,0.193951771804946,0.309101518689953,0.539401012459969,
1.,1.01),.UNSPECIFIED.)
GEOMETRIC_REPRESENTATION_ITEM()
RATIONAL_B_SPLINE_SURFACE(((1.,1.,1.,1.,1.,1.,1.,1.,1.,1.,1.,1.,1.,1.,1.,
1.,1.,1.,1.,1.,1.,1.,1.),(0.333333333333333,0.333333333333333,0.333333333333333,
0.333333333333333,0.333333333333333,0.333333333333333,0.333333333333333,
0.333333333333333,0.333333333333333,0.333333333333333,0.333333333333333,
0.333333333333333,0.333333333333333,0.333333333333333,0.333333333333333,
0.333333333333333,0.333333333333333,0.333333333333333,0.333333333333333,
0.333333333333333,0.333333333333333,0.333333333333333,0.333333333333333),
(0.333333333333333,0.333333333333333,0.333333333333333,0.333333333333333,
0.333333333333333,0.333333333333333,0.333333333333333,0.333333333333333,
0.333333333333333,0.333333333333333,0.333333333333333,0.333333333333333,
0.333333333333333,0.333333333333333,0.333333333333333,0.333333333333333,
0.333333333333333,0.333333333333333,0.333333333333333,0.333333333333333,
0.333333333333333,0.333333333333333,0.333333333333333),(1.,1.,1.,1.,1.,
1.,1.,1.,1.,1.,1.,1.,1.,1.,1.,1.,1.,1.,1.,1.,1.,1.,1.),(0.333333333333333,
0.333333333333333,0.333333333333333,0.333333333333333,0.333333333333333,
0.333333333333333,0.333333333333333,0.333333333333333,0.333333333333333,
0.333333333333333,0.333333333333333,0.333333333333333,0.333333333333333,
0.333333333333333,0.333333333333333,0.333333333333333,0.333333333333333,
0.333333333333333,0.333333333333333,0.333333333333333,0.333333333333333,
0.333333333333333,0.333333333333333),(0.333333333333333,0.333333333333333,
0.333333333333333,0.333333333333333,0.333333333333333,0.333333333333333,
0.333333333333333,0.333333333333333,0.333333333333333,0.333333333333333,
0.333333333333333,0.333333333333333,0.333333333333333,0.333333333333333,
0.333333333333333,0.333333333333333,0.333333333333333,0.333333333333333,
0.333333333333333,0.333333333333333,0.333333333333333,0.333333333333333,
0.333333333333333),(1.,1.,1.,1.,1.,1.,1.,1.,1.,1.,1.,1.,1.,1.,1.,1.,1.,
1.,1.,1.,1.,1.,1.)))
REPRESENTATION_ITEM('')
SURFACE()
);
#23=ELLIPSE('',#879,38.8477762501094,27.);
#24=ELLIPSE('',#881,44.9292249068678,27.);
#25=ELLIPSE('',#882,34.9449527053416,21.);
#26=ELLIPSE('',#891,21.0184090963473,21.0000000000214);
#27=ELLIPSE('',#893,21.0184090872086,20.9999999892526);
#28=ELLIPSE('',#895,22.3998382825904,17.5);
#29=ELLIPSE('',#896,17.5005815315693,17.5);
#30=ELLIPSE('',#897,22.3998382825904,17.5);
#31=ELLIPSE('',#898,594.547630307414,17.5);
#32=ELLIPSE('',#899,594.547630307414,17.5);
#33=ELLIPSE('',#901,23.5004330586291,23.5);
#34=ELLIPSE('',#902,27.3450682040876,23.5);
#35=ELLIPSE('',#903,594.754474303608,23.5);
#36=ELLIPSE('',#904,594.754474303608,23.5);
#37=ELLIPSE('',#905,27.3450682040876,23.5);
#38=CIRCLE('',#878,27.);
#39=CIRCLE('',#880,27.);
#40=CIRCLE('',#884,21.);
#41=CIRCLE('',#886,21.);
#42=CYLINDRICAL_SURFACE('',#877,27.);
#43=CYLINDRICAL_SURFACE('',#892,21.);
#44=CYLINDRICAL_SURFACE('',#894,17.5);
#45=CYLINDRICAL_SURFACE('',#900,23.5);
#46=B_SPLINE_CURVE_WITH_KNOTS('',3,(#1519,#1520,#1521,#1522,#1523,#1524,
#1525,#1526),.UNSPECIFIED.,.F.,.F.,(4,2,2,4),(0.0773761794293431,1.88171299497538,
4.95524588066416,8.45698665740487),.UNSPECIFIED.);
#47=B_SPLINE_CURVE_WITH_KNOTS('',3,(#1528,#1529,#1530,#1531,#1532,#1533,
#1534,#1535,#1536,#1537),.UNSPECIFIED.,.F.,.F.,(4,2,2,2,4),(0.,1.03195639495044,
2.09262110239039,2.70291211315746,3.21316592920092),.UNSPECIFIED.);
#48=B_SPLINE_CURVE_WITH_KNOTS('',3,(#1539,#1540,#1541,#1542),
 .UNSPECIFIED.,.F.,.F.,(4,4),(0.290616534542883,0.29317873875001),
 .UNSPECIFIED.);
#49=B_SPLINE_CURVE_WITH_KNOTS('',3,(#1544,#1545,#1546,#1547,#1548,#1549,
#1550,#1551,#1552,#1553,#1554),.UNSPECIFIED.,.F.,.F.,(4,1,1,1,1,1,1,1,4),
(0.,0.474666575041529,0.949333150083059,1.89866630016612,2.84799945024918,
3.79733260033223,4.74666575041529,5.69599890049835,6.64533205058141),
 .UNSPECIFIED.);
#50=B_SPLINE_CURVE_WITH_KNOTS('',3,(#1556,#1557,#1558,#1559,#1560,#1561,
#1562,#1563,#1564,#1565,#1566,#1567,#1568,#1569,#1570,#1571,#1572,#1573,
#1574,#1575,#1576,#1577,#1578,#1579,#1580,#1581),.UNSPECIFIED.,.F.,.F.,
(4,2,2,2,2,2,2,2,2,2,2,2,4),(-0.0079269640144064,-0.00748297159607719,-0.00374148579803859,
-0.0018707428990193,0.,0.0030927479828962,0.0061854959657924,0.0123709919315848,
0.0247419838631696,0.0494839677263392,0.0989679354526784,0.197935870905357,
0.312121218308604),.UNSPECIFIED.);
#51=B_SPLINE_CURVE_WITH_KNOTS('',3,(#1583,#1584,#1585,#1586,#1587,#1588,
#1589,#1590,#1591,#1592,#1593,#1594,#1595,#1596,#1597,#1598),
 .UNSPECIFIED.,.F.,.F.,(4,2,2,2,2,2,2,4),(-4.25324766098288,-4.24048526570597,
-3.96167787125329,-3.68435326889214,-3.13940514678724,-2.11989137382653,
-1.05936087244928,0.),.UNSPECIFIED.);
#52=B_SPLINE_CURVE_WITH_KNOTS('',3,(#1599,#1600,#1601,#1602,#1603,#1604,
#1605,#1606),.UNSPECIFIED.,.F.,.F.,(4,2,2,4),(3.20580104513099,3.67792429675931,
4.24053042805507,4.25329299632376),.UNSPECIFIED.);
#53=B_SPLINE_CURVE_WITH_KNOTS('',3,(#1613,#1614,#1615,#1616,#1617,#1618,
#1619,#1620,#1621,#1622,#1623,#1624,#1625,#1626,#1627,#1628,#1629,#1630,
#1631,#1632),.UNSPECIFIED.,.F.,.F.,(4,2,1,1,2,2,2,2,1,1,1,1,4),(-4.06220049533552,
-3.8191565936524,-3.59763610799623,-3.37611562234005,-2.93307465102769,
-2.33408909237878,-1.92456647952441,-1.47497264314726,-1.10622973236045,
-0.921858276967045,-0.737486821573639,-0.368743910786828,-1.00000001612699E-6),
 .UNSPECIFIED.);
#54=B_SPLINE_CURVE_WITH_KNOTS('',3,(#1636,#1637,#1638,#1639,#1640,#1641,
#1642,#1643,#1644,#1645,#1646,#1647,#1648,#1649),.UNSPECIFIED.,.F.,.F.,
(4,1,1,1,1,1,1,1,1,1,1,4),(0.0342489303707455,0.43502754205864,0.835806153746535,
1.13639011251246,1.23658476543443,1.63736337712232,1.68746070358331,1.83775268296627,
2.03814198881022,2.43892060049811,2.70610634162338,2.839699212186),
 .UNSPECIFIED.);
#55=B_SPLINE_CURVE_WITH_KNOTS('',3,(#1656,#1657,#1658,#1659,#1660,#1661,
#1662,#1663,#1664,#1665,#1666),.UNSPECIFIED.,.F.,.F.,(4,1,1,1,1,1,1,1,4),
(2.839699212186,2.97329208274864,3.2404778238739,3.50766356499917,4.04203504724969,
4.44281365893759,4.84359227062548,5.24437088231338,5.64514949400127),
 .UNSPECIFIED.);
#56=B_SPLINE_CURVE_WITH_KNOTS('',3,(#1667,#1668,#1669,#1670,#1671,#1672,
#1673,#1674,#1675,#1676,#1677,#1678,#1679,#1680,#1681,#1682,#1683,#1684,
#1685,#1686),.UNSPECIFIED.,.F.,.F.,(4,1,1,1,1,2,2,2,2,1,1,2,4),(-3.87400041203244,
-3.52233167077459,-3.17066292951674,-2.99482855888781,-2.81899418825888,
-2.46732544700103,-2.03858824951901,-1.64805515841178,-1.07685856142402,
-0.654334060396374,-0.443071809882551,-0.231809559368729,-1.00000007918766E-6),
 .UNSPECIFIED.);
#57=B_SPLINE_CURVE_WITH_KNOTS('',3,(#1688,#1689,#1690,#1691,#1692,#1693,
#1694,#1695,#1696,#1697,#1698,#1699,#1700,#1701,#1702,#1703),
 .UNSPECIFIED.,.F.,.F.,(4,2,2,2,2,2,2,4),(-0.0127627961081128,0.,0.282010618725823,
0.562487321269854,1.11341039283665,2.14261690035907,3.20287618259214,4.24051878151272),
 .UNSPECIFIED.);
#58=B_SPLINE_CURVE_WITH_KNOTS('',3,(#1705,#1706,#1707,#1708,#1709,#1710,
#1711,#1712),.UNSPECIFIED.,.F.,.F.,(4,2,2,4),(-1.03473660715558,-0.556238768920243,
0.,0.0127629621631312),.UNSPECIFIED.);
#59=B_SPLINE_CURVE_WITH_KNOTS('',3,(#2133,#2134,#2135,#2136,#2137,#2138,
#2139,#2140,#2141,#2142,#2143,#2144,#2145,#2146,#2147,#2148,#2149,#2150,
#2151,#2152,#2153,#2154,#2155,#2156,#2157,#2158,#2159,#2160,#2161,#2162,
#2163,#2164,#2165,#2166,#2167,#2168,#2169,#2170,#2171,#2172,#2173,#2174,
#2175,#2176,#2177,#2178,#2179,#2180,#2181,#2182,#2183,#2184,#2185,#2186,
#2187,#2188,#2189,#2190,#2191,#2192,#2193,#2194,#2195,#2196,#2197,#2198,
#2199,#2200,#2201,#2202,#2203,#2204,#2205,#2206,#2207,#2208,#2209,#2210,
#2211,#2212,#2213,#2214,#2215,#2216,#2217,#2218,#2219,#2220,#2221,#2222,
#2223,#2224,#2225,#2226,#2227,#2228,#2229,#2230,#2231,#2232,#2233,#2234,
#2235,#2236,#2237,#2238),.UNSPECIFIED.,.F.,.F.,(4,3,3,3,3,3,3,3,3,3,3,3,
3,3,3,3,3,3,3,3,3,3,3,3,3,3,3,3,3,3,3,3,3,3,3,4),(0.160425382425456,0.166875376423149,
0.217219818565641,0.267166494349099,0.317113170132556,0.36429887077578,
0.410641159966885,0.455554225891165,0.480714745915934,0.498024794561928,
0.609556008416134,0.726418665713286,0.843281323010438,0.921893555414633,
1.07658175859706,1.23767640572476,1.40337183779115,1.57723562636746,1.61024440570445,
1.80348153659169,2.05947915640428,2.30950160000494,2.56459964754663,2.80451208134839,
2.81969769508832,3.16541881243647,3.46145130401633,3.49477198052955,3.76980111149012,
4.04603033010005,4.32351870523755,4.60232831455004,4.88330415433979,5.16555573754533,
5.4499416292842,5.66023458231887),.UNSPECIFIED.);
#60=B_SPLINE_CURVE_WITH_KNOTS('',3,(#2239,#2240,#2241,#2242,#2243,#2244,
#2245,#2246,#2247,#2248,#2249),.UNSPECIFIED.,.F.,.F.,(4,1,1,1,1,1,1,1,4),
(0.,0.474665267752445,0.949330535504889,1.89866107100978,2.84799160651467,
3.79732214201956,4.74665267752445,5.69598321302934,6.64531374853423),
 .UNSPECIFIED.);
#61=B_SPLINE_CURVE_WITH_KNOTS('',3,(#2250,#2251,#2252,#2253,#2254,#2255,
#2256,#2257,#2258,#2259),.UNSPECIFIED.,.F.,.F.,(4,2,2,2,4),(0.142820239406866,
1.02476193783243,2.00385823354057,2.74664098989473,3.35624375086595),
 .UNSPECIFIED.);
#62=B_SPLINE_CURVE_WITH_KNOTS('',3,(#2343,#2344,#2345,#2346,#2347,#2348,
#2349,#2350,#2351,#2352,#2353,#2354,#2355,#2356,#2357,#2358,#2359,#2360,
#2361,#2362),.UNSPECIFIED.,.F.,.F.,(4,2,1,1,2,2,2,2,1,1,1,1,4),(-4.06220049533552,
-3.8191565936524,-3.59763610799623,-3.37611562234005,-2.93307465102769,
-2.33408909237878,-1.92456647952441,-1.47497264314726,-1.10622973236045,
-0.921858276967045,-0.737486821573639,-0.368743910786828,-1.00000001612699E-6),
 .UNSPECIFIED.);
#63=B_SPLINE_CURVE_WITH_KNOTS('',3,(#2444,#2445,#2446,#2447,#2448,#2449,
#2450,#2451,#2452,#2453,#2454,#2455,#2456,#2457,#2458,#2459,#2460,#2461,
#2462,#2463,#2464,#2465,#2466,#2467,#2468,#2469,#2470,#2471,#2472,#2473,
#2474,#2475,#2476,#2477,#2478,#2479,#2480),.UNSPECIFIED.,.F.,.F.,(4,3,3,
3,3,3,3,3,3,3,3,3,4),(-3.87400041203244,-3.52233167077459,-3.17066292951674,
-2.99482855888781,-2.81899418825888,-2.46732544700103,-2.03858824951901,
-1.64805515841178,-1.07685856142402,-0.654334060396373,-0.443071809882551,
-0.231809559368728,-1.00000007874357E-6),.UNSPECIFIED.);
#64=B_SPLINE_CURVE_WITH_KNOTS('',3,(#2617,#2618,#2619,#2620,#2621,#2622,
#2623,#2624,#2625,#2626,#2627),.UNSPECIFIED.,.F.,.F.,(4,1,1,1,1,1,1,1,4),
(2.839699212186,2.97329208274864,3.2404778238739,3.50766356499917,4.04203504724969,
4.44281365893759,4.84359227062548,5.24437088231338,5.64514949400127),
 .UNSPECIFIED.);
#65=B_SPLINE_CURVE_WITH_KNOTS('',3,(#2628,#2629,#2630,#2631,#2632,#2633,
#2634,#2635,#2636,#2637,#2638,#2639,#2640,#2641),.UNSPECIFIED.,.F.,.F.,
(4,1,1,1,1,1,1,1,1,1,1,4),(0.0342489303707455,0.43502754205864,0.835806153746535,
1.13639011251246,1.23658476543443,1.63736337712232,1.68746070358331,1.83775268296627,
2.03814198881022,2.43892060049811,2.70610634162338,2.839699212186),
 .UNSPECIFIED.);
#66=B_SPLINE_CURVE_WITH_KNOTS('',3,(#2691,#2692,#2693,#2694,#2695,#2696,
#2697,#2698,#2699),.UNSPECIFIED.,.F.,.F.,(4,1,1,1,1,1,4),(0.,0.474665267752445,
0.949330535504889,1.89866107100978,2.84799160651467,3.79732214201956,4.29528126047646),
 .UNSPECIFIED.);
#67=B_SPLINE_CURVE_WITH_KNOTS('',3,(#2701,#2702,#2703,#2704,#2705,#2706),
 .UNSPECIFIED.,.F.,.F.,(4,1,1,4),(4.29528126047645,4.74665267752445,5.69598321302934,
6.64531374853423),.UNSPECIFIED.);
#68=B_SPLINE_CURVE_WITH_KNOTS('',3,(#2753,#2754,#2755,#2756,#2757,#2758,
#2759),.UNSPECIFIED.,.F.,.F.,(4,1,1,1,4),(0.,0.474666575041529,0.949333150083059,
1.89866630016612,2.35275080255123),.UNSPECIFIED.);
#69=B_SPLINE_CURVE_WITH_KNOTS('',3,(#2760,#2761,#2762,#2763,#2764,#2765,
#2766,#2767),.UNSPECIFIED.,.F.,.F.,(4,1,1,1,1,4),(2.35275080255123,2.84799945024918,
3.79733260033223,4.74666575041529,5.69599890049835,6.64533205058141),
 .UNSPECIFIED.);
#70=B_SPLINE_CURVE_WITH_KNOTS('',3,(#3058,#3059,#3060,#3061,#3062,#3063,
#3064,#3065,#3066,#3067,#3068,#3069,#3070,#3071,#3072,#3073,#3074,#3075,
#3076,#3077,#3078,#3079,#3080,#3081,#3082,#3083,#3084,#3085,#3086,#3087,
#3088,#3089,#3090,#3091,#3092,#3093,#3094,#3095,#3096,#3097,#3098,#3099,
#3100,#3101,#3102,#3103,#3104,#3105,#3106,#3107,#3108,#3109,#3110,#3111,
#3112,#3113,#3114,#3115,#3116,#3117,#3118,#3119,#3120,#3121,#3122,#3123,
#3124,#3125,#3126,#3127,#3128,#3129,#3130,#3131,#3132,#3133,#3134,#3135,
#3136,#3137,#3138,#3139,#3140,#3141,#3142,#3143,#3144,#3145,#3146,#3147,
#3148,#3149,#3150,#3151,#3152,#3153,#3154,#3155,#3156,#3157,#3158,#3159,
#3160,#3161,#3162,#3163,#3164,#3165,#3166,#3167,#3168,#3169,#3170,#3171,
#3172,#3173,#3174,#3175),.UNSPECIFIED.,.F.,.F.,(4,3,3,3,3,3,3,3,3,3,3,3,
3,3,3,3,3,3,3,3,3,3,3,3,3,3,3,3,3,3,3,3,3,3,3,3,3,3,3,4),(0.0327479986860469,
0.033721541589074,0.0346888195673129,0.0347993508215373,0.0353182755917226,
0.0358250268892825,0.0367869027516441,0.0368507029570277,0.0378763790247728,
0.0388648780917793,0.0398528133528972,0.0408370972661328,0.0409534072280084,
0.0416079475083112,0.0422617408698333,0.0429156955136788,0.0430047593634987,
0.0439757047880881,0.0449524926422844,0.045056111498989,0.0460817875667342,
0.0470637576269064,0.0480424133683438,0.0490138795699402,0.0491588157699696,
0.0500376567259357,0.0509177625523104,0.0512101679054598,0.052235843973205,
0.0532615200409501,0.0542871961086952,0.0553128721764403,0.055945477172657,
0.0565775276841267,0.0572101223657449,0.0573642243119306,0.0583471237802514,
0.0593334780889229,0.0603217763177255,0.0605325086822095),.UNSPECIFIED.);
#71=B_SPLINE_CURVE_WITH_KNOTS('',3,(#3176,#3177,#3178,#3179,#3180,#3181,
#3182,#3183,#3184,#3185,#3186,#3187,#3188,#3189,#3190,#3191),
 .UNSPECIFIED.,.F.,.F.,(4,2,2,2,2,2,2,4),(0.00503264114696939,0.0061854959657924,
0.0123709919315848,0.0247419838631696,0.0494839677263392,0.0989679354526784,
0.197935870905357,0.29317873875001),.UNSPECIFIED.);
#72=B_SPLINE_CURVE_WITH_KNOTS('',3,(#3193,#3194,#3195,#3196,#3197,#3198,
#3199,#3200,#3201,#3202,#3203,#3204,#3205,#3206,#3207,#3208,#3209,#3210,
#3211,#3212,#3213,#3214),.UNSPECIFIED.,.F.,.F.,(4,2,2,2,2,2,2,2,2,2,4),
(-0.00616541645435019,-0.0018707428990193,0.,0.0030927479828962,0.0061854959657924,
0.0123709919315848,0.0247419838631696,0.0494839677263392,0.0989679354526784,
0.197935870905357,0.312121218308603),.UNSPECIFIED.);
#73=B_SPLINE_CURVE_WITH_KNOTS('',3,(#3217,#3218,#3219,#3220,#3221,#3222,
#3223,#3224,#3225,#3226,#3227,#3228,#3229,#3230,#3231,#3232,#3233,#3234,
#3235,#3236,#3237,#3238),.UNSPECIFIED.,.F.,.F.,(4,3,3,3,3,3,3,4),(0.0605325086822095,
0.0614669285829109,0.0624985801077986,0.0635182807184012,0.0645439567861463,
0.0650567948200187,0.0653563830022838,0.0655696328538912),.UNSPECIFIED.);
#74=B_SPLINE_CURVE_WITH_KNOTS('',3,(#3245,#3246,#3247,#3248,#3249,#3250,
#3251,#3252,#3253,#3254,#3255,#3256,#3257,#3258,#3259,#3260,#3261,#3262,
#3263,#3264,#3265,#3266,#3267,#3268,#3269),.UNSPECIFIED.,.F.,.F.,(4,3,3,
3,3,3,3,3,4),(-0.000100232194892304,0.000195566639976831,0.000413021412622284,
0.000926275020136903,0.00189723977659787,0.00195278223516635,0.00297928945019573,
0.0040057966652251,0.00496271752076653),.UNSPECIFIED.);
#75=B_SPLINE_CURVE_WITH_KNOTS('',3,(#3270,#3271,#3272,#3273,#3274,#3275,
#3276,#3277,#3278,#3279,#3280,#3281,#3282,#3283,#3284,#3285,#3286,#3287,
#3288,#3289,#3290,#3291,#3292,#3293,#3294,#3295,#3296,#3297,#3298,#3299,
#3300,#3301,#3302,#3303,#3304,#3305,#3306,#3307,#3308,#3309,#3310,#3311,
#3312,#3313,#3314,#3315,#3316,#3317,#3318,#3319,#3320,#3321,#3322,#3323,
#3324,#3325,#3326,#3327,#3328,#3329,#3330,#3331,#3332,#3333,#3334,#3335,
#3336,#3337,#3338,#3339,#3340,#3341,#3342,#3343,#3344,#3345,#3346,#3347,
#3348,#3349,#3350,#3351,#3352,#3353,#3354,#3355,#3356,#3357,#3358,#3359,
#3360,#3361,#3362,#3363,#3364,#3365,#3366,#3367,#3368,#3369,#3370,#3371,
#3372,#3373,#3374,#3375,#3376,#3377,#3378,#3379,#3380,#3381,#3382,#3383,
#3384),.UNSPECIFIED.,.F.,.F.,(4,3,3,3,3,3,3,3,3,3,3,3,3,3,3,3,3,3,3,3,3,
3,3,3,3,3,3,3,3,3,3,3,3,3,3,3,3,3,4),(0.0049627175207665,0.00594020265726998,
0.00605881109528385,0.00669020504888552,0.00732112764382698,0.00795271983634614,
0.00811182552534259,0.00913833274037193,0.01012617419829,0.0111147041101675,
0.0121012650810748,0.0122178543854599,0.0132474029750429,0.0142708688155186,
0.0152314670048697,0.016199208434232,0.0163238832455773,0.0173503904606067,
0.0183370257681898,0.0193214975332894,0.020300233991923,0.0204299121056948,
0.0210747415268805,0.0217193626423579,0.0223649411870026,0.0224829265357535,
0.0235094337507828,0.0245359409658122,0.0255624481808416,0.0265889553958709,
0.0275524017703967,0.0276154626109002,0.0281398255065909,0.0286419698259296,
0.0296156452052686,0.0305973006455105,0.031581313718437,0.0325656904403465,
0.0327479986860469),.UNSPECIFIED.);
#76=B_SPLINE_CURVE_WITH_KNOTS('',3,(#3693,#3694,#3695,#3696,#3697,#3698),
 .UNSPECIFIED.,.F.,.F.,(4,1,1,4),(-1.07685856142402,-0.714694703400323,
-0.473252131384526,-0.231809559368729),.UNSPECIFIED.);
#77=B_SPLINE_CURVE_WITH_KNOTS('',3,(#3701,#3702,#3703,#3704,#3705,#3706,
#3707,#3708,#3709,#3710),.UNSPECIFIED.,.F.,.F.,(4,3,3,4),(-1.07685856142402,
-0.714694703400327,-0.473252131384529,-0.231809559368731),.UNSPECIFIED.);
#78=B_SPLINE_CURVE_WITH_KNOTS('',3,(#3728,#3729,#3730,#3731),
 .UNSPECIFIED.,.F.,.F.,(4,4),(-1.64805515841178,-1.07685856142402),
 .UNSPECIFIED.);
#79=B_SPLINE_CURVE_WITH_KNOTS('',3,(#3734,#3735,#3736,#3737),
 .UNSPECIFIED.,.F.,.F.,(4,4),(-1.64805515841179,-1.07685856142402),
 .UNSPECIFIED.);
#80=B_SPLINE_CURVE_WITH_KNOTS('',3,(#3755,#3756,#3757,#3758),
 .UNSPECIFIED.,.F.,.F.,(4,4),(-2.03858824951901,-1.64805515841178),
 .UNSPECIFIED.);
#81=B_SPLINE_CURVE_WITH_KNOTS('',3,(#3761,#3762,#3763,#3764),
 .UNSPECIFIED.,.F.,.F.,(4,4),(-2.03858821618098,-1.64805515841179),
 .UNSPECIFIED.);
#82=B_SPLINE_CURVE_WITH_KNOTS('',3,(#3782,#3783,#3784,#3785),
 .UNSPECIFIED.,.F.,.F.,(4,4),(-2.46732544700103,-2.03858824951901),
 .UNSPECIFIED.);
#83=B_SPLINE_CURVE_WITH_KNOTS('',3,(#3788,#3789,#3790,#3791),
 .UNSPECIFIED.,.F.,.F.,(4,4),(-2.46732544700103,-2.03858821618098),
 .UNSPECIFIED.);
#84=B_SPLINE_CURVE_WITH_KNOTS('',3,(#3829,#3830,#3831,#3832,#3833,#3834,
#3835,#3836,#3837),.UNSPECIFIED.,.F.,.F.,(4,1,1,1,1,1,4),(-3.87400041203244,
-3.67304684559938,-3.27113971273327,-3.07018614630021,-2.86923257986715,
-2.66827901343409,-2.46732544700103),.UNSPECIFIED.);
#85=B_SPLINE_CURVE_WITH_KNOTS('',3,(#3840,#3841,#3842,#3843,#3844,#3845,
#3846,#3847,#3848,#3849,#3850,#3851,#3852,#3853,#3854,#3855,#3856,#3857,
#3858),.UNSPECIFIED.,.F.,.F.,(4,3,3,3,3,3,4),(-3.87400041203244,-3.67304684559938,
-3.27113971273327,-3.07018614630021,-2.86923257986715,-2.66827901343409,
-2.46732544700103),.UNSPECIFIED.);
#86=B_SPLINE_CURVE_WITH_KNOTS('',3,(#3899,#3900,#3901,#3902,#3903,#3904,
#3905,#3906,#3907),.UNSPECIFIED.,.F.,.F.,(4,1,1,1,1,1,4),(0.,0.286599685907106,
0.382132914542808,0.764265829085616,1.14639874362842,1.91066457271404,2.67493040179966),
 .UNSPECIFIED.);
#87=B_SPLINE_CURVE_WITH_KNOTS('',3,(#3910,#3911,#3912,#3913,#3914,#3915,
#3916,#3917,#3918),.UNSPECIFIED.,.F.,.F.,(4,1,1,1,1,1,4),(0.,0.286599685907106,
0.382132914542808,0.764265829085616,1.14639874362842,1.91066457271404,2.67493040179966),
 .UNSPECIFIED.);
#88=B_SPLINE_CURVE_WITH_KNOTS('',3,(#3939,#3940,#3941,#3942),
 .UNSPECIFIED.,.F.,.F.,(4,4),(-1.92456647952441,-1.47497264314726),
 .UNSPECIFIED.);
#89=B_SPLINE_CURVE_WITH_KNOTS('',3,(#3945,#3946,#3947,#3948),
 .UNSPECIFIED.,.F.,.F.,(4,4),(-1.92456647952441,-1.47497264354896),
 .UNSPECIFIED.);
#90=B_SPLINE_CURVE_WITH_KNOTS('',3,(#3966,#3967,#3968,#3969),
 .UNSPECIFIED.,.F.,.F.,(4,4),(-2.33408909237878,-1.92456647952441),
 .UNSPECIFIED.);
#91=B_SPLINE_CURVE_WITH_KNOTS('',3,(#3972,#3973,#3974,#3975),
 .UNSPECIFIED.,.F.,.F.,(4,4),(-2.33408909237878,-1.92456647952441),
 .UNSPECIFIED.);
#92=B_SPLINE_CURVE_WITH_KNOTS('',3,(#3993,#3994,#3995,#3996),
 .UNSPECIFIED.,.F.,.F.,(4,4),(-2.93307465102769,-2.33408909237878),
 .UNSPECIFIED.);
#93=B_SPLINE_CURVE_WITH_KNOTS('',3,(#3999,#4000,#4001,#4002),
 .UNSPECIFIED.,.F.,.F.,(4,4),(-2.93307465102769,-2.33408909237878),
 .UNSPECIFIED.);
#94=B_SPLINE_CURVE_WITH_KNOTS('',3,(#4032,#4033,#4034,#4035,#4036,#4037,
#4038),.UNSPECIFIED.,.F.,.F.,(4,1,1,1,4),(-3.8191565936524,-3.69257345899173,
-3.43940718967039,-3.18624092034904,-2.93307465102769),.UNSPECIFIED.);
#95=B_SPLINE_CURVE_WITH_KNOTS('',3,(#4041,#4042,#4043,#4044,#4045,#4046,
#4047),.UNSPECIFIED.,.F.,.F.,(4,1,1,1,4),(-3.8191565936524,-3.69257345899173,
-3.43940718967039,-3.18624092034904,-2.93307465102769),.UNSPECIFIED.);
#96=B_SPLINE_CURVE_WITH_KNOTS('',3,(#4065,#4066,#4067,#4068),
 .UNSPECIFIED.,.F.,.F.,(4,4),(-4.06220049533552,-3.8191565936524),
 .UNSPECIFIED.);
#97=B_SPLINE_CURVE_WITH_KNOTS('',3,(#4071,#4072,#4073,#4074),
 .UNSPECIFIED.,.F.,.F.,(4,4),(-4.06220049533552,-3.8191565936524),
 .UNSPECIFIED.);
#98=B_SPLINE_CURVE_WITH_KNOTS('',3,(#4103,#4104,#4105,#4106,#4107,#4108,
#4109),.UNSPECIFIED.,.F.,.F.,(4,3,4),(0.,0.637558066418541,1.17887410845938),
 .UNSPECIFIED.);
#99=B_SPLINE_CURVE_WITH_KNOTS('',3,(#4112,#4113,#4114,#4115,#4116,#4117),
 .UNSPECIFIED.,.F.,.F.,(4,1,1,4),(0.,0.336821173845536,0.505231760768304,
1.17887410845938),.UNSPECIFIED.);
#100=B_SPLINE_CURVE_WITH_KNOTS('',3,(#4279,#4280,#4281,#4282,#4283,#4284,
#4285,#4286,#4287,#4288,#4289,#4290,#4291,#4292,#4293,#4294,#4295,#4296),
 .UNSPECIFIED.,.F.,.F.,(4,2,2,2,2,2,2,2,4),(0.0157423875073583,0.0394010124599689,
0.0591015186899534,0.0788020249199378,0.10758946164119,0.136376898362442,
0.193951771804946,0.309101518689953,0.520208084708736),.UNSPECIFIED.);
#101=B_SPLINE_CURVE_WITH_KNOTS('',3,(#4297,#4298,#4299,#4300,#4301,#4302,
#4303,#4304,#4305,#4306,#4307,#4308,#4309,#4310,#4311,#4312),
 .UNSPECIFIED.,.F.,.F.,(4,3,3,3,3,4),(-1.47497264354896,-1.26426240875625,
-1.05355217396355,-0.842841939170841,-0.421421469585428,-1.00000001590494E-6),
 .UNSPECIFIED.);
#102=B_SPLINE_CURVE_WITH_KNOTS('',3,(#4313,#4314,#4315,#4316,#4317,#4318,
#4319,#4320,#4321,#4322),.UNSPECIFIED.,.F.,.F.,(4,2,2,2,4),(0.138468400543061,
0.193951771804946,0.309101518689953,0.539401012459969,0.600279255979613),
 .UNSPECIFIED.);
#103=B_SPLINE_CURVE_WITH_KNOTS('',3,(#4323,#4324,#4325,#4326,#4327,#4328,
#4329,#4330,#4331),.UNSPECIFIED.,.F.,.F.,(4,1,1,1,1,1,4),(1.17887410845938,
1.94245990196784,2.32425279872207,3.08783859223053,3.18328681641909,3.46963148898477,
3.851424385739),.UNSPECIFIED.);
#104=B_SPLINE_CURVE_WITH_KNOTS('',3,(#4493,#4494,#4495,#4496),
 .UNSPECIFIED.,.F.,.F.,(4,4),(-0.231809559368731,-1.0000000790774E-6),
 .UNSPECIFIED.);
#105=B_SPLINE_CURVE_WITH_KNOTS('',3,(#4497,#4498,#4499,#4500,#4501,#4502),
 .UNSPECIFIED.,.F.,.F.,(4,1,1,4),(2.67493040179966,3.3476854034212,3.51587415382659,
3.85225165463736),.UNSPECIFIED.);
#106=B_SPLINE_CURVE_WITH_KNOTS('',3,(#4763,#4764,#4765,#4766,#4767,#4768,
#4769,#4770,#4771),.UNSPECIFIED.,.F.,.F.,(4,1,1,1,1,1,4),(1.17887410845938,
1.94245990196784,2.32425279872207,3.08783859223053,3.18328681641909,3.46963148898477,
3.851424385739),.UNSPECIFIED.);
#107=B_SPLINE_CURVE_WITH_KNOTS('',3,(#4772,#4773,#4774,#4775,#4776,#4777,
#4778,#4779,#4780,#4781),.UNSPECIFIED.,.F.,.F.,(4,2,2,2,4),(0.138468597909476,
0.19395206507771,0.309101969009585,0.539401476636162,0.600279388498946),
 .UNSPECIFIED.);
#108=B_SPLINE_CURVE_WITH_KNOTS('',3,(#4782,#4783,#4784,#4785,#4786,#4787,
#4788,#4789),.UNSPECIFIED.,.F.,.F.,(4,1,1,1,1,4),(-1.47497264314726,-1.26426240841194,
-1.05355217367662,-0.8428419389413,-0.421421469470658,-1.00000001612699E-6),
 .UNSPECIFIED.);
#109=B_SPLINE_CURVE_WITH_KNOTS('',3,(#4790,#4791,#4792,#4793,#4794,#4795,
#4796,#4797,#4798,#4799,#4800,#4801,#4802,#4803,#4804,#4805,#4806,#4807),
 .UNSPECIFIED.,.F.,.F.,(4,2,2,2,2,2,2,2,4),(0.0157423874694878,0.0394010124599689,
0.0591015320138508,0.078801963680779,0.10758960219467,0.136377091778046,
0.19395206507771,0.309101969009585,0.520208598879034),.UNSPECIFIED.);
#110=B_SPLINE_CURVE_WITH_KNOTS('',3,(#5108,#5109,#5110,#5111,#5112,#5113,
#5114),.UNSPECIFIED.,.F.,.F.,(4,3,4),(2.67493040179966,3.33777635738675,
3.85225165463736),.UNSPECIFIED.);
#111=B_SPLINE_CURVE_WITH_KNOTS('',3,(#5115,#5116,#5117,#5118),
 .UNSPECIFIED.,.F.,.F.,(4,4),(-0.231809559368729,-1.00000007918766E-6),
 .UNSPECIFIED.);
#112=B_SPLINE_CURVE_WITH_KNOTS('',3,(#5239,#5240,#5241,#5242,#5243,#5244,
#5245,#5246,#5247,#5248,#5249,#5250,#5251,#5252,#5253,#5254,#5255,#5256,
#5257,#5258,#5259,#5260,#5261,#5262),.UNSPECIFIED.,.F.,.F.,(4,1,1,1,1,1,
1,1,1,1,1,1,1,1,1,1,1,1,1,1,1,4),(0.0342489303707455,0.835806153746535,
1.13639011251246,1.18648743897344,1.21153610220394,1.22406043381918,1.23658476543443,
1.63736337712232,1.68746070358331,1.7375580300443,1.83775268296627,2.03814198881022,
2.43892060049811,2.70610634162338,2.97329208274864,3.2404778238739,3.50766356499917,
4.04203504724969,4.44281365893759,4.84359227062548,5.24437088231338,5.64514949400127),
 .UNSPECIFIED.);
#113=B_SPLINE_CURVE_WITH_KNOTS('',3,(#5274,#5275,#5276,#5277,#5278,#5279,
#5280,#5281,#5282,#5283,#5284,#5285,#5286,#5287,#5288,#5289,#5290,#5291,
#5292,#5293,#5294,#5295,#5296,#5297),.UNSPECIFIED.,.F.,.F.,(4,1,1,1,1,1,
1,1,1,1,1,1,1,1,1,1,1,1,1,1,1,4),(0.0342489303707455,0.835806153746535,
1.13639011251246,1.18648743897344,1.21153610220394,1.22406043381918,1.23658476543443,
1.63736337712232,1.68746070358331,1.7375580300443,1.83775268296627,2.03814198881022,
2.43892060049811,2.70610634162338,2.97329208274864,3.2404778238739,3.50766356499917,
4.04203504724969,4.44281365893759,4.84359227062548,5.24437088231338,5.64514949400127),
 .UNSPECIFIED.);
#114=B_SPLINE_SURFACE_WITH_KNOTS('',3,3,((#1023,#1024,#1025,#1026,#1027,
#1028,#1029,#1030,#1031,#1032,#1033,#1034,#1035,#1036,#1037,#1038,#1039,
#1040,#1041,#1042,#1043,#1044,#1045,#1046,#1047,#1048),(#1049,#1050,#1051,
#1052,#1053,#1054,#1055,#1056,#1057,#1058,#1059,#1060,#1061,#1062,#1063,
#1064,#1065,#1066,#1067,#1068,#1069,#1070,#1071,#1072,#1073,#1074),(#1075,
#1076,#1077,#1078,#1079,#1080,#1081,#1082,#1083,#1084,#1085,#1086,#1087,
#1088,#1089,#1090,#1091,#1092,#1093,#1094,#1095,#1096,#1097,#1098,#1099,
#1100),(#1101,#1102,#1103,#1104,#1105,#1106,#1107,#1108,#1109,#1110,#1111,
#1112,#1113,#1114,#1115,#1116,#1117,#1118,#1119,#1120,#1121,#1122,#1123,
#1124,#1125,#1126),(#1127,#1128,#1129,#1130,#1131,#1132,#1133,#1134,#1135,
#1136,#1137,#1138,#1139,#1140,#1141,#1142,#1143,#1144,#1145,#1146,#1147,
#1148,#1149,#1150,#1151,#1152),(#1153,#1154,#1155,#1156,#1157,#1158,#1159,
#1160,#1161,#1162,#1163,#1164,#1165,#1166,#1167,#1168,#1169,#1170,#1171,
#1172,#1173,#1174,#1175,#1176,#1177,#1178),(#1179,#1180,#1181,#1182,#1183,
#1184,#1185,#1186,#1187,#1188,#1189,#1190,#1191,#1192,#1193,#1194,#1195,
#1196,#1197,#1198,#1199,#1200,#1201,#1202,#1203,#1204),(#1205,#1206,#1207,
#1208,#1209,#1210,#1211,#1212,#1213,#1214,#1215,#1216,#1217,#1218,#1219,
#1220,#1221,#1222,#1223,#1224,#1225,#1226,#1227,#1228,#1229,#1230),(#1231,
#1232,#1233,#1234,#1235,#1236,#1237,#1238,#1239,#1240,#1241,#1242,#1243,
#1244,#1245,#1246,#1247,#1248,#1249,#1250,#1251,#1252,#1253,#1254,#1255,
#1256),(#1257,#1258,#1259,#1260,#1261,#1262,#1263,#1264,#1265,#1266,#1267,
#1268,#1269,#1270,#1271,#1272,#1273,#1274,#1275,#1276,#1277,#1278,#1279,
#1280,#1281,#1282),(#1283,#1284,#1285,#1286,#1287,#1288,#1289,#1290,#1291,
#1292,#1293,#1294,#1295,#1296,#1297,#1298,#1299,#1300,#1301,#1302,#1303,
#1304,#1305,#1306,#1307,#1308),(#1309,#1310,#1311,#1312,#1313,#1314,#1315,
#1316,#1317,#1318,#1319,#1320,#1321,#1322,#1323,#1324,#1325,#1326,#1327,
#1328,#1329,#1330,#1331,#1332,#1333,#1334),(#1335,#1336,#1337,#1338,#1339,
#1340,#1341,#1342,#1343,#1344,#1345,#1346,#1347,#1348,#1349,#1350,#1351,
#1352,#1353,#1354,#1355,#1356,#1357,#1358,#1359,#1360),(#1361,#1362,#1363,
#1364,#1365,#1366,#1367,#1368,#1369,#1370,#1371,#1372,#1373,#1374,#1375,
#1376,#1377,#1378,#1379,#1380,#1381,#1382,#1383,#1384,#1385,#1386),(#1387,
#1388,#1389,#1390,#1391,#1392,#1393,#1394,#1395,#1396,#1397,#1398,#1399,
#1400,#1401,#1402,#1403,#1404,#1405,#1406,#1407,#1408,#1409,#1410,#1411,
#1412),(#1413,#1414,#1415,#1416,#1417,#1418,#1419,#1420,#1421,#1422,#1423,
#1424,#1425,#1426,#1427,#1428,#1429,#1430,#1431,#1432,#1433,#1434,#1435,
#1436,#1437,#1438),(#1439,#1440,#1441,#1442,#1443,#1444,#1445,#1446,#1447,
#1448,#1449,#1450,#1451,#1452,#1453,#1454,#1455,#1456,#1457,#1458,#1459,
#1460,#1461,#1462,#1463,#1464),(#1465,#1466,#1467,#1468,#1469,#1470,#1471,
#1472,#1473,#1474,#1475,#1476,#1477,#1478,#1479,#1480,#1481,#1482,#1483,
#1484,#1485,#1486,#1487,#1488,#1489,#1490),(#1491,#1492,#1493,#1494,#1495,
#1496,#1497,#1498,#1499,#1500,#1501,#1502,#1503,#1504,#1505,#1506,#1507,
#1508,#1509,#1510,#1511,#1512,#1513,#1514,#1515,#1516)),.UNSPECIFIED.,.F.,
 .F.,.F.,(4,1,1,1,1,1,1,1,1,1,1,1,1,1,1,1,4),(4,2,2,2,2,2,2,2,2,2,2,2,4),
(0.5,0.571428571428571,0.607142857142857,0.642857142857143,0.647321428571428,
0.651785714285714,0.660714285714286,0.678571428571428,0.714285714285714,
0.738095238095238,0.761904761904762,0.785714285714286,0.809523809523809,
0.857142857142857,0.892857142857143,0.928571428571428,1.),(-0.0079269640144064,
-0.00748297159607719,-0.00374148579803859,-0.0018707428990193,0.,0.0030927479828962,
0.0061854959657924,0.0123709919315848,0.0247419838631696,0.0494839677263392,
0.0989679354526784,0.197935870905357,0.312121218308604),.UNSPECIFIED.);
#115=B_SPLINE_SURFACE_WITH_KNOTS('',3,3,((#1716,#1717,#1718,#1719,#1720,
#1721,#1722,#1723,#1724,#1725,#1726,#1727,#1728,#1729,#1730,#1731,#1732,
#1733,#1734,#1735,#1736,#1737,#1738,#1739,#1740,#1741),(#1742,#1743,#1744,
#1745,#1746,#1747,#1748,#1749,#1750,#1751,#1752,#1753,#1754,#1755,#1756,
#1757,#1758,#1759,#1760,#1761,#1762,#1763,#1764,#1765,#1766,#1767),(#1768,
#1769,#1770,#1771,#1772,#1773,#1774,#1775,#1776,#1777,#1778,#1779,#1780,
#1781,#1782,#1783,#1784,#1785,#1786,#1787,#1788,#1789,#1790,#1791,#1792,
#1793),(#1794,#1795,#1796,#1797,#1798,#1799,#1800,#1801,#1802,#1803,#1804,
#1805,#1806,#1807,#1808,#1809,#1810,#1811,#1812,#1813,#1814,#1815,#1816,
#1817,#1818,#1819),(#1820,#1821,#1822,#1823,#1824,#1825,#1826,#1827,#1828,
#1829,#1830,#1831,#1832,#1833,#1834,#1835,#1836,#1837,#1838,#1839,#1840,
#1841,#1842,#1843,#1844,#1845),(#1846,#1847,#1848,#1849,#1850,#1851,#1852,
#1853,#1854,#1855,#1856,#1857,#1858,#1859,#1860,#1861,#1862,#1863,#1864,
#1865,#1866,#1867,#1868,#1869,#1870,#1871),(#1872,#1873,#1874,#1875,#1876,
#1877,#1878,#1879,#1880,#1881,#1882,#1883,#1884,#1885,#1886,#1887,#1888,
#1889,#1890,#1891,#1892,#1893,#1894,#1895,#1896,#1897),(#1898,#1899,#1900,
#1901,#1902,#1903,#1904,#1905,#1906,#1907,#1908,#1909,#1910,#1911,#1912,
#1913,#1914,#1915,#1916,#1917,#1918,#1919,#1920,#1921,#1922,#1923),(#1924,
#1925,#1926,#1927,#1928,#1929,#1930,#1931,#1932,#1933,#1934,#1935,#1936,
#1937,#1938,#1939,#1940,#1941,#1942,#1943,#1944,#1945,#1946,#1947,#1948,
#1949),(#1950,#1951,#1952,#1953,#1954,#1955,#1956,#1957,#1958,#1959,#1960,
#1961,#1962,#1963,#1964,#1965,#1966,#1967,#1968,#1969,#1970,#1971,#1972,
#1973,#1974,#1975),(#1976,#1977,#1978,#1979,#1980,#1981,#1982,#1983,#1984,
#1985,#1986,#1987,#1988,#1989,#1990,#1991,#1992,#1993,#1994,#1995,#1996,
#1997,#1998,#1999,#2000,#2001),(#2002,#2003,#2004,#2005,#2006,#2007,#2008,
#2009,#2010,#2011,#2012,#2013,#2014,#2015,#2016,#2017,#2018,#2019,#2020,
#2021,#2022,#2023,#2024,#2025,#2026,#2027),(#2028,#2029,#2030,#2031,#2032,
#2033,#2034,#2035,#2036,#2037,#2038,#2039,#2040,#2041,#2042,#2043,#2044,
#2045,#2046,#2047,#2048,#2049,#2050,#2051,#2052,#2053),(#2054,#2055,#2056,
#2057,#2058,#2059,#2060,#2061,#2062,#2063,#2064,#2065,#2066,#2067,#2068,
#2069,#2070,#2071,#2072,#2073,#2074,#2075,#2076,#2077,#2078,#2079),(#2080,
#2081,#2082,#2083,#2084,#2085,#2086,#2087,#2088,#2089,#2090,#2091,#2092,
#2093,#2094,#2095,#2096,#2097,#2098,#2099,#2100,#2101,#2102,#2103,#2104,
#2105),(#2106,#2107,#2108,#2109,#2110,#2111,#2112,#2113,#2114,#2115,#2116,
#2117,#2118,#2119,#2120,#2121,#2122,#2123,#2124,#2125,#2126,#2127,#2128,
#2129,#2130,#2131)),.UNSPECIFIED.,.F.,.F.,.F.,(4,1,1,1,1,1,1,1,1,1,1,1,
1,4),(4,2,2,2,2,2,2,2,2,2,2,2,4),(-2.89453402191255E-30,0.0714285714285714,
0.107142857142857,0.142857142857143,0.178571428571429,0.214285714285714,
0.261904761904762,0.273809523809524,0.285714285714286,0.333333333333333,
0.357142857142857,0.392857142857143,0.428571428571429,0.5),(-0.0079269640144063,
-0.00748297159607719,-0.00374148579803859,-0.0018707428990193,0.,0.0030927479828962,
0.0061854959657924,0.0123709919315848,0.0247419838631696,0.0494839677263392,
0.0989679354526784,0.197935870905357,0.312121218308604),.UNSPECIFIED.);
#116=B_SPLINE_SURFACE_WITH_KNOTS('',3,3,((#2260,#2261,#2262,#2263),(#2264,
#2265,#2266,#2267),(#2268,#2269,#2270,#2271),(#2272,#2273,#2274,#2275),
(#2276,#2277,#2278,#2279),(#2280,#2281,#2282,#2283),(#2284,#2285,#2286,
#2287),(#2288,#2289,#2290,#2291),(#2292,#2293,#2294,#2295),(#2296,#2297,
#2298,#2299),(#2300,#2301,#2302,#2303),(#2304,#2305,#2306,#2307),(#2308,
#2309,#2310,#2311),(#2312,#2313,#2314,#2315),(#2316,#2317,#2318,#2319),
(#2320,#2321,#2322,#2323),(#2324,#2325,#2326,#2327),(#2328,#2329,#2330,
#2331),(#2332,#2333,#2334,#2335),(#2336,#2337,#2338,#2339)),
 .UNSPECIFIED.,.F.,.F.,.F.,(4,2,1,1,2,2,2,2,1,1,1,1,4),(4,4),(-4.06220049533552,
-3.8191565936524,-3.59763610799623,-3.37611562234005,-2.93307465102769,
-2.33408909237878,-1.92456647952441,-1.47497264314726,-1.10622973236045,
-0.921858276967045,-0.737486821573639,-0.368743910786828,-1.00000001612699E-6),
(-0.6,0.),.UNSPECIFIED.);
#117=B_SPLINE_SURFACE_WITH_KNOTS('',3,3,((#2364,#2365,#2366,#2367),(#2368,
#2369,#2370,#2371),(#2372,#2373,#2374,#2375),(#2376,#2377,#2378,#2379),
(#2380,#2381,#2382,#2383),(#2384,#2385,#2386,#2387),(#2388,#2389,#2390,
#2391),(#2392,#2393,#2394,#2395),(#2396,#2397,#2398,#2399),(#2400,#2401,
#2402,#2403),(#2404,#2405,#2406,#2407),(#2408,#2409,#2410,#2411),(#2412,
#2413,#2414,#2415),(#2416,#2417,#2418,#2419),(#2420,#2421,#2422,#2423),
(#2424,#2425,#2426,#2427),(#2428,#2429,#2430,#2431),(#2432,#2433,#2434,
#2435),(#2436,#2437,#2438,#2439),(#2440,#2441,#2442,#2443)),
 .UNSPECIFIED.,.F.,.F.,.F.,(4,1,1,1,1,2,2,2,2,1,1,2,4),(4,4),(-3.87400041203244,
-3.52233167077459,-3.17066292951674,-2.99482855888781,-2.81899418825888,
-2.46732544700103,-2.03858824951901,-1.64805515841178,-1.07685856142402,
-0.654334060396374,-0.443071809882551,-0.231809559368729,-1.00000007918766E-6),
(-0.6,0.),.UNSPECIFIED.);
#118=B_SPLINE_SURFACE_WITH_KNOTS('',3,3,((#2481,#2482,#2483,#2484),(#2485,
#2486,#2487,#2488),(#2489,#2490,#2491,#2492),(#2493,#2494,#2495,#2496),
(#2497,#2498,#2499,#2500),(#2501,#2502,#2503,#2504),(#2505,#2506,#2507,
#2508),(#2509,#2510,#2511,#2512),(#2513,#2514,#2515,#2516),(#2517,#2518,
#2519,#2520)),.UNSPECIFIED.,.F.,.F.,.F.,(4,1,1,1,1,1,1,4),(4,4),(-1.8285033587132,
-1.30607382765229,-0.783644296591371,-0.261214765530457,0.261214765530457,
0.783644296591371,1.30607382765229,1.8285033587132),(-0.6,0.),
 .UNSPECIFIED.);
#119=B_SPLINE_SURFACE_WITH_KNOTS('',3,3,((#2530,#2531,#2532,#2533),(#2534,
#2535,#2536,#2537),(#2538,#2539,#2540,#2541),(#2542,#2543,#2544,#2545),
(#2546,#2547,#2548,#2549),(#2550,#2551,#2552,#2553),(#2554,#2555,#2556,
#2557),(#2558,#2559,#2560,#2561),(#2562,#2563,#2564,#2565),(#2566,#2567,
#2568,#2569),(#2570,#2571,#2572,#2573),(#2574,#2575,#2576,#2577),(#2578,
#2579,#2580,#2581),(#2582,#2583,#2584,#2585),(#2586,#2587,#2588,#2589),
(#2590,#2591,#2592,#2593),(#2594,#2595,#2596,#2597),(#2598,#2599,#2600,
#2601),(#2602,#2603,#2604,#2605),(#2606,#2607,#2608,#2609),(#2610,#2611,
#2612,#2613)),.UNSPECIFIED.,.F.,.F.,.F.,(4,1,1,1,1,1,1,1,1,1,1,1,1,1,1,
1,1,1,4),(4,4),(0.0342489303707455,0.43502754205864,0.835806153746535,1.13639011251246,
1.23658476543443,1.63736337712232,1.68746070358331,1.83775268296627,2.03814198881022,
2.43892060049811,2.70610634162338,2.97329208274864,3.2404778238739,3.50766356499917,
4.04203504724969,4.44281365893759,4.84359227062548,5.24437088231338,5.64514949400127),
(-0.6,0.),.UNSPECIFIED.);
#120=B_SPLINE_SURFACE_WITH_KNOTS('',3,3,((#2644,#2645,#2646,#2647),(#2648,
#2649,#2650,#2651),(#2652,#2653,#2654,#2655),(#2656,#2657,#2658,#2659),
(#2660,#2661,#2662,#2663),(#2664,#2665,#2666,#2667),(#2668,#2669,#2670,
#2671),(#2672,#2673,#2674,#2675),(#2676,#2677,#2678,#2679),(#2680,#2681,
#2682,#2683),(#2684,#2685,#2686,#2687)),.UNSPECIFIED.,.F.,.F.,.F.,(4,1,
1,1,1,1,1,1,4),(4,4),(0.,0.474665267752445,0.949330535504889,1.89866107100978,
2.84799160651467,3.79732214201956,4.74665267752445,5.69598321302934,6.64531374853423),
(-0.6,0.),.UNSPECIFIED.);
#121=B_SPLINE_SURFACE_WITH_KNOTS('',3,3,((#2708,#2709,#2710,#2711),(#2712,
#2713,#2714,#2715),(#2716,#2717,#2718,#2719),(#2720,#2721,#2722,#2723),
(#2724,#2725,#2726,#2727),(#2728,#2729,#2730,#2731),(#2732,#2733,#2734,
#2735),(#2736,#2737,#2738,#2739),(#2740,#2741,#2742,#2743),(#2744,#2745,
#2746,#2747),(#2748,#2749,#2750,#2751)),.UNSPECIFIED.,.F.,.F.,.F.,(4,1,
1,1,1,1,1,1,4),(4,4),(0.,0.474666575041529,0.949333150083059,1.89866630016612,
2.84799945024918,3.79733260033223,4.74666575041529,5.69599890049835,6.64533205058141),
(-0.6,0.),.UNSPECIFIED.);
#122=B_SPLINE_SURFACE_WITH_KNOTS('',3,3,((#3665,#3666,#3667,#3668),(#3669,
#3670,#3671,#3672),(#3673,#3674,#3675,#3676),(#3677,#3678,#3679,#3680),
(#3681,#3682,#3683,#3684),(#3685,#3686,#3687,#3688)),.UNSPECIFIED.,.F.,
 .F.,.F.,(4,1,1,4),(4,4),(-1.07685856142402,-0.714694703400323,-0.473252131384526,
-0.231809559368729),(-0.6,0.),.UNSPECIFIED.);
#123=B_SPLINE_SURFACE_WITH_KNOTS('',3,3,((#3711,#3712,#3713,#3714),(#3715,
#3716,#3717,#3718),(#3719,#3720,#3721,#3722),(#3723,#3724,#3725,#3726)),
 .UNSPECIFIED.,.F.,.F.,.F.,(4,4),(4,4),(-1.64805515841178,-1.07685856142402),
(-0.6,0.),.UNSPECIFIED.);
#124=B_SPLINE_SURFACE_WITH_KNOTS('',3,3,((#3738,#3739,#3740,#3741),(#3742,
#3743,#3744,#3745),(#3746,#3747,#3748,#3749),(#3750,#3751,#3752,#3753)),
 .UNSPECIFIED.,.F.,.F.,.F.,(4,4),(4,4),(-2.03858824951901,-1.64805515841178),
(-0.6,0.),.UNSPECIFIED.);
#125=B_SPLINE_SURFACE_WITH_KNOTS('',3,3,((#3765,#3766,#3767,#3768),(#3769,
#3770,#3771,#3772),(#3773,#3774,#3775,#3776),(#3777,#3778,#3779,#3780)),
 .UNSPECIFIED.,.F.,.F.,.F.,(4,4),(4,4),(-2.46732544700103,-2.03858824951901),
(-0.6,0.),.UNSPECIFIED.);
#126=B_SPLINE_SURFACE_WITH_KNOTS('',3,3,((#3792,#3793,#3794,#3795),(#3796,
#3797,#3798,#3799),(#3800,#3801,#3802,#3803),(#3804,#3805,#3806,#3807),
(#3808,#3809,#3810,#3811),(#3812,#3813,#3814,#3815),(#3816,#3817,#3818,
#3819),(#3820,#3821,#3822,#3823),(#3824,#3825,#3826,#3827)),
 .UNSPECIFIED.,.F.,.F.,.F.,(4,1,1,1,1,1,4),(4,4),(-3.87400041203244,-3.67304684559938,
-3.27113971273327,-3.07018614630021,-2.86923257986715,-2.66827901343409,
-2.46732544700103),(-0.6,0.),.UNSPECIFIED.);
#127=B_SPLINE_SURFACE_WITH_KNOTS('',3,3,((#3859,#3860,#3861,#3862),(#3863,
#3864,#3865,#3866),(#3867,#3868,#3869,#3870),(#3871,#3872,#3873,#3874),
(#3875,#3876,#3877,#3878),(#3879,#3880,#3881,#3882),(#3883,#3884,#3885,
#3886),(#3887,#3888,#3889,#3890),(#3891,#3892,#3893,#3894)),
 .UNSPECIFIED.,.F.,.F.,.F.,(4,1,1,1,1,1,4),(4,4),(0.,0.286599685907106,
0.382132914542808,0.764265829085616,1.14639874362842,1.91066457271404,2.67493040179966),
(-0.6,0.),.UNSPECIFIED.);
#128=B_SPLINE_SURFACE_WITH_KNOTS('',3,3,((#3919,#3920,#3921,#3922),(#3923,
#3924,#3925,#3926),(#3927,#3928,#3929,#3930),(#3931,#3932,#3933,#3934)),
 .UNSPECIFIED.,.F.,.F.,.F.,(4,4),(4,4),(-1.92456647952441,-1.47497264314726),
(-0.6,0.),.UNSPECIFIED.);
#129=B_SPLINE_SURFACE_WITH_KNOTS('',3,3,((#3949,#3950,#3951,#3952),(#3953,
#3954,#3955,#3956),(#3957,#3958,#3959,#3960),(#3961,#3962,#3963,#3964)),
 .UNSPECIFIED.,.F.,.F.,.F.,(4,4),(4,4),(-2.33408909237878,-1.92456647952441),
(-0.6,0.),.UNSPECIFIED.);
#130=B_SPLINE_SURFACE_WITH_KNOTS('',3,3,((#3976,#3977,#3978,#3979),(#3980,
#3981,#3982,#3983),(#3984,#3985,#3986,#3987),(#3988,#3989,#3990,#3991)),
 .UNSPECIFIED.,.F.,.F.,.F.,(4,4),(4,4),(-2.93307465102769,-2.33408909237878),
(-0.6,0.),.UNSPECIFIED.);
#131=B_SPLINE_SURFACE_WITH_KNOTS('',3,3,((#4003,#4004,#4005,#4006),(#4007,
#4008,#4009,#4010),(#4011,#4012,#4013,#4014),(#4015,#4016,#4017,#4018),
(#4019,#4020,#4021,#4022),(#4023,#4024,#4025,#4026),(#4027,#4028,#4029,
#4030)),.UNSPECIFIED.,.F.,.F.,.F.,(4,1,1,1,4),(4,4),(-3.8191565936524,-3.69257345899173,
-3.43940718967039,-3.18624092034904,-2.93307465102769),(-0.6,0.),
 .UNSPECIFIED.);
#132=B_SPLINE_SURFACE_WITH_KNOTS('',3,3,((#4048,#4049,#4050,#4051),(#4052,
#4053,#4054,#4055),(#4056,#4057,#4058,#4059),(#4060,#4061,#4062,#4063)),
 .UNSPECIFIED.,.F.,.F.,.F.,(4,4),(4,4),(-4.06220049533552,-3.8191565936524),
(-0.6,0.),.UNSPECIFIED.);
#133=B_SPLINE_SURFACE_WITH_KNOTS('',3,3,((#4075,#4076,#4077,#4078),(#4079,
#4080,#4081,#4082),(#4083,#4084,#4085,#4086),(#4087,#4088,#4089,#4090),
(#4091,#4092,#4093,#4094),(#4095,#4096,#4097,#4098)),.UNSPECIFIED.,.F.,
 .F.,.F.,(4,1,1,4),(4,4),(0.,0.336821173845536,0.505231760768304,1.17887410845938),
(-0.6,0.),.UNSPECIFIED.);
#134=B_SPLINE_SURFACE_WITH_KNOTS('',3,3,((#4503,#4504,#4505,#4506,#4507,
#4508,#4509,#4510,#4511,#4512,#4513,#4514,#4515,#4516,#4517,#4518,#4519,
#4520,#4521,#4522),(#4523,#4524,#4525,#4526,#4527,#4528,#4529,#4530,#4531,
#4532,#4533,#4534,#4535,#4536,#4537,#4538,#4539,#4540,#4541,#4542),(#4543,
#4544,#4545,#4546,#4547,#4548,#4549,#4550,#4551,#4552,#4553,#4554,#4555,
#4556,#4557,#4558,#4559,#4560,#4561,#4562),(#4563,#4564,#4565,#4566,#4567,
#4568,#4569,#4570,#4571,#4572,#4573,#4574,#4575,#4576,#4577,#4578,#4579,
#4580,#4581,#4582),(#4583,#4584,#4585,#4586,#4587,#4588,#4589,#4590,#4591,
#4592,#4593,#4594,#4595,#4596,#4597,#4598,#4599,#4600,#4601,#4602),(#4603,
#4604,#4605,#4606,#4607,#4608,#4609,#4610,#4611,#4612,#4613,#4614,#4615,
#4616,#4617,#4618,#4619,#4620,#4621,#4622),(#4623,#4624,#4625,#4626,#4627,
#4628,#4629,#4630,#4631,#4632,#4633,#4634,#4635,#4636,#4637,#4638,#4639,
#4640,#4641,#4642),(#4643,#4644,#4645,#4646,#4647,#4648,#4649,#4650,#4651,
#4652,#4653,#4654,#4655,#4656,#4657,#4658,#4659,#4660,#4661,#4662),(#4663,
#4664,#4665,#4666,#4667,#4668,#4669,#4670,#4671,#4672,#4673,#4674,#4675,
#4676,#4677,#4678,#4679,#4680,#4681,#4682),(#4683,#4684,#4685,#4686,#4687,
#4688,#4689,#4690,#4691,#4692,#4693,#4694,#4695,#4696,#4697,#4698,#4699,
#4700,#4701,#4702),(#4703,#4704,#4705,#4706,#4707,#4708,#4709,#4710,#4711,
#4712,#4713,#4714,#4715,#4716,#4717,#4718,#4719,#4720,#4721,#4722),(#4723,
#4724,#4725,#4726,#4727,#4728,#4729,#4730,#4731,#4732,#4733,#4734,#4735,
#4736,#4737,#4738,#4739,#4740,#4741,#4742),(#4743,#4744,#4745,#4746,#4747,
#4748,#4749,#4750,#4751,#4752,#4753,#4754,#4755,#4756,#4757,#4758,#4759,
#4760,#4761,#4762)),.UNSPECIFIED.,.F.,.F.,.F.,(4,1,1,1,1,1,1,1,1,1,4),(4,
2,2,2,2,2,2,2,2,4),(0.499999999999794,0.571428571428424,0.642857142857054,
0.666666666666598,0.714285714285684,0.761904761904771,0.785714285714315,
0.82142857142863,0.857142857142945,0.928571428571575,1.0000000000002),(0.0157423874694878,
0.0394010124599689,0.0591015320138508,0.078801963680779,0.10758960219467,
0.136377091778046,0.19395206507771,0.309101969009585,0.539401476636162,
0.600279388498946),.UNSPECIFIED.);
#135=B_SPLINE_SURFACE_WITH_KNOTS('',3,3,((#4808,#4809,#4810,#4811,#4812,
#4813,#4814,#4815,#4816,#4817,#4818,#4819,#4820,#4821,#4822,#4823,#4824,
#4825,#4826,#4827),(#4828,#4829,#4830,#4831,#4832,#4833,#4834,#4835,#4836,
#4837,#4838,#4839,#4840,#4841,#4842,#4843,#4844,#4845,#4846,#4847),(#4848,
#4849,#4850,#4851,#4852,#4853,#4854,#4855,#4856,#4857,#4858,#4859,#4860,
#4861,#4862,#4863,#4864,#4865,#4866,#4867),(#4868,#4869,#4870,#4871,#4872,
#4873,#4874,#4875,#4876,#4877,#4878,#4879,#4880,#4881,#4882,#4883,#4884,
#4885,#4886,#4887),(#4888,#4889,#4890,#4891,#4892,#4893,#4894,#4895,#4896,
#4897,#4898,#4899,#4900,#4901,#4902,#4903,#4904,#4905,#4906,#4907),(#4908,
#4909,#4910,#4911,#4912,#4913,#4914,#4915,#4916,#4917,#4918,#4919,#4920,
#4921,#4922,#4923,#4924,#4925,#4926,#4927),(#4928,#4929,#4930,#4931,#4932,
#4933,#4934,#4935,#4936,#4937,#4938,#4939,#4940,#4941,#4942,#4943,#4944,
#4945,#4946,#4947),(#4948,#4949,#4950,#4951,#4952,#4953,#4954,#4955,#4956,
#4957,#4958,#4959,#4960,#4961,#4962,#4963,#4964,#4965,#4966,#4967),(#4968,
#4969,#4970,#4971,#4972,#4973,#4974,#4975,#4976,#4977,#4978,#4979,#4980,
#4981,#4982,#4983,#4984,#4985,#4986,#4987),(#4988,#4989,#4990,#4991,#4992,
#4993,#4994,#4995,#4996,#4997,#4998,#4999,#5000,#5001,#5002,#5003,#5004,
#5005,#5006,#5007),(#5008,#5009,#5010,#5011,#5012,#5013,#5014,#5015,#5016,
#5017,#5018,#5019,#5020,#5021,#5022,#5023,#5024,#5025,#5026,#5027),(#5028,
#5029,#5030,#5031,#5032,#5033,#5034,#5035,#5036,#5037,#5038,#5039,#5040,
#5041,#5042,#5043,#5044,#5045,#5046,#5047),(#5048,#5049,#5050,#5051,#5052,
#5053,#5054,#5055,#5056,#5057,#5058,#5059,#5060,#5061,#5062,#5063,#5064,
#5065,#5066,#5067),(#5068,#5069,#5070,#5071,#5072,#5073,#5074,#5075,#5076,
#5077,#5078,#5079,#5080,#5081,#5082,#5083,#5084,#5085,#5086,#5087),(#5088,
#5089,#5090,#5091,#5092,#5093,#5094,#5095,#5096,#5097,#5098,#5099,#5100,
#5101,#5102,#5103,#5104,#5105,#5106,#5107)),.UNSPECIFIED.,.F.,.F.,.F.,(4,
1,1,1,1,1,1,1,1,1,1,1,4),(4,2,2,2,2,2,2,2,2,4),(-2.04814196549239E-13,0.0714285714284253,
0.142857142857055,0.154761904761827,0.190476190476142,0.214285714285685,
0.238095238095229,0.285714285714316,0.321428571428631,0.339285714285788,
0.357142857142946,0.428571428571576,0.500000000000206),(0.0157423874694077,
0.0394010124599689,0.0591015312950757,0.0788019613714336,0.107589596874522,
0.136377083090077,0.193952049969453,0.309101943348842,0.539401446016381,
0.600279374674759),.UNSPECIFIED.);
#136=B_SPLINE_SURFACE_WITH_KNOTS('',3,3,((#5119,#5120,#5121,#5122),(#5123,
#5124,#5125,#5126),(#5127,#5128,#5129,#5130),(#5131,#5132,#5133,#5134),
(#5135,#5136,#5137,#5138),(#5139,#5140,#5141,#5142),(#5143,#5144,#5145,
#5146),(#5147,#5148,#5149,#5150),(#5151,#5152,#5153,#5154)),
 .UNSPECIFIED.,.F.,.F.,.F.,(4,1,1,1,1,1,4),(4,4),(1.17887410845938,1.94245990196784,
2.32425279872207,3.08783859223053,3.18328681641909,3.46963148898477,3.851424385739),
(-0.6,0.),.UNSPECIFIED.);
#137=B_SPLINE_SURFACE_WITH_KNOTS('',3,3,((#5155,#5156,#5157,#5158),(#5159,
#5160,#5161,#5162),(#5163,#5164,#5165,#5166),(#5167,#5168,#5169,#5170),
(#5171,#5172,#5173,#5174),(#5175,#5176,#5177,#5178),(#5179,#5180,#5181,
#5182),(#5183,#5184,#5185,#5186)),.UNSPECIFIED.,.F.,.F.,.F.,(4,1,1,1,1,
4),(4,4),(-1.47497264314726,-1.26426240841194,-1.05355217367662,-0.8428419389413,
-0.421421469470658,-1.00000001612699E-6),(-0.6,0.),.UNSPECIFIED.);
#138=B_SPLINE_SURFACE_WITH_KNOTS('',3,3,((#5187,#5188,#5189,#5190),(#5191,
#5192,#5193,#5194),(#5195,#5196,#5197,#5198),(#5199,#5200,#5201,#5202),
(#5203,#5204,#5205,#5206),(#5207,#5208,#5209,#5210)),.UNSPECIFIED.,.F.,
 .F.,.F.,(4,1,1,4),(4,4),(2.67493040179966,3.3476854034212,3.51587415382659,
3.85225165463736),(-0.6,0.),.UNSPECIFIED.);
#139=B_SPLINE_SURFACE_WITH_KNOTS('',3,3,((#5211,#5212,#5213,#5214),(#5215,
#5216,#5217,#5218),(#5219,#5220,#5221,#5222),(#5223,#5224,#5225,#5226)),
 .UNSPECIFIED.,.F.,.F.,.F.,(4,4),(4,4),(-0.231809559368729,-1.00000007918766E-6),
(-0.6,0.),.UNSPECIFIED.);
#140=B_SPLINE_SURFACE_WITH_KNOTS('',3,3,((#5301,#5302,#5303,#5304),(#5305,
#5306,#5307,#5308),(#5309,#5310,#5311,#5312),(#5313,#5314,#5315,#5316),
(#5317,#5318,#5319,#5320),(#5321,#5322,#5323,#5324),(#5325,#5326,#5327,
#5328),(#5329,#5330,#5331,#5332),(#5333,#5334,#5335,#5336),(#5337,#5338,
#5339,#5340),(#5341,#5342,#5343,#5344),(#5345,#5346,#5347,#5348),(#5349,
#5350,#5351,#5352),(#5353,#5354,#5355,#5356),(#5357,#5358,#5359,#5360),
(#5361,#5362,#5363,#5364),(#5365,#5366,#5367,#5368),(#5369,#5370,#5371,
#5372),(#5373,#5374,#5375,#5376)),.UNSPECIFIED.,.T.,.F.,.F.,(4,1,1,1,1,
1,1,1,1,1,1,1,1,1,1,1,4),(4,4),(-3.14159265358979,-2.69279370307697,-2.24399475256414,
-1.79519580205131,-1.34639685153848,-1.0471975511966,-0.747998250854713,
-0.448798950512828,-0.149599650170943,0.448798950512828,0.747998250854713,
1.0471975511966,1.34639685153848,1.64559615188037,2.24399475256414,2.69279370307697,
3.14159265358979),(-0.6,0.),.UNSPECIFIED.);
#141=B_SPLINE_SURFACE_WITH_KNOTS('',3,3,((#5378,#5379,#5380,#5381),(#5382,
#5383,#5384,#5385),(#5386,#5387,#5388,#5389),(#5390,#5391,#5392,#5393),
(#5394,#5395,#5396,#5397),(#5398,#5399,#5400,#5401),(#5402,#5403,#5404,
#5405),(#5406,#5407,#5408,#5409),(#5410,#5411,#5412,#5413),(#5414,#5415,
#5416,#5417)),.UNSPECIFIED.,.F.,.F.,.F.,(4,1,1,1,1,1,1,4),(4,4),(1.56179416191214,
2.01316515953433,2.46453615715651,2.9159071547787,3.36727815240089,3.81864915002307,
4.27002014764526,4.72139114526745),(-0.6,0.),.UNSPECIFIED.);
#142=B_SPLINE_SURFACE_WITH_KNOTS('',3,3,((#5420,#5421,#5422,#5423),(#5424,
#5425,#5426,#5427),(#5428,#5429,#5430,#5431),(#5432,#5433,#5434,#5435)),
 .UNSPECIFIED.,.F.,.F.,.F.,(4,4),(4,4),(1.55126221964063,1.56179416191214),
(-0.6,0.),.UNSPECIFIED.);
#143=B_SPLINE_SURFACE_WITH_KNOTS('',3,3,((#5437,#5438,#5439,#5440),(#5441,
#5442,#5443,#5444),(#5445,#5446,#5447,#5448),(#5449,#5450,#5451,#5452),
(#5453,#5454,#5455,#5456),(#5457,#5458,#5459,#5460),(#5461,#5462,#5463,
#5464),(#5465,#5466,#5467,#5468),(#5469,#5470,#5471,#5472),(#5473,#5474,
#5475,#5476),(#5477,#5478,#5479,#5480),(#5481,#5482,#5483,#5484),(#5485,
#5486,#5487,#5488),(#5489,#5490,#5491,#5492),(#5493,#5494,#5495,#5496),
(#5497,#5498,#5499,#5500),(#5501,#5502,#5503,#5504),(#5505,#5506,#5507,
#5508),(#5509,#5510,#5511,#5512),(#5513,#5514,#5515,#5516),(#5517,#5518,
#5519,#5520),(#5521,#5522,#5523,#5524),(#5525,#5526,#5527,#5528),(#5529,
#5530,#5531,#5532)),.UNSPECIFIED.,.F.,.F.,.F.,(4,1,1,1,1,1,1,1,1,1,1,1,
1,1,1,1,1,1,1,1,1,4),(4,4),(0.0342489303707455,0.835806153746535,1.13639011251246,
1.18648743897344,1.21153610220394,1.22406043381918,1.23658476543443,1.63736337712232,
1.68746070358331,1.7375580300443,1.83775268296627,2.03814198881022,2.43892060049811,
2.70610634162338,2.97329208274864,3.2404778238739,3.50766356499917,4.04203504724969,
4.44281365893759,4.84359227062548,5.24437088231338,5.64514949400127),(-0.6,
0.),.UNSPECIFIED.);
#144=B_SPLINE_SURFACE_WITH_KNOTS('',3,3,((#5534,#5535,#5536,#5537),(#5538,
#5539,#5540,#5541),(#5542,#5543,#5544,#5545),(#5546,#5547,#5548,#5549)),
 .UNSPECIFIED.,.F.,.F.,.F.,(4,4),(4,4),(-1.56179416191214,-1.55126221964063),
(-0.6,0.),.UNSPECIFIED.);
#145=FACE_OUTER_BOUND('',#191,.T.);
#146=FACE_OUTER_BOUND('',#192,.T.);
#147=FACE_OUTER_BOUND('',#193,.T.);
#148=FACE_OUTER_BOUND('',#194,.T.);
#149=FACE_OUTER_BOUND('',#195,.T.);
#150=FACE_OUTER_BOUND('',#196,.T.);
#151=FACE_OUTER_BOUND('',#197,.T.);
#152=FACE_OUTER_BOUND('',#198,.T.);
#153=FACE_OUTER_BOUND('',#199,.T.);
#154=FACE_OUTER_BOUND('',#200,.T.);
#155=FACE_OUTER_BOUND('',#201,.T.);
#156=FACE_OUTER_BOUND('',#202,.T.);
#157=FACE_OUTER_BOUND('',#203,.T.);
#158=FACE_OUTER_BOUND('',#204,.T.);
#159=FACE_OUTER_BOUND('',#205,.T.);
#160=FACE_OUTER_BOUND('',#206,.T.);
#161=FACE_OUTER_BOUND('',#207,.T.);
#162=FACE_OUTER_BOUND('',#208,.T.);
#163=FACE_OUTER_BOUND('',#209,.T.);
#164=FACE_OUTER_BOUND('',#210,.T.);
#165=FACE_OUTER_BOUND('',#211,.T.);
#166=FACE_OUTER_BOUND('',#212,.T.);
#167=FACE_OUTER_BOUND('',#213,.T.);
#168=FACE_OUTER_BOUND('',#214,.T.);
#169=FACE_OUTER_BOUND('',#215,.T.);
#170=FACE_OUTER_BOUND('',#216,.T.);
#171=FACE_OUTER_BOUND('',#217,.T.);
#172=FACE_OUTER_BOUND('',#218,.T.);
#173=FACE_OUTER_BOUND('',#219,.T.);
#174=FACE_OUTER_BOUND('',#220,.T.);
#175=FACE_OUTER_BOUND('',#221,.T.);
#176=FACE_OUTER_BOUND('',#222,.T.);
#177=FACE_OUTER_BOUND('',#223,.T.);
#178=FACE_OUTER_BOUND('',#224,.T.);
#179=FACE_OUTER_BOUND('',#225,.T.);
#180=FACE_OUTER_BOUND('',#226,.T.);
#181=FACE_OUTER_BOUND('',#227,.T.);
#182=FACE_OUTER_BOUND('',#228,.T.);
#183=FACE_OUTER_BOUND('',#229,.T.);
#184=FACE_OUTER_BOUND('',#230,.T.);
#185=FACE_OUTER_BOUND('',#231,.T.);
#186=FACE_OUTER_BOUND('',#232,.T.);
#187=FACE_OUTER_BOUND('',#233,.T.);
#188=FACE_OUTER_BOUND('',#234,.T.);
#189=FACE_OUTER_BOUND('',#235,.T.);
#190=FACE_OUTER_BOUND('',#236,.T.);
#191=EDGE_LOOP('',(#543,#544,#545,#546));
#192=EDGE_LOOP('',(#547,#548,#549,#550,#551,#552,#553));
#193=EDGE_LOOP('',(#554,#555,#556,#557,#558,#559,#560,#561,#562,#563,#564,
#565,#566,#567,#568,#569,#570,#571));
#194=EDGE_LOOP('',(#572,#573,#574,#575,#576,#577,#578));
#195=EDGE_LOOP('',(#579,#580,#581,#582));
#196=EDGE_LOOP('',(#583,#584,#585,#586));
#197=EDGE_LOOP('',(#587,#588,#589,#590));
#198=EDGE_LOOP('',(#591,#592,#593,#594));
#199=EDGE_LOOP('',(#595,#596,#597,#598,#599,#600));
#200=EDGE_LOOP('',(#601,#602,#603,#604));
#201=EDGE_LOOP('',(#605,#606,#607,#608,#609));
#202=EDGE_LOOP('',(#610,#611,#612,#613,#614));
#203=EDGE_LOOP('',(#615,#616,#617,#618));
#204=EDGE_LOOP('',(#619,#620,#621,#622,#623));
#205=EDGE_LOOP('',(#624,#625,#626,#627,#628));
#206=EDGE_LOOP('',(#629,#630,#631,#632,#633));
#207=EDGE_LOOP('',(#634,#635,#636,#637,#638,#639,#640));
#208=EDGE_LOOP('',(#641,#642,#643,#644,#645,#646,#647,#648,#649,#650,#651,
#652,#653,#654,#655,#656,#657));
#209=EDGE_LOOP('',(#658,#659,#660,#661,#662,#663,#664));
#210=EDGE_LOOP('',(#665,#666,#667,#668));
#211=EDGE_LOOP('',(#669,#670,#671,#672));
#212=EDGE_LOOP('',(#673,#674,#675,#676));
#213=EDGE_LOOP('',(#677,#678,#679,#680));
#214=EDGE_LOOP('',(#681,#682,#683,#684));
#215=EDGE_LOOP('',(#685,#686,#687,#688));
#216=EDGE_LOOP('',(#689,#690,#691,#692));
#217=EDGE_LOOP('',(#693,#694,#695,#696));
#218=EDGE_LOOP('',(#697,#698,#699,#700));
#219=EDGE_LOOP('',(#701,#702,#703,#704));
#220=EDGE_LOOP('',(#705,#706,#707,#708));
#221=EDGE_LOOP('',(#709,#710,#711,#712));
#222=EDGE_LOOP('',(#713,#714,#715,#716,#717,#718,#719,#720,#721,#722));
#223=EDGE_LOOP('',(#723,#724,#725,#726,#727,#728,#729,#730,#731,#732));
#224=EDGE_LOOP('',(#733,#734,#735,#736,#737,#738,#739,#740,#741,#742));
#225=EDGE_LOOP('',(#743,#744,#745,#746,#747,#748,#749,#750,#751,#752));
#226=EDGE_LOOP('',(#753,#754,#755,#756));
#227=EDGE_LOOP('',(#757,#758,#759,#760));
#228=EDGE_LOOP('',(#761,#762,#763,#764));
#229=EDGE_LOOP('',(#765,#766,#767,#768));
#230=EDGE_LOOP('',(#769,#770,#771,#772,#773,#774,#775,#776));
#231=EDGE_LOOP('',(#777,#778,#779,#780,#781,#782,#783,#784));
#232=EDGE_LOOP('',(#785,#786,#787,#788));
#233=EDGE_LOOP('',(#789,#790,#791,#792,#793,#794));
#234=EDGE_LOOP('',(#795,#796,#797,#798));
#235=EDGE_LOOP('',(#799,#800,#801,#802));
#236=EDGE_LOOP('',(#803,#804,#805,#806));
#237=LINE('',#1017,#282);
#238=LINE('',#1019,#283);
#239=LINE('',#1021,#284);
#240=LINE('',#1022,#285);
#241=LINE('',#1609,#286);
#242=LINE('',#1611,#287);
#243=LINE('',#1634,#288);
#244=LINE('',#1714,#289);
#245=LINE('',#2341,#290);
#246=LINE('',#2363,#291);
#247=LINE('',#2522,#292);
#248=LINE('',#2525,#293);
#249=LINE('',#2528,#294);
#250=LINE('',#2615,#295);
#251=LINE('',#2689,#296);
#252=LINE('',#2707,#297);
#253=LINE('',#2769,#298);
#254=LINE('',#2770,#299);
#255=LINE('',#2772,#300);
#256=LINE('',#2774,#301);
#257=LINE('',#3240,#302);
#258=LINE('',#3241,#303);
#259=LINE('',#3691,#304);
#260=LINE('',#3700,#305);
#261=LINE('',#3733,#306);
#262=LINE('',#3760,#307);
#263=LINE('',#3787,#308);
#264=LINE('',#3839,#309);
#265=LINE('',#3897,#310);
#266=LINE('',#3909,#311);
#267=LINE('',#3937,#312);
#268=LINE('',#3944,#313);
#269=LINE('',#3971,#314);
#270=LINE('',#3998,#315);
#271=LINE('',#4040,#316);
#272=LINE('',#4070,#317);
#273=LINE('',#4101,#318);
#274=LINE('',#4111,#319);
#275=LINE('',#5232,#320);
#276=LINE('',#5268,#321);
#277=LINE('',#5377,#322);
#278=LINE('',#5418,#323);
#279=LINE('',#5419,#324);
#280=LINE('',#5436,#325);
#281=LINE('',#5533,#326);
#282=VECTOR('',#910,10.);
#283=VECTOR('',#911,10.);
#284=VECTOR('',#912,10.);
#285=VECTOR('',#913,10.);
#286=VECTOR('',#916,10.);
#287=VECTOR('',#917,21.);
#288=VECTOR('',#918,21.);
#289=VECTOR('',#925,10.);
#290=VECTOR('',#928,10.);
#291=VECTOR('',#929,10.);
#292=VECTOR('',#930,10.);
#293=VECTOR('',#933,10.);
#294=VECTOR('',#936,10.);
#295=VECTOR('',#939,10.);
#296=VECTOR('',#944,10.);
#297=VECTOR('',#945,10.);
#298=VECTOR('',#948,10.);
#299=VECTOR('',#949,10.);
#300=VECTOR('',#952,10.);
#301=VECTOR('',#955,10.);
#302=VECTOR('',#962,21.);
#303=VECTOR('',#963,21.);
#304=VECTOR('',#966,10.);
#305=VECTOR('',#967,10.);
#306=VECTOR('',#968,10.);
#307=VECTOR('',#969,10.);
#308=VECTOR('',#970,10.);
#309=VECTOR('',#971,10.);
#310=VECTOR('',#972,10.);
#311=VECTOR('',#973,10.);
#312=VECTOR('',#974,10.);
#313=VECTOR('',#975,10.);
#314=VECTOR('',#976,10.);
#315=VECTOR('',#977,10.);
#316=VECTOR('',#978,10.);
#317=VECTOR('',#979,10.);
#318=VECTOR('',#980,10.);
#319=VECTOR('',#981,10.);
#320=VECTOR('',#986,17.5);
#321=VECTOR('',#999,17.5);
#322=VECTOR('',#1008,10.);
#323=VECTOR('',#1009,10.);
#324=VECTOR('',#1010,10.);
#325=VECTOR('',#1011,10.);
#326=VECTOR('',#1012,10.);
#327=VERTEX_POINT('',#1015);
#328=VERTEX_POINT('',#1016);
#329=VERTEX_POINT('',#1018);
#330=VERTEX_POINT('',#1020);
#331=VERTEX_POINT('',#1517);
#332=VERTEX_POINT('',#1518);
#333=VERTEX_POINT('',#1527);
#334=VERTEX_POINT('',#1538);
#335=VERTEX_POINT('',#1543);
#336=VERTEX_POINT('',#1555);
#337=VERTEX_POINT('',#1582);
#338=VERTEX_POINT('',#1608);
#339=VERTEX_POINT('',#1610);
#340=VERTEX_POINT('',#1612);
#341=VERTEX_POINT('',#1633);
#342=VERTEX_POINT('',#1635);
#343=VERTEX_POINT('',#1650);
#344=VERTEX_POINT('',#1652);
#345=VERTEX_POINT('',#1654);
#346=VERTEX_POINT('',#1687);
#347=VERTEX_POINT('',#1704);
#348=VERTEX_POINT('',#1713);
#349=VERTEX_POINT('',#2132);
#350=VERTEX_POINT('',#2340);
#351=VERTEX_POINT('',#2342);
#352=VERTEX_POINT('',#2521);
#353=VERTEX_POINT('',#2523);
#354=VERTEX_POINT('',#2527);
#355=VERTEX_POINT('',#2614);
#356=VERTEX_POINT('',#2616);
#357=VERTEX_POINT('',#2688);
#358=VERTEX_POINT('',#2690);
#359=VERTEX_POINT('',#2700);
#360=VERTEX_POINT('',#2752);
#361=VERTEX_POINT('',#3056);
#362=VERTEX_POINT('',#3057);
#363=VERTEX_POINT('',#3192);
#364=VERTEX_POINT('',#3215);
#365=VERTEX_POINT('',#3242);
#366=VERTEX_POINT('',#3244);
#367=VERTEX_POINT('',#3689);
#368=VERTEX_POINT('',#3690);
#369=VERTEX_POINT('',#3692);
#370=VERTEX_POINT('',#3699);
#371=VERTEX_POINT('',#3727);
#372=VERTEX_POINT('',#3732);
#373=VERTEX_POINT('',#3754);
#374=VERTEX_POINT('',#3759);
#375=VERTEX_POINT('',#3781);
#376=VERTEX_POINT('',#3786);
#377=VERTEX_POINT('',#3828);
#378=VERTEX_POINT('',#3838);
#379=VERTEX_POINT('',#3895);
#380=VERTEX_POINT('',#3896);
#381=VERTEX_POINT('',#3898);
#382=VERTEX_POINT('',#3908);
#383=VERTEX_POINT('',#3935);
#384=VERTEX_POINT('',#3936);
#385=VERTEX_POINT('',#3938);
#386=VERTEX_POINT('',#3943);
#387=VERTEX_POINT('',#3965);
#388=VERTEX_POINT('',#3970);
#389=VERTEX_POINT('',#3992);
#390=VERTEX_POINT('',#3997);
#391=VERTEX_POINT('',#4031);
#392=VERTEX_POINT('',#4039);
#393=VERTEX_POINT('',#4064);
#394=VERTEX_POINT('',#4069);
#395=VERTEX_POINT('',#4099);
#396=VERTEX_POINT('',#4100);
#397=VERTEX_POINT('',#4102);
#398=VERTEX_POINT('',#4110);
#399=VERTEX_POINT('',#5228);
#400=VERTEX_POINT('',#5229);
#401=VERTEX_POINT('',#5231);
#402=VERTEX_POINT('',#5234);
#403=VERTEX_POINT('',#5236);
#404=VERTEX_POINT('',#5238);
#405=VERTEX_POINT('',#5265);
#406=VERTEX_POINT('',#5267);
#407=VERTEX_POINT('',#5269);
#408=VERTEX_POINT('',#5271);
#409=VERTEX_POINT('',#5273);
#410=VERTEX_POINT('',#5298);
#411=EDGE_CURVE('',#327,#328,#237,.T.);
#412=EDGE_CURVE('',#327,#329,#238,.T.);
#413=EDGE_CURVE('',#330,#329,#239,.T.);
#414=EDGE_CURVE('',#328,#330,#240,.T.);
#415=EDGE_CURVE('',#331,#332,#46,.T.);
#416=EDGE_CURVE('',#333,#331,#47,.T.);
#417=EDGE_CURVE('',#333,#334,#48,.T.);
#418=EDGE_CURVE('',#334,#335,#49,.T.);
#419=EDGE_CURVE('',#336,#335,#50,.T.);
#420=EDGE_CURVE('',#337,#336,#51,.T.);
#421=EDGE_CURVE('',#337,#332,#52,.F.);
#422=EDGE_CURVE('',#332,#338,#241,.T.);
#423=EDGE_CURVE('',#336,#339,#242,.T.);
#424=EDGE_CURVE('',#340,#339,#53,.T.);
#425=EDGE_CURVE('',#340,#341,#243,.T.);
#426=EDGE_CURVE('',#342,#341,#54,.T.);
#427=EDGE_CURVE('',#343,#342,#38,.T.);
#428=EDGE_CURVE('',#344,#343,#23,.T.);
#429=EDGE_CURVE('',#345,#344,#39,.T.);
#430=EDGE_CURVE('',#341,#345,#55,.T.);
#431=EDGE_CURVE('',#339,#340,#56,.T.);
#432=EDGE_CURVE('',#336,#346,#57,.F.);
#433=EDGE_CURVE('',#347,#346,#58,.T.);
#434=EDGE_CURVE('',#348,#347,#244,.T.);
#435=EDGE_CURVE('',#338,#348,#24,.T.);
#436=EDGE_CURVE('',#347,#349,#59,.T.);
#437=EDGE_CURVE('',#335,#334,#60,.T.);
#438=EDGE_CURVE('',#349,#333,#61,.T.);
#439=EDGE_CURVE('',#339,#350,#245,.T.);
#440=EDGE_CURVE('',#351,#350,#62,.T.);
#441=EDGE_CURVE('',#340,#351,#246,.T.);
#442=EDGE_CURVE('',#350,#351,#63,.T.);
#443=EDGE_CURVE('',#343,#352,#247,.T.);
#444=EDGE_CURVE('',#353,#352,#25,.T.);
#445=EDGE_CURVE('',#344,#353,#248,.T.);
#446=EDGE_CURVE('',#342,#354,#249,.T.);
#447=EDGE_CURVE('',#352,#354,#40,.T.);
#448=EDGE_CURVE('',#345,#355,#250,.T.);
#449=EDGE_CURVE('',#356,#355,#64,.T.);
#450=EDGE_CURVE('',#354,#356,#65,.T.);
#451=EDGE_CURVE('',#355,#353,#41,.T.);
#452=EDGE_CURVE('',#335,#357,#251,.T.);
#453=EDGE_CURVE('',#357,#358,#66,.T.);
#454=EDGE_CURVE('',#358,#359,#67,.T.);
#455=EDGE_CURVE('',#334,#359,#252,.T.);
#456=EDGE_CURVE('',#359,#360,#68,.T.);
#457=EDGE_CURVE('',#360,#357,#69,.T.);
#458=EDGE_CURVE('',#329,#348,#253,.T.);
#459=EDGE_CURVE('',#338,#327,#254,.T.);
#460=EDGE_CURVE('',#349,#330,#255,.T.);
#461=EDGE_CURVE('',#331,#328,#256,.T.);
#462=EDGE_CURVE('',#361,#362,#70,.T.);
#463=EDGE_CURVE('',#361,#359,#71,.T.);
#464=EDGE_CURVE('',#363,#357,#72,.T.);
#465=EDGE_CURVE('',#363,#364,#26,.T.);
#466=EDGE_CURVE('',#362,#364,#73,.T.);
#467=EDGE_CURVE('',#356,#351,#257,.T.);
#468=EDGE_CURVE('',#350,#363,#258,.T.);
#469=EDGE_CURVE('',#365,#363,#27,.T.);
#470=EDGE_CURVE('',#365,#366,#74,.T.);
#471=EDGE_CURVE('',#366,#361,#75,.T.);
#472=EDGE_CURVE('',#367,#368,#259,.T.);
#473=EDGE_CURVE('',#369,#367,#76,.T.);
#474=EDGE_CURVE('',#369,#370,#260,.T.);
#475=EDGE_CURVE('',#370,#368,#77,.T.);
#476=EDGE_CURVE('',#371,#369,#78,.T.);
#477=EDGE_CURVE('',#371,#372,#261,.T.);
#478=EDGE_CURVE('',#372,#370,#79,.T.);
#479=EDGE_CURVE('',#373,#371,#80,.T.);
#480=EDGE_CURVE('',#373,#374,#262,.T.);
#481=EDGE_CURVE('',#374,#372,#81,.T.);
#482=EDGE_CURVE('',#375,#373,#82,.T.);
#483=EDGE_CURVE('',#375,#376,#263,.T.);
#484=EDGE_CURVE('',#376,#374,#83,.T.);
#485=EDGE_CURVE('',#377,#375,#84,.T.);
#486=EDGE_CURVE('',#377,#378,#264,.T.);
#487=EDGE_CURVE('',#378,#376,#85,.T.);
#488=EDGE_CURVE('',#379,#380,#265,.T.);
#489=EDGE_CURVE('',#381,#379,#86,.T.);
#490=EDGE_CURVE('',#381,#382,#266,.T.);
#491=EDGE_CURVE('',#382,#380,#87,.T.);
#492=EDGE_CURVE('',#383,#384,#267,.T.);
#493=EDGE_CURVE('',#385,#383,#88,.T.);
#494=EDGE_CURVE('',#385,#386,#268,.T.);
#495=EDGE_CURVE('',#386,#384,#89,.T.);
#496=EDGE_CURVE('',#387,#385,#90,.T.);
#497=EDGE_CURVE('',#387,#388,#269,.T.);
#498=EDGE_CURVE('',#388,#386,#91,.T.);
#499=EDGE_CURVE('',#389,#387,#92,.T.);
#500=EDGE_CURVE('',#389,#390,#270,.T.);
#501=EDGE_CURVE('',#390,#388,#93,.T.);
#502=EDGE_CURVE('',#391,#389,#94,.T.);
#503=EDGE_CURVE('',#391,#392,#271,.T.);
#504=EDGE_CURVE('',#392,#390,#95,.T.);
#505=EDGE_CURVE('',#393,#391,#96,.T.);
#506=EDGE_CURVE('',#393,#394,#272,.T.);
#507=EDGE_CURVE('',#394,#392,#97,.T.);
#508=EDGE_CURVE('',#395,#396,#273,.T.);
#509=EDGE_CURVE('',#397,#395,#98,.T.);
#510=EDGE_CURVE('',#397,#398,#274,.T.);
#511=EDGE_CURVE('',#398,#396,#99,.T.);
#512=EDGE_CURVE('',#378,#398,#100,.T.);
#513=EDGE_CURVE('',#384,#378,#101,.T.);
#514=EDGE_CURVE('',#394,#382,#102,.T.);
#515=EDGE_CURVE('',#396,#382,#103,.T.);
#516=EDGE_CURVE('',#368,#394,#104,.T.);
#517=EDGE_CURVE('',#380,#398,#105,.T.);
#518=EDGE_CURVE('',#395,#381,#106,.T.);
#519=EDGE_CURVE('',#393,#381,#107,.T.);
#520=EDGE_CURVE('',#383,#377,#108,.T.);
#521=EDGE_CURVE('',#377,#397,#109,.T.);
#522=EDGE_CURVE('',#379,#397,#110,.T.);
#523=EDGE_CURVE('',#367,#393,#111,.T.);
#524=EDGE_CURVE('',#399,#400,#28,.T.);
#525=EDGE_CURVE('',#400,#401,#275,.T.);
#526=EDGE_CURVE('',#401,#401,#29,.T.);
#527=EDGE_CURVE('',#400,#402,#30,.T.);
#528=EDGE_CURVE('',#402,#403,#31,.F.);
#529=EDGE_CURVE('',#404,#403,#112,.T.);
#530=EDGE_CURVE('',#404,#399,#32,.F.);
#531=EDGE_CURVE('',#405,#405,#33,.T.);
#532=EDGE_CURVE('',#405,#406,#276,.T.);
#533=EDGE_CURVE('',#407,#406,#34,.T.);
#534=EDGE_CURVE('',#408,#407,#35,.F.);
#535=EDGE_CURVE('',#408,#409,#113,.T.);
#536=EDGE_CURVE('',#410,#409,#36,.F.);
#537=EDGE_CURVE('',#406,#410,#37,.T.);
#538=EDGE_CURVE('',#405,#401,#277,.T.);
#539=EDGE_CURVE('',#410,#402,#278,.T.);
#540=EDGE_CURVE('',#407,#399,#279,.T.);
#541=EDGE_CURVE('',#409,#403,#280,.T.);
#542=EDGE_CURVE('',#408,#404,#281,.T.);
#543=ORIENTED_EDGE('',*,*,#411,.F.);
#544=ORIENTED_EDGE('',*,*,#412,.T.);
#545=ORIENTED_EDGE('',*,*,#413,.F.);
#546=ORIENTED_EDGE('',*,*,#414,.F.);
#547=ORIENTED_EDGE('',*,*,#415,.F.);
#548=ORIENTED_EDGE('',*,*,#416,.F.);
#549=ORIENTED_EDGE('',*,*,#417,.T.);
#550=ORIENTED_EDGE('',*,*,#418,.T.);
#551=ORIENTED_EDGE('',*,*,#419,.F.);
#552=ORIENTED_EDGE('',*,*,#420,.F.);
#553=ORIENTED_EDGE('',*,*,#421,.T.);
#554=ORIENTED_EDGE('',*,*,#422,.F.);
#555=ORIENTED_EDGE('',*,*,#421,.F.);
#556=ORIENTED_EDGE('',*,*,#420,.T.);
#557=ORIENTED_EDGE('',*,*,#423,.T.);
#558=ORIENTED_EDGE('',*,*,#424,.F.);
#559=ORIENTED_EDGE('',*,*,#425,.T.);
#560=ORIENTED_EDGE('',*,*,#426,.F.);
#561=ORIENTED_EDGE('',*,*,#427,.F.);
#562=ORIENTED_EDGE('',*,*,#428,.F.);
#563=ORIENTED_EDGE('',*,*,#429,.F.);
#564=ORIENTED_EDGE('',*,*,#430,.F.);
#565=ORIENTED_EDGE('',*,*,#425,.F.);
#566=ORIENTED_EDGE('',*,*,#431,.F.);
#567=ORIENTED_EDGE('',*,*,#423,.F.);
#568=ORIENTED_EDGE('',*,*,#432,.T.);
#569=ORIENTED_EDGE('',*,*,#433,.F.);
#570=ORIENTED_EDGE('',*,*,#434,.F.);
#571=ORIENTED_EDGE('',*,*,#435,.F.);
#572=ORIENTED_EDGE('',*,*,#436,.F.);
#573=ORIENTED_EDGE('',*,*,#433,.T.);
#574=ORIENTED_EDGE('',*,*,#432,.F.);
#575=ORIENTED_EDGE('',*,*,#419,.T.);
#576=ORIENTED_EDGE('',*,*,#437,.T.);
#577=ORIENTED_EDGE('',*,*,#417,.F.);
#578=ORIENTED_EDGE('',*,*,#438,.F.);
#579=ORIENTED_EDGE('',*,*,#424,.T.);
#580=ORIENTED_EDGE('',*,*,#439,.T.);
#581=ORIENTED_EDGE('',*,*,#440,.F.);
#582=ORIENTED_EDGE('',*,*,#441,.F.);
#583=ORIENTED_EDGE('',*,*,#431,.T.);
#584=ORIENTED_EDGE('',*,*,#441,.T.);
#585=ORIENTED_EDGE('',*,*,#442,.F.);
#586=ORIENTED_EDGE('',*,*,#439,.F.);
#587=ORIENTED_EDGE('',*,*,#428,.T.);
#588=ORIENTED_EDGE('',*,*,#443,.T.);
#589=ORIENTED_EDGE('',*,*,#444,.F.);
#590=ORIENTED_EDGE('',*,*,#445,.F.);
#591=ORIENTED_EDGE('',*,*,#427,.T.);
#592=ORIENTED_EDGE('',*,*,#446,.T.);
#593=ORIENTED_EDGE('',*,*,#447,.F.);
#594=ORIENTED_EDGE('',*,*,#443,.F.);
#595=ORIENTED_EDGE('',*,*,#426,.T.);
#596=ORIENTED_EDGE('',*,*,#430,.T.);
#597=ORIENTED_EDGE('',*,*,#448,.T.);
#598=ORIENTED_EDGE('',*,*,#449,.F.);
#599=ORIENTED_EDGE('',*,*,#450,.F.);
#600=ORIENTED_EDGE('',*,*,#446,.F.);
#601=ORIENTED_EDGE('',*,*,#429,.T.);
#602=ORIENTED_EDGE('',*,*,#445,.T.);
#603=ORIENTED_EDGE('',*,*,#451,.F.);
#604=ORIENTED_EDGE('',*,*,#448,.F.);
#605=ORIENTED_EDGE('',*,*,#437,.F.);
#606=ORIENTED_EDGE('',*,*,#452,.T.);
#607=ORIENTED_EDGE('',*,*,#453,.T.);
#608=ORIENTED_EDGE('',*,*,#454,.T.);
#609=ORIENTED_EDGE('',*,*,#455,.F.);
#610=ORIENTED_EDGE('',*,*,#418,.F.);
#611=ORIENTED_EDGE('',*,*,#455,.T.);
#612=ORIENTED_EDGE('',*,*,#456,.T.);
#613=ORIENTED_EDGE('',*,*,#457,.T.);
#614=ORIENTED_EDGE('',*,*,#452,.F.);
#615=ORIENTED_EDGE('',*,*,#435,.T.);
#616=ORIENTED_EDGE('',*,*,#458,.F.);
#617=ORIENTED_EDGE('',*,*,#412,.F.);
#618=ORIENTED_EDGE('',*,*,#459,.F.);
#619=ORIENTED_EDGE('',*,*,#434,.T.);
#620=ORIENTED_EDGE('',*,*,#436,.T.);
#621=ORIENTED_EDGE('',*,*,#460,.T.);
#622=ORIENTED_EDGE('',*,*,#413,.T.);
#623=ORIENTED_EDGE('',*,*,#458,.T.);
#624=ORIENTED_EDGE('',*,*,#422,.T.);
#625=ORIENTED_EDGE('',*,*,#459,.T.);
#626=ORIENTED_EDGE('',*,*,#411,.T.);
#627=ORIENTED_EDGE('',*,*,#461,.F.);
#628=ORIENTED_EDGE('',*,*,#415,.T.);
#629=ORIENTED_EDGE('',*,*,#416,.T.);
#630=ORIENTED_EDGE('',*,*,#461,.T.);
#631=ORIENTED_EDGE('',*,*,#414,.T.);
#632=ORIENTED_EDGE('',*,*,#460,.F.);
#633=ORIENTED_EDGE('',*,*,#438,.T.);
#634=ORIENTED_EDGE('',*,*,#462,.F.);
#635=ORIENTED_EDGE('',*,*,#463,.T.);
#636=ORIENTED_EDGE('',*,*,#454,.F.);
#637=ORIENTED_EDGE('',*,*,#453,.F.);
#638=ORIENTED_EDGE('',*,*,#464,.F.);
#639=ORIENTED_EDGE('',*,*,#465,.T.);
#640=ORIENTED_EDGE('',*,*,#466,.F.);
#641=ORIENTED_EDGE('',*,*,#444,.T.);
#642=ORIENTED_EDGE('',*,*,#447,.T.);
#643=ORIENTED_EDGE('',*,*,#450,.T.);
#644=ORIENTED_EDGE('',*,*,#467,.T.);
#645=ORIENTED_EDGE('',*,*,#440,.T.);
#646=ORIENTED_EDGE('',*,*,#468,.T.);
#647=ORIENTED_EDGE('',*,*,#469,.F.);
#648=ORIENTED_EDGE('',*,*,#470,.T.);
#649=ORIENTED_EDGE('',*,*,#471,.T.);
#650=ORIENTED_EDGE('',*,*,#462,.T.);
#651=ORIENTED_EDGE('',*,*,#466,.T.);
#652=ORIENTED_EDGE('',*,*,#465,.F.);
#653=ORIENTED_EDGE('',*,*,#468,.F.);
#654=ORIENTED_EDGE('',*,*,#442,.T.);
#655=ORIENTED_EDGE('',*,*,#467,.F.);
#656=ORIENTED_EDGE('',*,*,#449,.T.);
#657=ORIENTED_EDGE('',*,*,#451,.T.);
#658=ORIENTED_EDGE('',*,*,#456,.F.);
#659=ORIENTED_EDGE('',*,*,#463,.F.);
#660=ORIENTED_EDGE('',*,*,#471,.F.);
#661=ORIENTED_EDGE('',*,*,#470,.F.);
#662=ORIENTED_EDGE('',*,*,#469,.T.);
#663=ORIENTED_EDGE('',*,*,#464,.T.);
#664=ORIENTED_EDGE('',*,*,#457,.F.);
#665=ORIENTED_EDGE('',*,*,#472,.F.);
#666=ORIENTED_EDGE('',*,*,#473,.F.);
#667=ORIENTED_EDGE('',*,*,#474,.T.);
#668=ORIENTED_EDGE('',*,*,#475,.T.);
#669=ORIENTED_EDGE('',*,*,#474,.F.);
#670=ORIENTED_EDGE('',*,*,#476,.F.);
#671=ORIENTED_EDGE('',*,*,#477,.T.);
#672=ORIENTED_EDGE('',*,*,#478,.T.);
#673=ORIENTED_EDGE('',*,*,#477,.F.);
#674=ORIENTED_EDGE('',*,*,#479,.F.);
#675=ORIENTED_EDGE('',*,*,#480,.T.);
#676=ORIENTED_EDGE('',*,*,#481,.T.);
#677=ORIENTED_EDGE('',*,*,#480,.F.);
#678=ORIENTED_EDGE('',*,*,#482,.F.);
#679=ORIENTED_EDGE('',*,*,#483,.T.);
#680=ORIENTED_EDGE('',*,*,#484,.T.);
#681=ORIENTED_EDGE('',*,*,#483,.F.);
#682=ORIENTED_EDGE('',*,*,#485,.F.);
#683=ORIENTED_EDGE('',*,*,#486,.T.);
#684=ORIENTED_EDGE('',*,*,#487,.T.);
#685=ORIENTED_EDGE('',*,*,#488,.F.);
#686=ORIENTED_EDGE('',*,*,#489,.F.);
#687=ORIENTED_EDGE('',*,*,#490,.T.);
#688=ORIENTED_EDGE('',*,*,#491,.T.);
#689=ORIENTED_EDGE('',*,*,#492,.F.);
#690=ORIENTED_EDGE('',*,*,#493,.F.);
#691=ORIENTED_EDGE('',*,*,#494,.T.);
#692=ORIENTED_EDGE('',*,*,#495,.T.);
#693=ORIENTED_EDGE('',*,*,#494,.F.);
#694=ORIENTED_EDGE('',*,*,#496,.F.);
#695=ORIENTED_EDGE('',*,*,#497,.T.);
#696=ORIENTED_EDGE('',*,*,#498,.T.);
#697=ORIENTED_EDGE('',*,*,#497,.F.);
#698=ORIENTED_EDGE('',*,*,#499,.F.);
#699=ORIENTED_EDGE('',*,*,#500,.T.);
#700=ORIENTED_EDGE('',*,*,#501,.T.);
#701=ORIENTED_EDGE('',*,*,#500,.F.);
#702=ORIENTED_EDGE('',*,*,#502,.F.);
#703=ORIENTED_EDGE('',*,*,#503,.T.);
#704=ORIENTED_EDGE('',*,*,#504,.T.);
#705=ORIENTED_EDGE('',*,*,#503,.F.);
#706=ORIENTED_EDGE('',*,*,#505,.F.);
#707=ORIENTED_EDGE('',*,*,#506,.T.);
#708=ORIENTED_EDGE('',*,*,#507,.T.);
#709=ORIENTED_EDGE('',*,*,#508,.F.);
#710=ORIENTED_EDGE('',*,*,#509,.F.);
#711=ORIENTED_EDGE('',*,*,#510,.T.);
#712=ORIENTED_EDGE('',*,*,#511,.T.);
#713=ORIENTED_EDGE('',*,*,#511,.F.);
#714=ORIENTED_EDGE('',*,*,#512,.F.);
#715=ORIENTED_EDGE('',*,*,#513,.F.);
#716=ORIENTED_EDGE('',*,*,#495,.F.);
#717=ORIENTED_EDGE('',*,*,#498,.F.);
#718=ORIENTED_EDGE('',*,*,#501,.F.);
#719=ORIENTED_EDGE('',*,*,#504,.F.);
#720=ORIENTED_EDGE('',*,*,#507,.F.);
#721=ORIENTED_EDGE('',*,*,#514,.T.);
#722=ORIENTED_EDGE('',*,*,#515,.F.);
#723=ORIENTED_EDGE('',*,*,#491,.F.);
#724=ORIENTED_EDGE('',*,*,#514,.F.);
#725=ORIENTED_EDGE('',*,*,#516,.F.);
#726=ORIENTED_EDGE('',*,*,#475,.F.);
#727=ORIENTED_EDGE('',*,*,#478,.F.);
#728=ORIENTED_EDGE('',*,*,#481,.F.);
#729=ORIENTED_EDGE('',*,*,#484,.F.);
#730=ORIENTED_EDGE('',*,*,#487,.F.);
#731=ORIENTED_EDGE('',*,*,#512,.T.);
#732=ORIENTED_EDGE('',*,*,#517,.F.);
#733=ORIENTED_EDGE('',*,*,#509,.T.);
#734=ORIENTED_EDGE('',*,*,#518,.T.);
#735=ORIENTED_EDGE('',*,*,#519,.F.);
#736=ORIENTED_EDGE('',*,*,#505,.T.);
#737=ORIENTED_EDGE('',*,*,#502,.T.);
#738=ORIENTED_EDGE('',*,*,#499,.T.);
#739=ORIENTED_EDGE('',*,*,#496,.T.);
#740=ORIENTED_EDGE('',*,*,#493,.T.);
#741=ORIENTED_EDGE('',*,*,#520,.T.);
#742=ORIENTED_EDGE('',*,*,#521,.T.);
#743=ORIENTED_EDGE('',*,*,#489,.T.);
#744=ORIENTED_EDGE('',*,*,#522,.T.);
#745=ORIENTED_EDGE('',*,*,#521,.F.);
#746=ORIENTED_EDGE('',*,*,#485,.T.);
#747=ORIENTED_EDGE('',*,*,#482,.T.);
#748=ORIENTED_EDGE('',*,*,#479,.T.);
#749=ORIENTED_EDGE('',*,*,#476,.T.);
#750=ORIENTED_EDGE('',*,*,#473,.T.);
#751=ORIENTED_EDGE('',*,*,#523,.T.);
#752=ORIENTED_EDGE('',*,*,#519,.T.);
#753=ORIENTED_EDGE('',*,*,#508,.T.);
#754=ORIENTED_EDGE('',*,*,#515,.T.);
#755=ORIENTED_EDGE('',*,*,#490,.F.);
#756=ORIENTED_EDGE('',*,*,#518,.F.);
#757=ORIENTED_EDGE('',*,*,#492,.T.);
#758=ORIENTED_EDGE('',*,*,#513,.T.);
#759=ORIENTED_EDGE('',*,*,#486,.F.);
#760=ORIENTED_EDGE('',*,*,#520,.F.);
#761=ORIENTED_EDGE('',*,*,#488,.T.);
#762=ORIENTED_EDGE('',*,*,#517,.T.);
#763=ORIENTED_EDGE('',*,*,#510,.F.);
#764=ORIENTED_EDGE('',*,*,#522,.F.);
#765=ORIENTED_EDGE('',*,*,#472,.T.);
#766=ORIENTED_EDGE('',*,*,#516,.T.);
#767=ORIENTED_EDGE('',*,*,#506,.F.);
#768=ORIENTED_EDGE('',*,*,#523,.F.);
#769=ORIENTED_EDGE('',*,*,#524,.T.);
#770=ORIENTED_EDGE('',*,*,#525,.T.);
#771=ORIENTED_EDGE('',*,*,#526,.F.);
#772=ORIENTED_EDGE('',*,*,#525,.F.);
#773=ORIENTED_EDGE('',*,*,#527,.T.);
#774=ORIENTED_EDGE('',*,*,#528,.T.);
#775=ORIENTED_EDGE('',*,*,#529,.F.);
#776=ORIENTED_EDGE('',*,*,#530,.T.);
#777=ORIENTED_EDGE('',*,*,#531,.T.);
#778=ORIENTED_EDGE('',*,*,#532,.T.);
#779=ORIENTED_EDGE('',*,*,#533,.F.);
#780=ORIENTED_EDGE('',*,*,#534,.F.);
#781=ORIENTED_EDGE('',*,*,#535,.T.);
#782=ORIENTED_EDGE('',*,*,#536,.F.);
#783=ORIENTED_EDGE('',*,*,#537,.F.);
#784=ORIENTED_EDGE('',*,*,#532,.F.);
#785=ORIENTED_EDGE('',*,*,#531,.F.);
#786=ORIENTED_EDGE('',*,*,#538,.T.);
#787=ORIENTED_EDGE('',*,*,#526,.T.);
#788=ORIENTED_EDGE('',*,*,#538,.F.);
#789=ORIENTED_EDGE('',*,*,#533,.T.);
#790=ORIENTED_EDGE('',*,*,#537,.T.);
#791=ORIENTED_EDGE('',*,*,#539,.T.);
#792=ORIENTED_EDGE('',*,*,#527,.F.);
#793=ORIENTED_EDGE('',*,*,#524,.F.);
#794=ORIENTED_EDGE('',*,*,#540,.F.);
#795=ORIENTED_EDGE('',*,*,#536,.T.);
#796=ORIENTED_EDGE('',*,*,#541,.T.);
#797=ORIENTED_EDGE('',*,*,#528,.F.);
#798=ORIENTED_EDGE('',*,*,#539,.F.);
#799=ORIENTED_EDGE('',*,*,#535,.F.);
#800=ORIENTED_EDGE('',*,*,#542,.T.);
#801=ORIENTED_EDGE('',*,*,#529,.T.);
#802=ORIENTED_EDGE('',*,*,#541,.F.);
#803=ORIENTED_EDGE('',*,*,#534,.T.);
#804=ORIENTED_EDGE('',*,*,#540,.T.);
#805=ORIENTED_EDGE('',*,*,#530,.F.);
#806=ORIENTED_EDGE('',*,*,#542,.F.);
#807=PLANE('',#876);
#808=PLANE('',#883);
#809=PLANE('',#885);
#810=PLANE('',#887);
#811=PLANE('',#888);
#812=PLANE('',#889);
#813=PLANE('',#890);
#814=ADVANCED_FACE('',(#145),#807,.T.);
#815=ADVANCED_FACE('',(#146),#114,.F.);
#816=ADVANCED_FACE('',(#147),#42,.T.);
#817=ADVANCED_FACE('',(#148),#115,.F.);
#818=ADVANCED_FACE('',(#149),#116,.T.);
#819=ADVANCED_FACE('',(#150),#117,.T.);
#820=ADVANCED_FACE('',(#151),#118,.T.);
#821=ADVANCED_FACE('',(#152),#808,.F.);
#822=ADVANCED_FACE('',(#153),#119,.T.);
#823=ADVANCED_FACE('',(#154),#809,.F.);
#824=ADVANCED_FACE('',(#155),#120,.F.);
#825=ADVANCED_FACE('',(#156),#121,.F.);
#826=ADVANCED_FACE('',(#157),#810,.F.);
#827=ADVANCED_FACE('',(#158),#811,.T.);
#828=ADVANCED_FACE('',(#159),#812,.T.);
#829=ADVANCED_FACE('',(#160),#813,.T.);
#830=ADVANCED_FACE('',(#161),#19,.T.);
#831=ADVANCED_FACE('',(#162),#43,.F.);
#832=ADVANCED_FACE('',(#163),#20,.T.);
#833=ADVANCED_FACE('',(#164),#122,.F.);
#834=ADVANCED_FACE('',(#165),#123,.F.);
#835=ADVANCED_FACE('',(#166),#124,.F.);
#836=ADVANCED_FACE('',(#167),#125,.F.);
#837=ADVANCED_FACE('',(#168),#126,.F.);
#838=ADVANCED_FACE('',(#169),#127,.F.);
#839=ADVANCED_FACE('',(#170),#128,.F.);
#840=ADVANCED_FACE('',(#171),#129,.F.);
#841=ADVANCED_FACE('',(#172),#130,.F.);
#842=ADVANCED_FACE('',(#173),#131,.F.);
#843=ADVANCED_FACE('',(#174),#132,.F.);
#844=ADVANCED_FACE('',(#175),#133,.F.);
#845=ADVANCED_FACE('',(#176),#21,.F.);
#846=ADVANCED_FACE('',(#177),#22,.F.);
#847=ADVANCED_FACE('',(#178),#134,.T.);
#848=ADVANCED_FACE('',(#179),#135,.T.);
#849=ADVANCED_FACE('',(#180),#136,.F.);
#850=ADVANCED_FACE('',(#181),#137,.F.);
#851=ADVANCED_FACE('',(#182),#138,.F.);
#852=ADVANCED_FACE('',(#183),#139,.F.);
#853=ADVANCED_FACE('',(#184),#44,.F.);
#854=ADVANCED_FACE('',(#185),#45,.T.);
#855=ADVANCED_FACE('',(#186),#140,.F.);
#856=ADVANCED_FACE('',(#187),#141,.T.);
#857=ADVANCED_FACE('',(#188),#142,.F.);
#858=ADVANCED_FACE('',(#189),#143,.F.);
#859=ADVANCED_FACE('',(#190),#144,.F.);
#860=CLOSED_SHELL('',(#814,#815,#816,#817,#818,#819,#820,#821,#822,#823,
#824,#825,#826,#827,#828,#829,#830,#831,#832));
#861=CLOSED_SHELL('',(#833,#834,#835,#836,#837,#838,#839,#840,#841,#842,
#843,#844,#845,#846,#847,#848,#849,#850,#851,#852));
#862=CLOSED_SHELL('',(#853,#854,#855,#856,#857,#858,#859));
#863=DERIVED_UNIT_ELEMENT(#865,1.);
#864=DERIVED_UNIT_ELEMENT(#5555,-3.);
#865=(
MASS_UNIT()
NAMED_UNIT(*)
SI_UNIT(.KILO.,.GRAM.)
);
#866=DERIVED_UNIT((#863,#864));
#867=MEASURE_REPRESENTATION_ITEM('density measure',
POSITIVE_RATIO_MEASURE(7850.),#866);
#868=PROPERTY_DEFINITION_REPRESENTATION(#873,#870);
#869=PROPERTY_DEFINITION_REPRESENTATION(#874,#871);
#870=REPRESENTATION('material name',(#872),#5552);
#871=REPRESENTATION('density',(#867),#5552);
#872=DESCRIPTIVE_REPRESENTATION_ITEM('Steel','Steel');
#873=PROPERTY_DEFINITION('material property','material name',#5562);
#874=PROPERTY_DEFINITION('material property','density of part',#5562);
#875=AXIS2_PLACEMENT_3D('',#1013,#906,#907);
#876=AXIS2_PLACEMENT_3D('',#1014,#908,#909);
#877=AXIS2_PLACEMENT_3D('',#1607,#914,#915);
#878=AXIS2_PLACEMENT_3D('',#1651,#919,#920);
#879=AXIS2_PLACEMENT_3D('',#1653,#921,#922);
#880=AXIS2_PLACEMENT_3D('',#1655,#923,#924);
#881=AXIS2_PLACEMENT_3D('',#1715,#926,#927);
#882=AXIS2_PLACEMENT_3D('',#2524,#931,#932);
#883=AXIS2_PLACEMENT_3D('',#2526,#934,#935);
#884=AXIS2_PLACEMENT_3D('',#2529,#937,#938);
#885=AXIS2_PLACEMENT_3D('',#2642,#940,#941);
#886=AXIS2_PLACEMENT_3D('',#2643,#942,#943);
#887=AXIS2_PLACEMENT_3D('',#2768,#946,#947);
#888=AXIS2_PLACEMENT_3D('',#2771,#950,#951);
#889=AXIS2_PLACEMENT_3D('',#2773,#953,#954);
#890=AXIS2_PLACEMENT_3D('',#2775,#956,#957);
#891=AXIS2_PLACEMENT_3D('',#3216,#958,#959);
#892=AXIS2_PLACEMENT_3D('',#3239,#960,#961);
#893=AXIS2_PLACEMENT_3D('',#3243,#964,#965);
#894=AXIS2_PLACEMENT_3D('',#5227,#982,#983);
#895=AXIS2_PLACEMENT_3D('',#5230,#984,#985);
#896=AXIS2_PLACEMENT_3D('',#5233,#987,#988);
#897=AXIS2_PLACEMENT_3D('',#5235,#989,#990);
#898=AXIS2_PLACEMENT_3D('',#5237,#991,#992);
#899=AXIS2_PLACEMENT_3D('',#5263,#993,#994);
#900=AXIS2_PLACEMENT_3D('',#5264,#995,#996);
#901=AXIS2_PLACEMENT_3D('',#5266,#997,#998);
#902=AXIS2_PLACEMENT_3D('',#5270,#1000,#1001);
#903=AXIS2_PLACEMENT_3D('',#5272,#1002,#1003);
#904=AXIS2_PLACEMENT_3D('',#5299,#1004,#1005);
#905=AXIS2_PLACEMENT_3D('',#5300,#1006,#1007);
#906=DIRECTION('axis',(0.,0.,1.));
#907=DIRECTION('refdir',(1.,0.,0.));
#908=DIRECTION('center_axis',(-0.283464539551304,0.958982718726968,0.));
#909=DIRECTION('ref_axis',(-0.958982718726968,-0.283464539551304,-7.15492995178488E-16));
#910=DIRECTION('',(0.958982718726968,0.283464539551304,7.15492995178488E-16));
#911=DIRECTION('',(0.,0.,1.));
#912=DIRECTION('',(-0.958982718726968,-0.283464539551304,-7.15492995178488E-16));
#913=DIRECTION('',(0.,0.,1.));
#914=DIRECTION('center_axis',(0.952732052788701,0.303811842410774,0.));
#915=DIRECTION('ref_axis',(-0.303811842410774,0.9527320527887,0.));
#916=DIRECTION('',(-0.9527320527887,-0.303811842410774,0.));
#917=DIRECTION('',(-0.952732052788701,-0.303811842410774,0.));
#918=DIRECTION('',(-0.952732052788701,-0.303811842410774,0.));
#919=DIRECTION('center_axis',(-0.952732052788701,-0.303811842410772,0.));
#920=DIRECTION('ref_axis',(0.303811842410772,-0.952732052788701,0.));
#921=DIRECTION('center_axis',(-0.880605945048985,0.473849311009718,0.));
#922=DIRECTION('ref_axis',(0.473849311009718,0.880605945048985,0.));
#923=DIRECTION('center_axis',(-0.952732052788701,-0.303811842410772,0.));
#924=DIRECTION('ref_axis',(0.303811842410772,-0.952732052788701,0.));
#925=DIRECTION('',(0.9527320527887,0.303811842410774,0.));
#926=DIRECTION('center_axis',(0.815373557414816,-0.578935196605551,0.));
#927=DIRECTION('ref_axis',(0.578935196605551,0.815373557414816,0.));
#928=DIRECTION('',(-0.303811842410772,0.952732052788701,0.));
#929=DIRECTION('',(-0.303811842410773,0.952732052788701,-6.41481656696232E-17));
#930=DIRECTION('',(-0.0774306943051081,0.242817079639763,0.966976914623429));
#931=DIRECTION('center_axis',(-0.815373557414816,0.578935196605551,0.));
#932=DIRECTION('ref_axis',(0.578935196605551,0.815373557414816,0.));
#933=DIRECTION('',(-0.0774306943051081,0.242817079639763,-0.966976914623429));
#934=DIRECTION('center_axis',(0.952732052788701,0.303811842410772,7.7715611723761E-16));
#935=DIRECTION('ref_axis',(8.15713205998296E-16,0.,-1.));
#936=DIRECTION('',(-0.168011110250946,0.526870739107883,0.833174346163009));
#937=DIRECTION('center_axis',(-0.952732052788701,-0.303811842410772,0.));
#938=DIRECTION('ref_axis',(0.303811842410772,-0.952732052788701,0.));
#939=DIRECTION('',(-0.16801111025092,0.526870739107802,-0.833174346163066));
#940=DIRECTION('center_axis',(0.952732052788701,0.303811842410772,-7.63278329429795E-16));
#941=DIRECTION('ref_axis',(-8.01146898748327E-16,0.,-1.));
#942=DIRECTION('center_axis',(-0.952732052788701,-0.303811842410772,0.));
#943=DIRECTION('ref_axis',(0.303811842410772,-0.952732052788701,0.));
#944=DIRECTION('',(-0.147235057790169,0.989101530560703,0.));
#945=DIRECTION('',(0.154613184201491,-0.987975082312846,2.24556786163562E-15));
#946=DIRECTION('center_axis',(0.815373557414816,-0.578935196605551,0.));
#947=DIRECTION('ref_axis',(0.578935196605551,0.815373557414816,0.));
#948=DIRECTION('',(-0.578935196605551,-0.815373557414816,0.));
#949=DIRECTION('',(0.578935196605551,0.815373557414816,5.78994452351922E-16));
#950=DIRECTION('center_axis',(0.,0.,1.));
#951=DIRECTION('ref_axis',(1.,0.,0.));
#952=DIRECTION('',(-0.283464539551304,0.958982718726968,0.));
#953=DIRECTION('center_axis',(0.,0.,-1.));
#954=DIRECTION('ref_axis',(-1.,0.,0.));
#955=DIRECTION('',(-0.283464539551299,0.95898271872697,2.65273830167422E-17));
#956=DIRECTION('center_axis',(0.958982718726968,0.283464539551304,0.));
#957=DIRECTION('ref_axis',(-0.283464539551304,0.958982718726968,0.));
#958=DIRECTION('center_axis',(-0.939184806204903,-0.343412142758316,2.34951097526772E-12));
#959=DIRECTION('ref_axis',(0.343412142758316,-0.939184806204903,4.96232166271735E-10));
#960=DIRECTION('center_axis',(0.952732052788701,0.303811842410774,0.));
#961=DIRECTION('ref_axis',(-0.303811842410774,0.9527320527887,0.));
#962=DIRECTION('',(0.952732052788701,0.303811842410774,0.));
#963=DIRECTION('',(0.952732052788701,0.303811842410774,0.));
#964=DIRECTION('center_axis',(-0.939184806205028,-0.343412142757977,-2.10102361560938E-12));
#965=DIRECTION('ref_axis',(0.343412142757968,-0.939184806205004,2.23480171954013E-7));
#966=DIRECTION('',(0.861795911403228,-0.464304152935458,-0.204277900556));
#967=DIRECTION('',(0.591807517490032,-0.327571167462458,-0.736519512633283));
#968=DIRECTION('',(0.293523173811382,-0.166889402935211,-0.941271519607186));
#969=DIRECTION('',(0.0525205320645895,-0.0304009297710713,-0.99815699024788));
#970=DIRECTION('',(-0.247004344453977,0.145334922532296,-0.958053554929678));
#971=DIRECTION('',(-0.857917179857379,0.513788003465984,-2.77084918196112E-15));
#972=DIRECTION('',(-0.50820531087541,0.1807497874452,-0.842055150412693));
#973=DIRECTION('',(0.949510591037124,-0.313734979733424,5.06641160916853E-16));
#974=DIRECTION('',(-0.247004344454003,0.145334922532299,0.95805355492967));
#975=DIRECTION('',(0.0525205320646053,-0.0304009297710796,0.998156990247879));
#976=DIRECTION('',(0.293523173811386,-0.16688940293522,0.941271519607184));
#977=DIRECTION('',(0.591807517490048,-0.327571167462451,0.736519512633272));
#978=DIRECTION('',(0.86179591140321,-0.464304152935502,0.204277900555976));
#979=DIRECTION('',(0.880749489421288,-0.473582449932575,0.));
#980=DIRECTION('',(-0.5082053108754,0.180749787445195,0.8420551504127));
#981=DIRECTION('',(-0.939771590605518,0.341803097544148,2.48325010440127E-15));
#982=DIRECTION('center_axis',(0.275637355816997,-0.96126169593832,0.));
#983=DIRECTION('ref_axis',(0.96126169593832,0.275637355816997,0.));
#984=DIRECTION('center_axis',(-0.815373557414816,0.578935196605551,0.));
#985=DIRECTION('ref_axis',(0.578935196605551,0.815373557414816,0.));
#986=DIRECTION('',(0.275637355816997,-0.96126169593832,0.));
#987=DIRECTION('center_axis',(-0.283464539551304,0.958982718726968,0.));
#988=DIRECTION('ref_axis',(0.958982718726968,0.283464539551304,0.));
#989=DIRECTION('center_axis',(-0.815373557414816,0.578935196605551,0.));
#990=DIRECTION('ref_axis',(0.578935196605551,0.815373557414816,0.));
#991=DIRECTION('center_axis',(-0.952732052788701,-0.303811842410772,0.));
#992=DIRECTION('ref_axis',(0.303811842410772,-0.952732052788701,0.));
#993=DIRECTION('center_axis',(-0.952732052788701,-0.303811842410772,0.));
#994=DIRECTION('ref_axis',(0.303811842410772,-0.952732052788701,0.));
#995=DIRECTION('center_axis',(0.275637355816997,-0.96126169593832,0.));
#996=DIRECTION('ref_axis',(0.96126169593832,0.275637355816996,0.));
#997=DIRECTION('center_axis',(-0.281467937383372,0.95957063326529,0.));
#998=DIRECTION('ref_axis',(0.95957063326529,0.281467937383372,0.));
#999=DIRECTION('',(-0.275637355816997,0.96126169593832,0.));
#1000=DIRECTION('center_axis',(-0.728396792146853,0.685155539414354,0.));
#1001=DIRECTION('ref_axis',(0.685155539414354,0.728396792146853,0.));
#1002=DIRECTION('center_axis',(-0.949620027373221,-0.313403579449378,0.));
#1003=DIRECTION('ref_axis',(0.313403579449378,-0.949620027373221,0.));
#1004=DIRECTION('center_axis',(-0.949620027373221,-0.313403579449378,0.));
#1005=DIRECTION('ref_axis',(0.313403579449378,-0.949620027373221,0.));
#1006=DIRECTION('center_axis',(-0.728396792146853,0.685155539414354,0.));
#1007=DIRECTION('ref_axis',(0.685155539414354,0.728396792146853,0.));
#1008=DIRECTION('',(0.96126169593832,0.275637355816997,-1.22464679914735E-16));
#1009=DIRECTION('',(-0.00865331940518897,-0.00248129941093511,-0.999959480787349));
#1010=DIRECTION('',(-0.00865331940518897,-0.00248129941093511,0.999959480787349));
#1011=DIRECTION('',(-0.0187761948109847,-0.0053839872241582,-0.999809215395612));
#1012=DIRECTION('',(-0.0187761948109901,-0.00538398722415996,0.999809215395612));
#1013=CARTESIAN_POINT('',(0.,0.,0.));
#1014=CARTESIAN_POINT('Origin',(546.741903827518,332.475142325127,-24.9999999999999));
#1015=CARTESIAN_POINT('',(376.549883382631,282.168289272803,-25.));
#1016=CARTESIAN_POINT('',(546.741903827518,332.475142325127,-24.9999999999999));
#1017=CARTESIAN_POINT('',(376.549883382631,282.168289272803,-25.));
#1018=CARTESIAN_POINT('',(376.549883382631,282.168289272803,25.));
#1019=CARTESIAN_POINT('',(376.549883382631,282.168289272803,-25.));
#1020=CARTESIAN_POINT('',(546.741903827518,332.475142325127,25.0000000000001));
#1021=CARTESIAN_POINT('',(376.549883382631,282.168289272803,25.));
#1022=CARTESIAN_POINT('',(546.741903827518,332.475142325127,-24.9999999999999));
#1023=CARTESIAN_POINT('Ctrl Pts',(478.165417050528,301.515369265066,1.19243211344049E-14));
#1024=CARTESIAN_POINT('Ctrl Pts',(478.184924312168,301.52344269656,1.34979447815618E-14));
#1025=CARTESIAN_POINT('Ctrl Pts',(478.204431497915,301.531516096751,1.53707441790432E-14));
#1026=CARTESIAN_POINT('Ctrl Pts',(478.388327043073,301.607624577385,2.60323519769459E-14));
#1027=CARTESIAN_POINT('Ctrl Pts',(478.552709232308,301.675657115524,3.48083298884578E-14));
#1028=CARTESIAN_POINT('Ctrl Pts',(478.799307407195,301.777716186157,2.34558707698194E-14));
#1029=CARTESIAN_POINT('Ctrl Pts',(478.881453110658,301.811713730337,2.97533608365874E-14));
#1030=CARTESIAN_POINT('Ctrl Pts',(479.04597077616,301.879802148606,2.409550827549E-14));
#1031=CARTESIAN_POINT('Ctrl Pts',(479.115336740745,301.908511705122,3.66411670949378E-14));
#1032=CARTESIAN_POINT('Ctrl Pts',(479.368077021776,302.013108901847,3.02784664434071E-15));
#1033=CARTESIAN_POINT('Ctrl Pts',(479.581471047689,302.100754201548,6.67518752927624E-15));
#1034=CARTESIAN_POINT('Ctrl Pts',(479.961841755536,302.255431026169,3.91514794884123E-14));
#1035=CARTESIAN_POINT('Ctrl Pts',(480.150126562987,302.331340192008,2.69780281505848E-14));
#1036=CARTESIAN_POINT('Ctrl Pts',(480.71970543424,302.559037670959,6.43184652251286E-15));
#1037=CARTESIAN_POINT('Ctrl Pts',(481.100933586056,302.708867784466,-2.0456806409871E-14));
#1038=CARTESIAN_POINT('Ctrl Pts',(482.251384491161,303.15376232927,1.72674680593936E-14));
#1039=CARTESIAN_POINT('Ctrl Pts',(483.026913883851,303.444056925597,1.06448232652423E-14));
#1040=CARTESIAN_POINT('Ctrl Pts',(485.382480108825,304.299865315134,-1.55575745660801E-14));
#1041=CARTESIAN_POINT('Ctrl Pts',(486.993426839082,304.851147142768,1.65132837536639E-14));
#1042=CARTESIAN_POINT('Ctrl Pts',(491.96355566143,306.465959976214,-5.898895072589E-14));
#1043=CARTESIAN_POINT('Ctrl Pts',(495.468781445144,307.493978989044,-2.2014573405157E-14));
#1044=CARTESIAN_POINT('Ctrl Pts',(506.593304598134,310.493473848421,-1.41751737863922E-14));
#1045=CARTESIAN_POINT('Ctrl Pts',(514.844779747442,312.387094151878,-4.95362970230879E-15));
#1046=CARTESIAN_POINT('Ctrl Pts',(534.160670956938,316.267650322065,3.23604928087964E-15));
#1047=CARTESIAN_POINT('Ctrl Pts',(545.468680441914,318.223131575154,6.36881526394132E-15));
#1048=CARTESIAN_POINT('Ctrl Pts',(557.407945178224,319.999483268069,6.15733278289025E-15));
#1049=CARTESIAN_POINT('Ctrl Pts',(478.165417050528,301.515369265066,-2.57142857142856));
#1050=CARTESIAN_POINT('Ctrl Pts',(478.184924312168,301.52344269656,-2.57142857142857));
#1051=CARTESIAN_POINT('Ctrl Pts',(478.204431498243,301.531516096855,-2.57142857144446));
#1052=CARTESIAN_POINT('Ctrl Pts',(478.388327186615,301.607624621878,-2.57142857173217));
#1053=CARTESIAN_POINT('Ctrl Pts',(478.552709925869,301.675657330748,-2.57142857519385));
#1054=CARTESIAN_POINT('Ctrl Pts',(478.799308359118,301.777716481165,-2.57142857288484));
#1055=CARTESIAN_POINT('Ctrl Pts',(478.881454155661,301.81171405516,-2.57142858223225));
#1056=CARTESIAN_POINT('Ctrl Pts',(479.045971930532,301.879802504759,-2.5714285580538));
#1057=CARTESIAN_POINT('Ctrl Pts',(479.115340162628,301.908512992277,-2.57142866583351));
#1058=CARTESIAN_POINT('Ctrl Pts',(479.368074788569,302.013107819581,-2.57142827972498));
#1059=CARTESIAN_POINT('Ctrl Pts',(479.581455432366,302.100747583181,-2.57142830165392));
#1060=CARTESIAN_POINT('Ctrl Pts',(479.961809930971,302.255417792449,-2.5714287740581));
#1061=CARTESIAN_POINT('Ctrl Pts',(480.150086263868,302.33132351753,-2.57142860006478));
#1062=CARTESIAN_POINT('Ctrl Pts',(480.719641037327,302.559011292775,-2.57142867110764));
#1063=CARTESIAN_POINT('Ctrl Pts',(481.100853998074,302.708835356367,-2.57142862600545));
#1064=CARTESIAN_POINT('Ctrl Pts',(482.251261053071,303.153712699396,-2.57142871607827));
#1065=CARTESIAN_POINT('Ctrl Pts',(483.026764891501,303.443997492078,-2.57142857875974));
#1066=CARTESIAN_POINT('Ctrl Pts',(485.382259445581,304.299779135413,-2.57142913344712));
#1067=CARTESIAN_POINT('Ctrl Pts',(486.993171591159,304.851048643496,-2.571428410779));
#1068=CARTESIAN_POINT('Ctrl Pts',(491.963208531825,306.465830373091,-2.57143095510485));
#1069=CARTESIAN_POINT('Ctrl Pts',(495.468417393129,307.493844806552,-2.57142894460679));
#1070=CARTESIAN_POINT('Ctrl Pts',(506.592892738266,310.493328860288,-2.57143399698813));
#1071=CARTESIAN_POINT('Ctrl Pts',(514.844508751046,312.386993895201,-2.57143531428913));
#1072=CARTESIAN_POINT('Ctrl Pts',(534.1604580155,316.267577562878,-2.57142504875562));
#1073=CARTESIAN_POINT('Ctrl Pts',(545.468747722035,318.223141664368,-2.57147399497254));
#1074=CARTESIAN_POINT('Ctrl Pts',(557.407945178224,319.999483268069,-2.57146440283627));
#1075=CARTESIAN_POINT('Ctrl Pts',(478.368188023182,301.025428101912,-7.0215940357013));
#1076=CARTESIAN_POINT('Ctrl Pts',(478.387695284822,301.033501533406,-7.0215940357013));
#1077=CARTESIAN_POINT('Ctrl Pts',(478.407202472098,301.041574934222,-7.02159403574618));
#1078=CARTESIAN_POINT('Ctrl Pts',(478.591097957006,301.117683391594,-7.0215940364046));
#1079=CARTESIAN_POINT('Ctrl Pts',(478.755480172833,301.185715945261,-7.02159404564584));
#1080=CARTESIAN_POINT('Ctrl Pts',(479.00207792949,301.28777484811,-7.02159403877948));
#1081=CARTESIAN_POINT('Ctrl Pts',(479.084224596476,301.321772784738,-7.02159406529655));
#1082=CARTESIAN_POINT('Ctrl Pts',(479.248739545405,301.389860099723,-7.021593996313));
#1083=CARTESIAN_POINT('Ctrl Pts',(479.318357736584,301.418673958791,-7.0215943030748));
#1084=CARTESIAN_POINT('Ctrl Pts',(479.570415408316,301.522988958832,-7.02159320353089));
#1085=CARTESIAN_POINT('Ctrl Pts',(479.782361057884,301.610037935395,-7.02159326586314));
#1086=CARTESIAN_POINT('Ctrl Pts',(480.160625028544,301.76385792082,-7.02159461038994));
#1087=CARTESIAN_POINT('Ctrl Pts',(480.347983286836,301.839393801158,-7.02159411479244));
#1088=CARTESIAN_POINT('Ctrl Pts',(480.91467119086,302.065935454588,-7.02159431614818));
#1089=CARTESIAN_POINT('Ctrl Pts',(481.294051043936,302.215039722573,-7.02159418662274));
#1090=CARTESIAN_POINT('Ctrl Pts',(482.439100513014,302.657845381243,-7.0215944395318));
#1091=CARTESIAN_POINT('Ctrl Pts',(483.21124638056,302.946876463008,-7.02159404401685));
#1092=CARTESIAN_POINT('Ctrl Pts',(485.557234680821,303.799204790463,-7.02159560927348));
#1093=CARTESIAN_POINT('Ctrl Pts',(487.162493394778,304.348555610051,-7.02159353331195));
#1094=CARTESIAN_POINT('Ctrl Pts',(492.117214799841,305.95836126995,-7.0216007216322));
#1095=CARTESIAN_POINT('Ctrl Pts',(495.614078681726,306.983985943406,-7.02159492195304));
#1096=CARTESIAN_POINT('Ctrl Pts',(506.717070036589,309.977672198608,-7.02160909243594));
#1097=CARTESIAN_POINT('Ctrl Pts',(514.958123550953,311.86903454654,-7.02161247583113));
#1098=CARTESIAN_POINT('Ctrl Pts',(534.254917343497,315.745754530038,-7.02158283822534));
#1099=CARTESIAN_POINT('Ctrl Pts',(545.554411587676,317.699749609951,-7.02172150230237));
#1100=CARTESIAN_POINT('Ctrl Pts',(557.485903654497,319.474958019548,-7.02169418566096));
#1101=CARTESIAN_POINT('Ctrl Pts',(479.501789540234,298.286386913931,-13.7124098081859));
#1102=CARTESIAN_POINT('Ctrl Pts',(479.521296801874,298.294460345425,-13.7124098081859));
#1103=CARTESIAN_POINT('Ctrl Pts',(479.540803997939,298.302533749816,-13.7124098082529));
#1104=CARTESIAN_POINT('Ctrl Pts',(479.72469927936,298.378642118521,-13.712409809243));
#1105=CARTESIAN_POINT('Ctrl Pts',(479.889082145902,298.446674916496,-13.7124098230571));
#1106=CARTESIAN_POINT('Ctrl Pts',(480.135677817057,298.548732957685,-13.7124098128304));
#1107=CARTESIAN_POINT('Ctrl Pts',(480.217829918208,298.582733109704,-13.7124098523858));
#1108=CARTESIAN_POINT('Ctrl Pts',(480.38232988604,298.650814302975,-13.7124097495031));
#1109=CARTESIAN_POINT('Ctrl Pts',(480.453359723817,298.680212024554,-13.7124102068873));
#1110=CARTESIAN_POINT('Ctrl Pts',(480.701598470788,298.782947807252,-13.7124085676193));
#1111=CARTESIAN_POINT('Ctrl Pts',(480.905384566957,298.866637534341,-13.7124086562131));
#1112=CARTESIAN_POINT('Ctrl Pts',(481.271933857849,299.015693458326,-13.7124106616834));
#1113=CARTESIAN_POINT('Ctrl Pts',(481.454075392516,299.089127325842,-13.7124099225083));
#1114=CARTESIAN_POINT('Ctrl Pts',(482.004588480555,299.309202271944,-13.7124102227519));
#1115=CARTESIAN_POINT('Ctrl Pts',(482.373616403708,299.454241033605,-13.7124100299712));
#1116=CARTESIAN_POINT('Ctrl Pts',(483.488428146854,299.885352820863,-13.7124104060217));
#1117=CARTESIAN_POINT('Ctrl Pts',(484.241635970857,300.167311407537,-13.7124098191711));
#1118=CARTESIAN_POINT('Ctrl Pts',(486.534005122677,301.000157577206,-13.7124121444656));
#1119=CARTESIAN_POINT('Ctrl Pts',(488.107445037188,301.538704996952,-13.712409064193));
#1120=CARTESIAN_POINT('Ctrl Pts',(492.97591857681,303.120482783981,-13.7124197418064));
#1121=CARTESIAN_POINT('Ctrl Pts',(496.426061690566,304.132727985551,-13.7124111382103));
#1122=CARTESIAN_POINT('Ctrl Pts',(507.408562227722,307.093916003302,-13.7124321981239));
#1123=CARTESIAN_POINT('Ctrl Pts',(515.591568225637,308.972717809353,-13.7124372525833));
#1124=CARTESIAN_POINT('Ctrl Pts',(534.781570983025,312.82799036656,-13.7123932970113));
#1125=CARTESIAN_POINT('Ctrl Pts',(546.033749658646,314.773804234833,-13.7125992283741));
#1126=CARTESIAN_POINT('Ctrl Pts',(557.921735702613,316.542604439973,-13.7125586721581));
#1127=CARTESIAN_POINT('Ctrl Pts',(480.499620949727,295.875397436459,-17.2571073002144));
#1128=CARTESIAN_POINT('Ctrl Pts',(480.519128211367,295.883470867953,-17.2571073002144));
#1129=CARTESIAN_POINT('Ctrl Pts',(480.538635414895,295.891544275412,-17.25710730028));
#1130=CARTESIAN_POINT('Ctrl Pts',(480.722530422218,295.967652536649,-17.2571073012308));
#1131=CARTESIAN_POINT('Ctrl Pts',(480.886913488259,296.035685434782,-17.2571073147019));
#1132=CARTESIAN_POINT('Ctrl Pts',(481.133507162525,296.137742666711,-17.257107304635));
#1133=CARTESIAN_POINT('Ctrl Pts',(481.215663952263,296.171744742292,-17.2571073434179));
#1134=CARTESIAN_POINT('Ctrl Pts',(481.380150748625,296.239820544208,-17.2571072424948));
#1135=CARTESIAN_POINT('Ctrl Pts',(481.452421204582,296.269731475697,-17.2571076909428));
#1136=CARTESIAN_POINT('Ctrl Pts',(481.697304192052,296.371079301189,-17.2571060837318));
#1137=CARTESIAN_POINT('Ctrl Pts',(481.89387696968,296.45179952372,-17.2571061664705));
#1138=CARTESIAN_POINT('Ctrl Pts',(482.250187961215,296.59669214932,-17.2571081336864));
#1139=CARTESIAN_POINT('Ctrl Pts',(482.427720074139,296.6682685133,-17.2571074085868));
#1140=CARTESIAN_POINT('Ctrl Pts',(482.964019354143,296.882660918118,-17.2571077028771));
#1141=CARTESIAN_POINT('Ctrl Pts',(483.323941444107,297.024123516015,-17.2571075139364));
#1142=CARTESIAN_POINT('Ctrl Pts',(484.412166197503,297.444953540345,-17.257107881199));
#1143=CARTESIAN_POINT('Ctrl Pts',(485.148722306023,297.720693505503,-17.2571073074149));
#1144=CARTESIAN_POINT('Ctrl Pts',(487.393936644972,298.536407168334,-17.257109577911));
#1145=CARTESIAN_POINT('Ctrl Pts',(488.93940139283,299.065456041975,-17.2571065671169));
#1146=CARTESIAN_POINT('Ctrl Pts',(493.731997351401,300.622578546284,-17.2571169936185));
#1147=CARTESIAN_POINT('Ctrl Pts',(497.141059548952,301.623058007555,-17.2571085816056));
#1148=CARTESIAN_POINT('Ctrl Pts',(508.017476828117,304.55563539769,-17.2571291378267));
#1149=CARTESIAN_POINT('Ctrl Pts',(516.149358512384,306.4233673818,-17.2571340403552));
#1150=CARTESIAN_POINT('Ctrl Pts',(535.245260664174,310.259723312652,-17.2570910680991));
#1151=CARTESIAN_POINT('Ctrl Pts',(546.455626951193,312.198316000257,-17.2572921856957));
#1152=CARTESIAN_POINT('Ctrl Pts',(558.305369822753,313.96147728905,-17.2572525634257));
#1153=CARTESIAN_POINT('Ctrl Pts',(481.231895926259,294.106053190284,-19.2084832629866));
#1154=CARTESIAN_POINT('Ctrl Pts',(481.2514031879,294.114126621778,-19.2084832629866));
#1155=CARTESIAN_POINT('Ctrl Pts',(481.270910397042,294.122200031535,-19.2084832630466));
#1156=CARTESIAN_POINT('Ctrl Pts',(481.454805282284,294.19830823844,-19.2084832639193));
#1157=CARTESIAN_POINT('Ctrl Pts',(481.619188791633,294.266341302707,-19.2084832762367));
#1158=CARTESIAN_POINT('Ctrl Pts',(481.865781151224,294.368397986925,-19.2084832670539));
#1159=CARTESIAN_POINT('Ctrl Pts',(481.947941406823,294.402401483884,-19.2084833024664));
#1160=CARTESIAN_POINT('Ctrl Pts',(482.112418667587,294.470473364532,-19.2084832103252));
#1161=CARTESIAN_POINT('Ctrl Pts',(482.18560047323,294.500761341133,-19.2084836196984));
#1162=CARTESIAN_POINT('Ctrl Pts',(482.428019188023,294.601089741636,-19.2084821526071));
#1163=CARTESIAN_POINT('Ctrl Pts',(482.619261393547,294.679615634077,-19.208482225454));
#1164=CARTESIAN_POINT('Ctrl Pts',(482.968096248187,294.821468357034,-19.2084840219747));
#1165=CARTESIAN_POINT('Ctrl Pts',(483.142223861619,294.891672624368,-19.2084833598176));
#1166=CARTESIAN_POINT('Ctrl Pts',(483.668084579856,295.101891827975,-19.2084836285237));
#1167=CARTESIAN_POINT('Ctrl Pts',(484.021312993297,295.240725487255,-19.2084834561961));
#1168=CARTESIAN_POINT('Ctrl Pts',(485.090002355423,295.654000679284,-19.2084837909773));
#1169=CARTESIAN_POINT('Ctrl Pts',(485.814325076301,295.925171828597,-19.2084832685958));
#1170=CARTESIAN_POINT('Ctrl Pts',(488.024890870064,296.728296674526,-19.2084853371896));
#1171=CARTESIAN_POINT('Ctrl Pts',(489.54981347478,297.250370132633,-19.20848259609));
#1172=CARTESIAN_POINT('Ctrl Pts',(494.286660226875,298.789378097687,-19.2084920948482));
#1173=CARTESIAN_POINT('Ctrl Pts',(497.665588295543,299.781226531775,-19.2084844373595));
#1174=CARTESIAN_POINT('Ctrl Pts',(508.464089734992,302.69279295188,-19.2085031702489));
#1175=CARTESIAN_POINT('Ctrl Pts',(516.558575330599,304.552436946912,-19.2085076521354));
#1176=CARTESIAN_POINT('Ctrl Pts',(535.585409842799,308.374913010015,-19.2084685392872));
#1177=CARTESIAN_POINT('Ctrl Pts',(546.765261893516,310.30827289601,-19.2086517395932));
#1178=CARTESIAN_POINT('Ctrl Pts',(558.586907252334,312.067287696515,-19.2086156535355));
#1179=CARTESIAN_POINT('Ctrl Pts',(481.537512733669,293.367612908895,-19.9745899636583));
#1180=CARTESIAN_POINT('Ctrl Pts',(481.557019995309,293.375686340389,-19.9745899636583));
#1181=CARTESIAN_POINT('Ctrl Pts',(481.576527206692,293.383759751072,-19.9745899637156));
#1182=CARTESIAN_POINT('Ctrl Pts',(481.76042199838,293.459867922084,-19.9745899645469));
#1183=CARTESIAN_POINT('Ctrl Pts',(481.924805528291,293.527901004614,-19.9745899763081));
#1184=CARTESIAN_POINT('Ctrl Pts',(482.171397263342,293.62995743678,-19.9745899675263));
#1185=CARTESIAN_POINT('Ctrl Pts',(482.253558934494,293.663961517136,-19.9745900013701));
#1186=CARTESIAN_POINT('Ctrl Pts',(482.418032191656,293.732031754412,-19.9745899133037));
#1187=CARTESIAN_POINT('Ctrl Pts',(482.491593634713,293.762476802012,-19.9745903045268));
#1188=CARTESIAN_POINT('Ctrl Pts',(482.732985741064,293.862380505348,-19.9745889024966));
#1189=CARTESIAN_POINT('Ctrl Pts',(482.922003825513,293.939990859871,-19.9745889708929));
#1190=CARTESIAN_POINT('Ctrl Pts',(483.267728599979,294.080579007292,-19.9745906880987));
#1191=CARTESIAN_POINT('Ctrl Pts',(483.440435908087,294.150210850045,-19.9745900551747));
#1192=CARTESIAN_POINT('Ctrl Pts',(483.961947895281,294.358691515863,-19.9745903119699));
#1193=CARTESIAN_POINT('Ctrl Pts',(484.312386883885,294.49642964774,-19.9745901473115));
#1194=CARTESIAN_POINT('Ctrl Pts',(485.372936164139,294.906556941571,-19.9745904669325));
#1195=CARTESIAN_POINT('Ctrl Pts',(486.092160945931,295.175824226772,-19.9745899681858));
#1196=CARTESIAN_POINT('Ctrl Pts',(488.288287006814,295.973702932952,-19.9745919428622));
#1197=CARTESIAN_POINT('Ctrl Pts',(489.80464734645,296.492869075359,-19.9745893259376));
#1198=CARTESIAN_POINT('Ctrl Pts',(494.518252796992,298.024325727388,-19.9745983934503));
#1199=CARTESIAN_POINT('Ctrl Pts',(497.884611824492,299.012573989758,-19.9745910825604));
#1200=CARTESIAN_POINT('Ctrl Pts',(508.650605002351,301.915373676932,-19.9746089642872));
#1201=CARTESIAN_POINT('Ctrl Pts',(516.729446053259,303.771629958572,-19.9746132390679));
#1202=CARTESIAN_POINT('Ctrl Pts',(535.727433241531,307.588303703609,-19.9745758979945));
#1203=CARTESIAN_POINT('Ctrl Pts',(546.894468403619,309.519456932349,-19.9747507830574));
#1204=CARTESIAN_POINT('Ctrl Pts',(558.704407727336,311.276743943735,-19.97471633328));
#1205=CARTESIAN_POINT('Ctrl Pts',(482.106101790375,291.993771376462,-21.2730817421037));
#1206=CARTESIAN_POINT('Ctrl Pts',(482.125609052015,292.001844807956,-21.2730817421037));
#1207=CARTESIAN_POINT('Ctrl Pts',(482.145116267789,292.009918220434,-21.2730817421553));
#1208=CARTESIAN_POINT('Ctrl Pts',(482.329010987115,292.086026356198,-21.2730817429027));
#1209=CARTESIAN_POINT('Ctrl Pts',(482.493394944293,292.15405959357,-21.2730817534926));
#1210=CARTESIAN_POINT('Ctrl Pts',(482.739985702708,292.256115613934,-21.2730817455788));
#1211=CARTESIAN_POINT('Ctrl Pts',(482.822150067567,292.290120799338,-21.2730817760666));
#1212=CARTESIAN_POINT('Ctrl Pts',(482.986615969737,292.358188005472,-21.2730816967295));
#1213=CARTESIAN_POINT('Ctrl Pts',(483.060885244745,292.388925917155,-21.2730820491133));
#1214=CARTESIAN_POINT('Ctrl Pts',(483.300363719064,292.488037909768,-21.2730807863103));
#1215=CARTESIAN_POINT('Ctrl Pts',(483.485227462307,292.563938178022,-21.2730808458707));
#1216=CARTESIAN_POINT('Ctrl Pts',(483.825165433471,292.70217340943,-21.2730823931688));
#1217=CARTESIAN_POINT('Ctrl Pts',(483.995220271247,292.770736179292,-21.2730818228762));
#1218=CARTESIAN_POINT('Ctrl Pts',(484.508625847215,292.975976027281,-21.2730820542012));
#1219=CARTESIAN_POINT('Ctrl Pts',(484.85386376034,293.111671398501,-21.2730819059611));
#1220=CARTESIAN_POINT('Ctrl Pts',(485.899237598603,293.515929949719,-21.273082193397));
#1221=CARTESIAN_POINT('Ctrl Pts',(486.608959908022,293.781648259983,-21.2730817450506));
#1222=CARTESIAN_POINT('Ctrl Pts',(488.778169602833,294.569747459627,-21.2730835203104));
#1223=CARTESIAN_POINT('Ctrl Pts',(490.278577271922,295.083496392846,-21.2730811679816));
#1224=CARTESIAN_POINT('Ctrl Pts',(494.948874407783,296.600881118597,-21.2730893196347));
#1225=CARTESIAN_POINT('Ctrl Pts',(498.291842719543,297.582429587001,-21.2730827479614));
#1226=CARTESIAN_POINT('Ctrl Pts',(508.99731226611,300.468909320207,-21.2730988246099));
#1227=CARTESIAN_POINT('Ctrl Pts',(517.047157929557,302.318897308153,-21.2731026687691));
#1228=CARTESIAN_POINT('Ctrl Pts',(535.99150676387,306.124792570999,-21.273069106167));
#1229=CARTESIAN_POINT('Ctrl Pts',(547.134899382672,308.051904001235,-21.2732263224785));
#1230=CARTESIAN_POINT('Ctrl Pts',(558.92301346503,309.805968755358,-21.2731953534822));
#1231=CARTESIAN_POINT('Ctrl Pts',(483.374411110011,288.929245250366,-23.6641691220356));
#1232=CARTESIAN_POINT('Ctrl Pts',(483.393918371652,288.93731868186,-23.6641691220356));
#1233=CARTESIAN_POINT('Ctrl Pts',(483.413425596701,288.945392098178,-23.6641691220723));
#1234=CARTESIAN_POINT('Ctrl Pts',(483.597319956166,289.021500093782,-23.6641691226029));
#1235=CARTESIAN_POINT('Ctrl Pts',(483.76170409425,289.089533436862,-23.6641691301391));
#1236=CARTESIAN_POINT('Ctrl Pts',(484.008292328182,289.191588431684,-23.6641691244986));
#1237=CARTESIAN_POINT('Ctrl Pts',(484.090462533751,289.225596028955,-23.6641691462145));
#1238=CARTESIAN_POINT('Ctrl Pts',(484.254911981914,289.293656461618,-23.6641690896996));
#1239=CARTESIAN_POINT('Ctrl Pts',(484.330756520714,289.325046196413,-23.6641693405995));
#1240=CARTESIAN_POINT('Ctrl Pts',(484.565976363973,289.422396160276,-23.6641684415548));
#1241=CARTESIAN_POINT('Ctrl Pts',(484.74155207375,289.494473312566,-23.6641684793209));
#1242=CARTESIAN_POINT('Ctrl Pts',(485.068666603602,289.627494777461,-23.664169582455));
#1243=CARTESIAN_POINT('Ctrl Pts',(485.232793524259,289.693668185785,-23.6641691758866));
#1244=CARTESIAN_POINT('Ctrl Pts',(485.728157912563,289.891695629936,-23.6641693406822));
#1245=CARTESIAN_POINT('Ctrl Pts',(486.061811436538,290.022841184592,-23.6641692352683));
#1246=CARTESIAN_POINT('Ctrl Pts',(487.073395531377,290.414032758534,-23.664169439031));
#1247=CARTESIAN_POINT('Ctrl Pts',(487.761957890152,290.671848533486,-23.6641691216284));
#1248=CARTESIAN_POINT('Ctrl Pts',(489.871221939138,291.438168945786,-23.6641703788594));
#1249=CARTESIAN_POINT('Ctrl Pts',(491.336101974473,291.939853865572,-23.6641687138243));
#1250=CARTESIAN_POINT('Ctrl Pts',(495.909903619726,293.425887595077,-23.6641744864147));
#1251=CARTESIAN_POINT('Ctrl Pts',(499.200748207074,294.392505302786,-23.6641698350094));
#1252=CARTESIAN_POINT('Ctrl Pts',(509.77123086377,297.242585119411,-23.6641812224379));
#1253=CARTESIAN_POINT('Ctrl Pts',(517.756257931197,299.078542269152,-23.6641839491342));
#1254=CARTESIAN_POINT('Ctrl Pts',(536.580827322114,302.860341807451,-23.6641601993899));
#1255=CARTESIAN_POINT('Ctrl Pts',(547.671113541446,304.778343892614,-23.6642715204219));
#1256=CARTESIAN_POINT('Ctrl Pts',(559.410642794928,306.525232441982,-23.664249593423));
#1257=CARTESIAN_POINT('Ctrl Pts',(485.252150383214,284.392196620638,-25.9055742254246));
#1258=CARTESIAN_POINT('Ctrl Pts',(485.271657644854,284.400270052132,-25.9055742254246));
#1259=CARTESIAN_POINT('Ctrl Pts',(485.29116488393,284.408343474229,-25.9055742254386));
#1260=CARTESIAN_POINT('Ctrl Pts',(485.475058936381,284.484451332196,-25.9055742256371));
#1261=CARTESIAN_POINT('Ctrl Pts',(485.639444174909,284.552485089797,-25.9055742284904));
#1262=CARTESIAN_POINT('Ctrl Pts',(485.886029119915,284.654538704735,-25.9055742263399));
#1263=CARTESIAN_POINT('Ctrl Pts',(485.96820798561,284.688549878079,-25.905574234595));
#1264=CARTESIAN_POINT('Ctrl Pts',(486.132633602319,284.756600442796,-25.9055742131034));
#1265=CARTESIAN_POINT('Ctrl Pts',(486.2108121849,284.788956121774,-25.9055743084329));
#1266=CARTESIAN_POINT('Ctrl Pts',(486.43972546067,284.883696093621,-25.905573966884));
#1267=CARTESIAN_POINT('Ctrl Pts',(486.601392098671,284.950048516217,-25.9055739774644));
#1268=CARTESIAN_POINT('Ctrl Pts',(486.909710487694,285.075428464366,-25.9055743979664));
#1269=CARTESIAN_POINT('Ctrl Pts',(487.064968523426,285.138026529796,-25.9055742429941));
#1270=CARTESIAN_POINT('Ctrl Pts',(487.533611671209,285.32537168793,-25.9055743057111));
#1271=CARTESIAN_POINT('Ctrl Pts',(487.850077446624,285.449766289188,-25.9055742657069));
#1272=CARTESIAN_POINT('Ctrl Pts',(488.811567266806,285.821585524235,-25.9055743425021));
#1273=CARTESIAN_POINT('Ctrl Pts',(489.468765706693,286.067687205696,-25.9055742230452));
#1274=CARTESIAN_POINT('Ctrl Pts',(491.489150942604,286.801716807412,-25.9055746960939));
#1275=CARTESIAN_POINT('Ctrl Pts',(492.901408220892,287.285530834241,-25.9055740697126));
#1276=CARTESIAN_POINT('Ctrl Pts',(497.332140295625,288.725082938601,-25.9055762415869));
#1277=CARTESIAN_POINT('Ctrl Pts',(500.545887634755,289.669614906696,-25.9055744915688));
#1278=CARTESIAN_POINT('Ctrl Pts',(510.916282769282,292.465748281474,-25.9055787764333));
#1279=CARTESIAN_POINT('Ctrl Pts',(518.805754166803,294.281048874468,-25.9055798010654));
#1280=CARTESIAN_POINT('Ctrl Pts',(537.452903223586,298.027168566746,-25.9055708687528));
#1281=CARTESIAN_POINT('Ctrl Pts',(548.465074929353,299.931880610772,-25.9056127490659));
#1282=CARTESIAN_POINT('Ctrl Pts',(560.132587734323,301.668121480484,-25.905604498852));
#1283=CARTESIAN_POINT('Ctrl Pts',(487.500196609918,278.960401483798,-27.0417479378201));
#1284=CARTESIAN_POINT('Ctrl Pts',(487.519703871558,278.968474915292,-27.0417479378201));
#1285=CARTESIAN_POINT('Ctrl Pts',(487.539211126474,278.976548343982,-27.0417479378195));
#1286=CARTESIAN_POINT('Ctrl Pts',(487.723104631421,279.052655980978,-27.0417479378235));
#1287=CARTESIAN_POINT('Ctrl Pts',(487.887490412542,279.120689988465,-27.0417479377586));
#1288=CARTESIAN_POINT('Ctrl Pts',(488.134071195929,279.222741886721,-27.0417479378618));
#1289=CARTESIAN_POINT('Ctrl Pts',(488.216259986996,279.256757185986,-27.041747937553));
#1290=CARTESIAN_POINT('Ctrl Pts',(488.380657802416,279.32479621039,-27.0417479383854));
#1291=CARTESIAN_POINT('Ctrl Pts',(488.461623848973,279.358305688156,-27.0417479347405));
#1292=CARTESIAN_POINT('Ctrl Pts',(488.683010355627,279.449930009637,-27.0417479478479));
#1293=CARTESIAN_POINT('Ctrl Pts',(488.827748649378,279.509316152779,-27.0417479467657));
#1294=CARTESIAN_POINT('Ctrl Pts',(489.114042434951,279.625742925847,-27.0417479310108));
#1295=CARTESIAN_POINT('Ctrl Pts',(489.258524313338,279.683995908225,-27.0417479368466));
#1296=CARTESIAN_POINT('Ctrl Pts',(489.695264329151,279.858587843177,-27.0417479345459));
#1297=CARTESIAN_POINT('Ctrl Pts',(489.991144099543,279.974896341386,-27.0417479361526));
#1298=CARTESIAN_POINT('Ctrl Pts',(490.892718024799,280.323545696737,-27.0417479334176));
#1299=CARTESIAN_POINT('Ctrl Pts',(491.512406893257,280.555637820881,-27.0417479384326));
#1300=CARTESIAN_POINT('Ctrl Pts',(493.426444574446,281.251031763228,-27.0417479209119));
#1301=CARTESIAN_POINT('Ctrl Pts',(494.775804507081,281.713485160229,-27.0417479468432));
#1302=CARTESIAN_POINT('Ctrl Pts',(499.035248324785,283.097392395298,-27.0417478657515));
#1303=CARTESIAN_POINT('Ctrl Pts',(502.156900867426,284.015540840256,-27.0417479399551));
#1304=CARTESIAN_POINT('Ctrl Pts',(512.287507043538,286.747024969627,-27.0417477876745));
#1305=CARTESIAN_POINT('Ctrl Pts',(520.062740214154,288.537620952027,-27.0417477743745));
#1306=CARTESIAN_POINT('Ctrl Pts',(538.497083977419,292.24090954154,-27.0417481551486));
#1307=CARTESIAN_POINT('Ctrl Pts',(549.415511629597,294.129680783085,-27.0417465629558));
#1308=CARTESIAN_POINT('Ctrl Pts',(560.996923290395,295.853181958372,-27.0417468869937));
#1309=CARTESIAN_POINT('Ctrl Pts',(489.480758817615,274.174909068125,-27.0418504412596));
#1310=CARTESIAN_POINT('Ctrl Pts',(489.500266079255,274.182982499619,-27.0418504412596));
#1311=CARTESIAN_POINT('Ctrl Pts',(489.519773347761,274.191055933966,-27.0418504412591));
#1312=CARTESIAN_POINT('Ctrl Pts',(489.70366642853,274.267163393893,-27.0418504412614));
#1313=CARTESIAN_POINT('Ctrl Pts',(489.868052834142,274.335197659599,-27.0418504412009));
#1314=CARTESIAN_POINT('Ctrl Pts',(490.114630148415,274.437248112673,-27.0418504412877));
#1315=CARTESIAN_POINT('Ctrl Pts',(490.19682742248,274.47126694348,-27.0418504410209));
#1316=CARTESIAN_POINT('Ctrl Pts',(490.361201585921,274.539296120177,-27.0418504417369));
#1317=CARTESIAN_POINT('Ctrl Pts',(490.444620725456,274.573821086822,-27.0418504386123));
#1318=CARTESIAN_POINT('Ctrl Pts',(490.65938819267,274.662705142118,-27.0418504498314));
#1319=CARTESIAN_POINT('Ctrl Pts',(490.788957703567,274.715849982043,-27.0418504506799));
#1320=CARTESIAN_POINT('Ctrl Pts',(491.05622954416,274.824544589582,-27.0418504363407));
#1321=CARTESIAN_POINT('Ctrl Pts',(491.191070760713,274.878909697967,-27.0418504416438));
#1322=CARTESIAN_POINT('Ctrl Pts',(491.599742784052,275.04228187403,-27.0418504395713));
#1323=CARTESIAN_POINT('Ctrl Pts',(491.877456280862,275.151454306139,-27.0418504409557));
#1324=CARTESIAN_POINT('Ctrl Pts',(492.726227956712,275.479684811949,-27.0418504387105));
#1325=CARTESIAN_POINT('Ctrl Pts',(493.312865947873,275.699432278314,-27.0418504426865));
#1326=CARTESIAN_POINT('Ctrl Pts',(495.133156006409,276.360768156857,-27.0418504286277));
#1327=CARTESIAN_POINT('Ctrl Pts',(496.427135736459,276.804413109909,-27.0418504491354));
#1328=CARTESIAN_POINT('Ctrl Pts',(500.535541181333,278.139254315351,-27.0418503841717));
#1329=CARTESIAN_POINT('Ctrl Pts',(503.576192978026,279.034197878659,-27.0418504427317));
#1330=CARTESIAN_POINT('Ctrl Pts',(513.49529103448,281.708658506827,-27.041850319918));
#1331=CARTESIAN_POINT('Ctrl Pts',(521.170190588579,283.477568417478,-27.0418503070888));
#1332=CARTESIAN_POINT('Ctrl Pts',(539.416830097945,287.143078080254,-27.0418506068979));
#1333=CARTESIAN_POINT('Ctrl Pts',(550.252879378422,289.017869599802,-27.0418493351319));
#1334=CARTESIAN_POINT('Ctrl Pts',(561.758430595988,290.730143859276,-27.0418495932725));
#1335=CARTESIAN_POINT('Ctrl Pts',(491.405865920021,269.523408902099,-26.0663338295796));
#1336=CARTESIAN_POINT('Ctrl Pts',(491.425373181661,269.531482333593,-26.0663338295796));
#1337=CARTESIAN_POINT('Ctrl Pts',(491.444880462524,269.539555773115,-26.0663338295915));
#1338=CARTESIAN_POINT('Ctrl Pts',(491.628773032013,269.61566302972,-26.0663338297765));
#1339=CARTESIAN_POINT('Ctrl Pts',(491.793159567581,269.683697387509,-26.0663338322676));
#1340=CARTESIAN_POINT('Ctrl Pts',(492.039733447603,269.785746426387,-26.0663338304643));
#1341=CARTESIAN_POINT('Ctrl Pts',(492.121938526125,269.819768517869,-26.0663338375064));
#1342=CARTESIAN_POINT('Ctrl Pts',(492.286290627534,269.887788502789,-26.0663338192115));
#1343=CARTESIAN_POINT('Ctrl Pts',(492.372088113712,269.923298075685,-26.06633390035));
#1344=CARTESIAN_POINT('Ctrl Pts',(492.580443332949,270.009527297214,-26.0663336097725));
#1345=CARTESIAN_POINT('Ctrl Pts',(492.694988461941,270.056491303415,-26.0663336105094));
#1346=CARTESIAN_POINT('Ctrl Pts',(492.944232291628,270.157858016407,-26.0663339721603));
#1347=CARTESIAN_POINT('Ctrl Pts',(493.069542815383,270.208378995205,-26.066333838936));
#1348=CARTESIAN_POINT('Ctrl Pts',(493.45100625121,270.360875423867,-26.0663338928113));
#1349=CARTESIAN_POINT('Ctrl Pts',(493.711045428492,270.4631046707,-26.0663338588402));
#1350=CARTESIAN_POINT('Ctrl Pts',(494.508526871149,270.771501422245,-26.0663339238651));
#1351=CARTESIAN_POINT('Ctrl Pts',(495.063063522191,270.979258819524,-26.0663338242137));
#1352=CARTESIAN_POINT('Ctrl Pts',(496.792253960712,271.607499258139,-26.0663342225168));
#1353=CARTESIAN_POINT('Ctrl Pts',(498.03247863717,272.032887962186,-26.0663336997673));
#1354=CARTESIAN_POINT('Ctrl Pts',(501.994039893649,273.320026236079,-26.0663355272069));
#1355=CARTESIAN_POINT('Ctrl Pts',(504.956118604117,274.192461519064,-26.0663340694652));
#1356=CARTESIAN_POINT('Ctrl Pts',(514.669427009495,276.811436493601,-26.0663376879398));
#1357=CARTESIAN_POINT('Ctrl Pts',(522.246961052573,278.559297200612,-26.0663385900553));
#1358=CARTESIAN_POINT('Ctrl Pts',(540.310866505884,282.188015440565,-26.0663311557447));
#1359=CARTESIAN_POINT('Ctrl Pts',(551.066749449091,284.049169595516,-26.0663663427113));
#1360=CARTESIAN_POINT('Ctrl Pts',(562.49863284309,285.750543497955,-26.0663594267977));
#1361=CARTESIAN_POINT('Ctrl Pts',(493.775590748077,263.79761036478,-23.6045466481183));
#1362=CARTESIAN_POINT('Ctrl Pts',(493.795098009718,263.805683796274,-23.6045466481183));
#1363=CARTESIAN_POINT('Ctrl Pts',(493.814605305217,263.813757241898,-23.6045466481577));
#1364=CARTESIAN_POINT('Ctrl Pts',(493.998497389409,263.889864292168,-23.6045466486969));
#1365=CARTESIAN_POINT('Ctrl Pts',(494.162884498397,263.957898874989,-23.6045466566782));
#1366=CARTESIAN_POINT('Ctrl Pts',(494.409454578675,264.059946320853,-23.6045466505592));
#1367=CARTESIAN_POINT('Ctrl Pts',(494.491668814322,264.093972232715,-23.6045466738813));
#1368=CARTESIAN_POINT('Ctrl Pts',(494.655995315792,264.161981527617,-23.6045466131098));
#1369=CARTESIAN_POINT('Ctrl Pts',(494.744716307451,264.198701408274,-23.6045468821151));
#1370=CARTESIAN_POINT('Ctrl Pts',(494.945197369267,264.281670422687,-23.6045459186008));
#1371=CARTESIAN_POINT('Ctrl Pts',(495.040839673999,264.320859415228,-23.6045458995718));
#1372=CARTESIAN_POINT('Ctrl Pts',(495.268487909277,264.413448166181,-23.6045471087266));
#1373=CARTESIAN_POINT('Ctrl Pts',(495.381832520833,264.459142025838,-23.604546663165));
#1374=CARTESIAN_POINT('Ctrl Pts',(495.729856645009,264.598272654707,-23.6045468425496));
#1375=CARTESIAN_POINT('Ctrl Pts',(495.968087256413,264.691933981522,-23.6045467291728));
#1376=CARTESIAN_POINT('Ctrl Pts',(496.702393477011,264.975901108529,-23.6045469417477));
#1377=CARTESIAN_POINT('Ctrl Pts',(497.217397330394,265.168892219178,-23.6045466125104));
#1378=CARTESIAN_POINT('Ctrl Pts',(498.834342204905,265.756354323053,-23.6045479146838));
#1379=CARTESIAN_POINT('Ctrl Pts',(500.008426466479,266.159280094964,-23.6045461908749));
#1380=CARTESIAN_POINT('Ctrl Pts',(503.789012698316,267.387624998434,-23.6045521683555));
#1381=CARTESIAN_POINT('Ctrl Pts',(506.654537725151,268.232404201441,-23.6045473510788));
#1382=CARTESIAN_POINT('Ctrl Pts',(516.114188701702,270.78298377171,-23.6045591449358));
#1383=CARTESIAN_POINT('Ctrl Pts',(523.572321224658,272.505051442471,-23.6045619529774));
#1384=CARTESIAN_POINT('Ctrl Pts',(541.411049764546,276.08845124523,-23.6045373809367));
#1385=CARTESIAN_POINT('Ctrl Pts',(552.068653817045,277.932887917982,-23.6046526200616));
#1386=CARTESIAN_POINT('Ctrl Pts',(563.409812805962,279.620844527443,-23.604629907524));
#1387=CARTESIAN_POINT('Ctrl Pts',(495.917286305657,258.622782829622,-19.2750806692366));
#1388=CARTESIAN_POINT('Ctrl Pts',(495.936793567297,258.630856261116,-19.2750806692366));
#1389=CARTESIAN_POINT('Ctrl Pts',(495.956300874225,258.638929711526,-19.2750806693055));
#1390=CARTESIAN_POINT('Ctrl Pts',(496.140192419213,258.715036543064,-19.2750806702438));
#1391=CARTESIAN_POINT('Ctrl Pts',(496.304579417033,258.783071104014,-19.275080684184));
#1392=CARTESIAN_POINT('Ctrl Pts',(496.551146173325,258.885117173611,-19.2750806734742));
#1393=CARTESIAN_POINT('Ctrl Pts',(496.633367674956,258.919146123241,-19.2750807142586));
#1394=CARTESIAN_POINT('Ctrl Pts',(496.797673478911,258.987146781623,-19.2750806079734));
#1395=CARTESIAN_POINT('Ctrl Pts',(496.889024014477,259.024955244787,-19.2750810780977));
#1396=CARTESIAN_POINT('Ctrl Pts',(497.08243451051,259.104996899919,-19.2750793944754));
#1397=CARTESIAN_POINT('Ctrl Pts',(497.160364985535,259.13690305058,-19.2750792923857));
#1398=CARTESIAN_POINT('Ctrl Pts',(497.369490437574,259.22196268588,-19.2750814411667));
#1399=CARTESIAN_POINT('Ctrl Pts',(497.471664678475,259.263149320043,-19.2750806494513));
#1400=CARTESIAN_POINT('Ctrl Pts',(497.789609117704,259.390257889325,-19.275080967249));
#1401=CARTESIAN_POINT('Ctrl Pts',(498.008081179503,259.476155888258,-19.275080767617));
#1402=CARTESIAN_POINT('Ctrl Pts',(498.685331401149,259.738060206364,-19.2750811366789));
#1403=CARTESIAN_POINT('Ctrl Pts',(499.164636624376,259.917717039259,-19.2750805672094));
#1404=CARTESIAN_POINT('Ctrl Pts',(500.680138388052,260.468325276772,-19.275082819437));
#1405=CARTESIAN_POINT('Ctrl Pts',(501.794564867883,260.850990990239,-19.2750798404455));
#1406=CARTESIAN_POINT('Ctrl Pts',(505.411479157616,262.026160508812,-19.2750901772053));
#1407=CARTESIAN_POINT('Ctrl Pts',(508.190009622414,262.846026756036,-19.2750818529034));
#1408=CARTESIAN_POINT('Ctrl Pts',(517.420043214648,265.334679870917,-19.2751022524144));
#1409=CARTESIAN_POINT('Ctrl Pts',(524.770581578377,267.033501640031,-19.2751071165138));
#1410=CARTESIAN_POINT('Ctrl Pts',(542.405356584376,270.575852999048,-19.2750646631811));
#1411=CARTESIAN_POINT('Ctrl Pts',(552.974102996608,272.405068051029,-19.2752638933867));
#1412=CARTESIAN_POINT('Ctrl Pts',(564.233347016398,274.080926496222,-19.2752246236944));
#1413=CARTESIAN_POINT('Ctrl Pts',(497.478390476426,254.850797208437,-13.712261854987));
#1414=CARTESIAN_POINT('Ctrl Pts',(497.497897738066,254.858870639931,-13.712261854987));
#1415=CARTESIAN_POINT('Ctrl Pts',(497.517405052045,254.866944093301,-13.7122618550588));
#1416=CARTESIAN_POINT('Ctrl Pts',(497.701296164524,254.943050752607,-13.7122618560433));
#1417=CARTESIAN_POINT('Ctrl Pts',(497.865682745887,255.011085171215,-13.7122618705729));
#1418=CARTESIAN_POINT('Ctrl Pts',(498.11224722861,255.113130307243,-13.7122618594523));
#1419=CARTESIAN_POINT('Ctrl Pts',(498.194473286456,255.147161162568,-13.7122619018673));
#1420=CARTESIAN_POINT('Ctrl Pts',(498.358765876314,255.215156315614,-13.7122617913542));
#1421=CARTESIAN_POINT('Ctrl Pts',(498.452024198041,255.253754515768,-13.7122622800026));
#1422=CARTESIAN_POINT('Ctrl Pts',(498.64031339767,255.331676043008,-13.7122605302632));
#1423=CARTESIAN_POINT('Ctrl Pts',(498.704893929123,255.358094543012,-13.71226035439));
#1424=CARTESIAN_POINT('Ctrl Pts',(498.901201166115,255.437943543559,-13.7122626256098));
#1425=CARTESIAN_POINT('Ctrl Pts',(498.994986016566,255.475744446866,-13.7122617888806));
#1426=CARTESIAN_POINT('Ctrl Pts',(499.291098381633,255.594127883801,-13.7122621239522));
#1427=CARTESIAN_POINT('Ctrl Pts',(499.495131663206,255.674352198312,-13.7122619146442));
#1428=CARTESIAN_POINT('Ctrl Pts',(500.130812897563,255.92018262449,-13.7122622971689));
#1429=CARTESIAN_POINT('Ctrl Pts',(500.584111396985,256.090125249969,-13.7122617093461));
#1430=CARTESIAN_POINT('Ctrl Pts',(502.025660942386,256.613866623006,-13.7122640355922));
#1431=CARTESIAN_POINT('Ctrl Pts',(503.09666832415,256.981787982009,-13.7122609627491));
#1432=CARTESIAN_POINT('Ctrl Pts',(506.594203285218,258.118169117893,-13.7122716370011));
#1433=CARTESIAN_POINT('Ctrl Pts',(509.309472849988,258.919923035201,-13.7122630524439));
#1434=CARTESIAN_POINT('Ctrl Pts',(518.371924103844,261.363370452702,-13.7122841261987));
#1435=CARTESIAN_POINT('Ctrl Pts',(525.644221306768,263.045286841136,-13.712289173835));
#1436=CARTESIAN_POINT('Ctrl Pts',(543.130095532308,266.557675149802,-13.7122453963441));
#1437=CARTESIAN_POINT('Ctrl Pts',(553.634079558032,268.375717552732,-13.7124510661971));
#1438=CARTESIAN_POINT('Ctrl Pts',(564.833649745782,270.0427761047,-13.7124105319308));
#1439=CARTESIAN_POINT('Ctrl Pts',(498.613606455443,252.107855110162,-7.02177850597417));
#1440=CARTESIAN_POINT('Ctrl Pts',(498.633113717083,252.115928541656,-7.02177850597417));
#1441=CARTESIAN_POINT('Ctrl Pts',(498.652621035887,252.124001997021,-7.02177850602286));
#1442=CARTESIAN_POINT('Ctrl Pts',(498.836511957019,252.200108569014,-7.02177850667004));
#1443=CARTESIAN_POINT('Ctrl Pts',(499.000898618006,252.268142992014,-7.02177851646058));
#1444=CARTESIAN_POINT('Ctrl Pts',(499.247461778276,252.370187562926,-7.02177850886326));
#1445=CARTESIAN_POINT('Ctrl Pts',(499.32969087742,252.404219681862,-7.02177853767521));
#1446=CARTESIAN_POINT('Ctrl Pts',(499.493974889671,252.472211251564,-7.02177846255146));
#1447=CARTESIAN_POINT('Ctrl Pts',(499.588618403214,252.511382827065,-7.02177879451784));
#1448=CARTESIAN_POINT('Ctrl Pts',(499.773193735977,252.58776693989,-7.02177760583027));
#1449=CARTESIAN_POINT('Ctrl Pts',(499.827843470197,252.610104037796,-7.02177744525047));
#1450=CARTESIAN_POINT('Ctrl Pts',(500.015137677206,252.686289024638,-7.02177901093057));
#1451=CARTESIAN_POINT('Ctrl Pts',(500.10269619777,252.72157684749,-7.02177843411198));
#1452=CARTESIAN_POINT('Ctrl Pts',(500.382953055767,252.833623870605,-7.02177866448758));
#1453=CARTESIAN_POINT('Ctrl Pts',(500.576454248427,252.909709289037,-7.02177852093302));
#1454=CARTESIAN_POINT('Ctrl Pts',(501.181873207516,253.143837795718,-7.02177877984862));
#1455=CARTESIAN_POINT('Ctrl Pts',(501.616241213675,253.306709082324,-7.02177838157754));
#1456=CARTESIAN_POINT('Ctrl Pts',(503.003939198213,253.810885305054,-7.02177995286223));
#1457=CARTESIAN_POINT('Ctrl Pts',(504.043368167105,254.168083093412,-7.02177787307067));
#1458=CARTESIAN_POINT('Ctrl Pts',(507.453968060028,255.276214765949,-7.0217850833092));
#1459=CARTESIAN_POINT('Ctrl Pts',(510.12328382318,256.064813648338,-7.02177926997132));
#1460=CARTESIAN_POINT('Ctrl Pts',(519.063732946839,258.475348214172,-7.02179349090535));
#1461=CARTESIAN_POINT('Ctrl Pts',(526.279350447281,260.145031187802,-7.02179685462942));
#1462=CARTESIAN_POINT('Ctrl Pts',(543.656900975975,263.635639822477,-7.02176720539787));
#1463=CARTESIAN_POINT('Ctrl Pts',(554.11406642487,265.445602136044,-7.02190616163416));
#1464=CARTESIAN_POINT('Ctrl Pts',(565.270191582611,267.106260144513,-7.02187875336199));
#1465=CARTESIAN_POINT('Ctrl Pts',(498.815604789381,251.619780819292,-2.57142857142857));
#1466=CARTESIAN_POINT('Ctrl Pts',(498.835112051021,251.627854250786,-2.57142857142857));
#1467=CARTESIAN_POINT('Ctrl Pts',(498.854619369967,251.635927706262,-2.57142857144573));
#1468=CARTESIAN_POINT('Ctrl Pts',(499.038510018961,251.712034188874,-2.57142857174063));
#1469=CARTESIAN_POINT('Ctrl Pts',(499.202895753204,251.780068317551,-2.57142857542372));
#1470=CARTESIAN_POINT('Ctrl Pts',(499.449458280459,251.882112668486,-2.57142857289554));
#1471=CARTESIAN_POINT('Ctrl Pts',(499.531687662954,251.91614491958,-2.57142858299984));
#1472=CARTESIAN_POINT('Ctrl Pts',(499.695970241617,251.984135914307,-2.57142855682357));
#1473=CARTESIAN_POINT('Ctrl Pts',(499.790855270696,252.023407468087,-2.57142867281384));
#1474=CARTESIAN_POINT('Ctrl Pts',(499.974783580773,252.099523801465,-2.57142825773954));
#1475=CARTESIAN_POINT('Ctrl Pts',(500.02762813659,252.121119292683,-2.57142820108965));
#1476=CARTESIAN_POINT('Ctrl Pts',(500.213437198798,252.196700527296,-2.57142874853501));
#1477=CARTESIAN_POINT('Ctrl Pts',(500.299868236431,252.231533227086,-2.57142854701501));
#1478=CARTESIAN_POINT('Ctrl Pts',(500.577355615556,252.34247366704,-2.57142862792362));
#1479=CARTESIAN_POINT('Ctrl Pts',(500.769002513447,252.417830442537,-2.57142857823052));
#1480=CARTESIAN_POINT('Ctrl Pts',(501.369110736448,252.649905815628,-2.57142867020997));
#1481=CARTESIAN_POINT('Ctrl Pts',(501.800153648333,252.811535446779,-2.57142853300635));
#1482=CARTESIAN_POINT('Ctrl Pts',(503.178385141333,253.312273451184,-2.57142908797568));
#1483=CARTESIAN_POINT('Ctrl Pts',(504.2122593872,253.66758599458,-2.57142836922143));
#1484=CARTESIAN_POINT('Ctrl Pts',(507.60753106544,254.770738410823,-2.57143091215779));
#1485=CARTESIAN_POINT('Ctrl Pts',(510.268714713978,255.557009383315,-2.57142891340823));
#1486=CARTESIAN_POINT('Ctrl Pts',(519.187508964334,257.961697444479,-2.57143397352521));
#1487=CARTESIAN_POINT('Ctrl Pts',(526.392831304599,259.629134777199,-2.5714353057772));
#1488=CARTESIAN_POINT('Ctrl Pts',(543.750985597452,263.115818398393,-2.57142512225383));
#1489=CARTESIAN_POINT('Ctrl Pts',(554.19936287272,264.924198154769,-2.57147396660586));
#1490=CARTESIAN_POINT('Ctrl Pts',(565.347871193865,266.583735934049,-2.57146439355177));
#1491=CARTESIAN_POINT('Ctrl Pts',(498.815604789381,251.619780819292,-4.2581581802443E-16));
#1492=CARTESIAN_POINT('Ctrl Pts',(498.835112051021,251.627854250786,3.48159235710632E-17));
#1493=CARTESIAN_POINT('Ctrl Pts',(498.854619370408,251.635927706402,5.01515774736966E-16));
#1494=CARTESIAN_POINT('Ctrl Pts',(499.038510205736,251.712034246767,4.74381604422467E-15));
#1495=CARTESIAN_POINT('Ctrl Pts',(499.202896657757,251.780068598437,2.26023097707755E-15));
#1496=CARTESIAN_POINT('Ctrl Pts',(499.449459518573,251.882113052129,1.2554875924941E-14));
#1497=CARTESIAN_POINT('Ctrl Pts',(499.53168903056,251.91614534539,1.03263393484945E-14));
#1498=CARTESIAN_POINT('Ctrl Pts',(499.695971729181,251.984136371886,2.23019672994116E-15));
#1499=CARTESIAN_POINT('Ctrl Pts',(499.790859806673,252.023409176516,3.40819918478452E-15));
#1500=CARTESIAN_POINT('Ctrl Pts',(499.974780394084,252.099522280016,5.10439161250803E-15));
#1501=CARTESIAN_POINT('Ctrl Pts',(500.027612461308,252.121112571367,1.79343444823422E-14));
#1502=CARTESIAN_POINT('Ctrl Pts',(500.213392974638,252.196682163932,-1.24730332775101E-14));
#1503=CARTESIAN_POINT('Ctrl Pts',(500.299815723895,252.231511500927,1.35452550893404E-15));
#1504=CARTESIAN_POINT('Ctrl Pts',(500.577270789741,252.342438924772,3.17960712515521E-14));
#1505=CARTESIAN_POINT('Ctrl Pts',(500.768898367342,252.417788010345,1.92137389525048E-14));
#1506=CARTESIAN_POINT('Ctrl Pts',(501.368949435377,252.649840958988,5.43444675970801E-14));
#1507=CARTESIAN_POINT('Ctrl Pts',(501.799959024914,252.811457810853,3.19341634842949E-14));
#1508=CARTESIAN_POINT('Ctrl Pts',(503.178097534598,253.312161109698,6.02850639239875E-14));
#1509=CARTESIAN_POINT('Ctrl Pts',(504.211926223819,253.66745743707,4.07218247863104E-14));
#1510=CARTESIAN_POINT('Ctrl Pts',(507.607079332356,254.770569699311,9.41609641306669E-14));
#1511=CARTESIAN_POINT('Ctrl Pts',(510.268239553158,255.556834301189,6.52748511440577E-14));
#1512=CARTESIAN_POINT('Ctrl Pts',(519.186973805639,257.961508916034,6.01749372665768E-14));
#1513=CARTESIAN_POINT('Ctrl Pts',(526.39247727996,259.629003950184,3.44152210481327E-14));
#1514=CARTESIAN_POINT('Ctrl Pts',(543.750709344507,263.115723860488,1.889319218182E-14));
#1515=CARTESIAN_POINT('Ctrl Pts',(554.199450630217,264.924211309689,1.16454715991743E-15));
#1516=CARTESIAN_POINT('Ctrl Pts',(565.347871193865,266.583735934049,-4.17293172134073E-16));
#1517=CARTESIAN_POINT('',(555.536935787493,302.720860983205,-25.));
#1518=CARTESIAN_POINT('',(486.04375910841,286.590579728342,-25.0000000056268));
#1519=CARTESIAN_POINT('Ctrl Pts',(555.536935787493,302.720860983205,-25.));
#1520=CARTESIAN_POINT('Ctrl Pts',(549.588654384165,301.801489412836,-25.));
#1521=CARTESIAN_POINT('Ctrl Pts',(543.602142001139,300.80445384883,-25.));
#1522=CARTESIAN_POINT('Ctrl Pts',(527.61220120018,297.905113638848,-25.));
#1523=CARTESIAN_POINT('Ctrl Pts',(516.79664935886,295.687162380559,-25.));
#1524=CARTESIAN_POINT('Ctrl Pts',(495.588934751975,290.253375670434,-25.));
#1525=CARTESIAN_POINT('Ctrl Pts',(489.447964126161,287.978308483319,-25.));
#1526=CARTESIAN_POINT('Ctrl Pts',(486.043759097996,286.590579753889,-25.));
#1527=CARTESIAN_POINT('',(550.731751414024,318.977175660158,-1.00269157193108E-14));
#1528=CARTESIAN_POINT('Ctrl Pts',(550.731751434441,318.977175660761,3.33066907387547E-15));
#1529=CARTESIAN_POINT('Ctrl Pts',(550.731751434441,318.977175660761,-3.43985464983479));
#1530=CARTESIAN_POINT('Ctrl Pts',(550.919702759559,318.341321628872,-6.84611190524689));
#1531=CARTESIAN_POINT('Ctrl Pts',(551.660223908299,315.836080636057,-13.3142286718215));
#1532=CARTESIAN_POINT('Ctrl Pts',(552.215244841397,313.958401378412,-16.298272667203));
#1533=CARTESIAN_POINT('Ctrl Pts',(553.321116526354,310.217150932478,-20.275046292236));
#1534=CARTESIAN_POINT('Ctrl Pts',(553.770097228638,308.698214084955,-21.5624688409172));
#1535=CARTESIAN_POINT('Ctrl Pts',(554.661284625514,305.68325738489,-23.580653603554));
#1536=CARTESIAN_POINT('Ctrl Pts',(555.090367320655,304.231637051014,-24.3631614915403));
#1537=CARTESIAN_POINT('Ctrl Pts',(555.536935787493,302.720860983205,-25.));
#1538=CARTESIAN_POINT('',(551.51970544688,319.100905067379,-1.09016488916043E-14));
#1539=CARTESIAN_POINT('Ctrl Pts',(550.731699827156,318.97716732354,5.93493046826718E-15));
#1540=CARTESIAN_POINT('Ctrl Pts',(550.994007485775,319.018496437423,5.95678711442816E-15));
#1541=CARTESIAN_POINT('Ctrl Pts',(551.256664213993,319.059740650581,5.97715807513459E-15));
#1542=CARTESIAN_POINT('Ctrl Pts',(551.519666291195,319.10089933243,5.99601973894843E-15));
#1543=CARTESIAN_POINT('',(565.347871193865,266.583735934049,0.));
#1544=CARTESIAN_POINT('Ctrl Pts',(551.51970544688,319.100905067379,2.62982303273094E-14));
#1545=CARTESIAN_POINT('Ctrl Pts',(551.51970544688,319.100905067379,-2.03431544070814));
#1546=CARTESIAN_POINT('Ctrl Pts',(551.638149489962,318.654047485441,-6.07598394037494));
#1547=CARTESIAN_POINT('Ctrl Pts',(552.334191419229,316.027053988651,-13.7859104407203));
#1548=CARTESIAN_POINT('Ctrl Pts',(554.000001470164,309.735256087146,-21.8638937848769));
#1549=CARTESIAN_POINT('Ctrl Pts',(556.868430746942,298.875226344592,-27.2202443197575));
#1550=CARTESIAN_POINT('Ctrl Pts',(560.033188275521,286.856468794839,-27.2235977403968));
#1551=CARTESIAN_POINT('Ctrl Pts',(562.887429033111,275.983385447679,-21.8843497666495));
#1552=CARTESIAN_POINT('Ctrl Pts',(564.871100582785,268.407262041766,-12.1923144018242));
#1553=CARTESIAN_POINT('Ctrl Pts',(565.347871193865,266.583735934049,-4.06895658652181));
#1554=CARTESIAN_POINT('Ctrl Pts',(565.347871193865,266.583735934049,-9.43689570931383E-15));
#1555=CARTESIAN_POINT('',(498.81560478938,251.619780819295,-1.86618108772519E-15));
#1556=CARTESIAN_POINT('Ctrl Pts',(498.815604789381,251.619780819292,-4.2581581802443E-16));
#1557=CARTESIAN_POINT('Ctrl Pts',(498.835112051021,251.627854250786,3.48159235710632E-17));
#1558=CARTESIAN_POINT('Ctrl Pts',(498.854619370408,251.635927706402,5.01515774736966E-16));
#1559=CARTESIAN_POINT('Ctrl Pts',(499.038510205736,251.712034246767,4.74381604422467E-15));
#1560=CARTESIAN_POINT('Ctrl Pts',(499.202896657757,251.780068598437,2.26023097707755E-15));
#1561=CARTESIAN_POINT('Ctrl Pts',(499.449459518573,251.882113052129,1.2554875924941E-14));
#1562=CARTESIAN_POINT('Ctrl Pts',(499.53168903056,251.91614534539,1.03263393484945E-14));
#1563=CARTESIAN_POINT('Ctrl Pts',(499.695971729181,251.984136371886,2.23019672994116E-15));
#1564=CARTESIAN_POINT('Ctrl Pts',(499.790859806673,252.023409176516,3.40819918478452E-15));
#1565=CARTESIAN_POINT('Ctrl Pts',(499.974780394084,252.099522280016,5.10439161250803E-15));
#1566=CARTESIAN_POINT('Ctrl Pts',(500.027612461308,252.121112571367,1.79343444823422E-14));
#1567=CARTESIAN_POINT('Ctrl Pts',(500.213392974638,252.196682163932,-1.24730332775101E-14));
#1568=CARTESIAN_POINT('Ctrl Pts',(500.299815723895,252.231511500927,1.35452550893404E-15));
#1569=CARTESIAN_POINT('Ctrl Pts',(500.577270789741,252.342438924772,3.17960712515521E-14));
#1570=CARTESIAN_POINT('Ctrl Pts',(500.768898367342,252.417788010345,1.92137389525048E-14));
#1571=CARTESIAN_POINT('Ctrl Pts',(501.368949435377,252.649840958988,5.43444675970801E-14));
#1572=CARTESIAN_POINT('Ctrl Pts',(501.799959024914,252.811457810853,3.19341634842949E-14));
#1573=CARTESIAN_POINT('Ctrl Pts',(503.178097534598,253.312161109698,6.02850639239875E-14));
#1574=CARTESIAN_POINT('Ctrl Pts',(504.211926223819,253.66745743707,4.07218247863104E-14));
#1575=CARTESIAN_POINT('Ctrl Pts',(507.607079332356,254.770569699311,9.41609641306669E-14));
#1576=CARTESIAN_POINT('Ctrl Pts',(510.268239553158,255.556834301189,6.52748511440577E-14));
#1577=CARTESIAN_POINT('Ctrl Pts',(519.186973805639,257.961508916034,6.01749372665768E-14));
#1578=CARTESIAN_POINT('Ctrl Pts',(526.39247727996,259.629003950184,3.44152210481327E-14));
#1579=CARTESIAN_POINT('Ctrl Pts',(543.750709344507,263.115723860488,1.889319218182E-14));
#1580=CARTESIAN_POINT('Ctrl Pts',(554.199450630217,264.924211309689,1.16454715991743E-15));
#1581=CARTESIAN_POINT('Ctrl Pts',(565.347871193865,266.583735934049,-4.17293172134073E-16));
#1582=CARTESIAN_POINT('',(489.53534876852,277.,-27.));
#1583=CARTESIAN_POINT('Ctrl Pts',(489.53534876852,277.,-27.));
#1584=CARTESIAN_POINT('Ctrl Pts',(489.54995836145,276.9600445601,-27.));
#1585=CARTESIAN_POINT('Ctrl Pts',(489.564567937043,276.920089176566,-26.9998996272968));
#1586=CARTESIAN_POINT('Ctrl Pts',(489.898335234223,276.007277070921,-26.9953134151446));
#1587=CARTESIAN_POINT('Ctrl Pts',(490.217205930675,275.135209507474,-26.9430286965551));
#1588=CARTESIAN_POINT('Ctrl Pts',(490.850140577654,273.404222584299,-26.7436065454335));
#1589=CARTESIAN_POINT('Ctrl Pts',(491.163807179892,272.546389848175,-26.5971054506332));
#1590=CARTESIAN_POINT('Ctrl Pts',(492.084360218023,270.028806820437,-26.0249073911394));
#1591=CARTESIAN_POINT('Ctrl Pts',(492.679777255718,268.400422141002,-25.4676584163161));
#1592=CARTESIAN_POINT('Ctrl Pts',(494.321059030193,263.911743048564,-23.3809162089448));
#1593=CARTESIAN_POINT('Ctrl Pts',(495.293066677889,261.25343630694,-21.4458844795116));
#1594=CARTESIAN_POINT('Ctrl Pts',(496.972646313291,256.660017851388,-16.5311672219683));
#1595=CARTESIAN_POINT('Ctrl Pts',(497.651772113145,254.802702534589,-13.5600745672836));
#1596=CARTESIAN_POINT('Ctrl Pts',(498.577501153843,252.270961395042,-7.02811394569244));
#1597=CARTESIAN_POINT('Ctrl Pts',(498.815604789436,251.619780819314,-3.53120290816428));
#1598=CARTESIAN_POINT('Ctrl Pts',(498.815604789436,251.619780819314,-4.44089209850063E-15));
#1599=CARTESIAN_POINT('Ctrl Pts',(486.043759108409,286.590579728342,-25.0000000112536));
#1600=CARTESIAN_POINT('Ctrl Pts',(486.540276981007,285.221382083911,-25.5936590639366));
#1601=CARTESIAN_POINT('Ctrl Pts',(487.05437018056,283.805885631007,-26.0592644283515));
#1602=CARTESIAN_POINT('Ctrl Pts',(488.207168871085,280.637530227162,-26.7869690761221));
#1603=CARTESIAN_POINT('Ctrl Pts',(488.847559714653,278.8812322495,-26.990849297093));
#1604=CARTESIAN_POINT('Ctrl Pts',(489.506129978793,277.079912140543,-26.9998996246853));
#1605=CARTESIAN_POINT('Ctrl Pts',(489.520738985506,277.039955959756,-27.));
#1606=CARTESIAN_POINT('Ctrl Pts',(489.53534876852,277.,-27.));
#1607=CARTESIAN_POINT('Origin',(331.954968514934,226.75,0.));
#1608=CARTESIAN_POINT('',(348.561661358622,242.749618079142,-25.));
#1609=CARTESIAN_POINT('',(328.856683489108,236.46599865679,-25.));
#1610=CARTESIAN_POINT('',(487.479480831444,248.004862337886,0.));
#1611=CARTESIAN_POINT('',(340.157888260025,201.026234574705,-3.30654635769785E-15));
#1612=CARTESIAN_POINT('',(456.563077890657,238.146089023122,1.73200047307983E-15));
#1613=CARTESIAN_POINT('Ctrl Pts',(456.563077890657,238.146089023122,-5.96010201410268E-16));
#1614=CARTESIAN_POINT('Ctrl Pts',(456.563077890657,238.146089023122,-0.993467818967414));
#1615=CARTESIAN_POINT('Ctrl Pts',(456.70396921425,238.250541585856,-1.97729279519192));
#1616=CARTESIAN_POINT('Ctrl Pts',(457.179049525595,238.599069606737,-3.72172005387756));
#1617=CARTESIAN_POINT('Ctrl Pts',(457.813203104928,239.061552133885,-5.27663459467715));
#1618=CARTESIAN_POINT('Ctrl Pts',(459.463253434224,240.236557517484,-7.84479623745225));
#1619=CARTESIAN_POINT('Ctrl Pts',(461.172626386212,241.400260196033,-9.48486284168702));
#1620=CARTESIAN_POINT('Ctrl Pts',(464.194928352032,243.327350843147,-11.6779986589907));
#1621=CARTESIAN_POINT('Ctrl Pts',(466.207551228277,244.521655575478,-12.6674983495234));
#1622=CARTESIAN_POINT('Ctrl Pts',(469.828924163829,246.323089732377,-13.7532319713402));
#1623=CARTESIAN_POINT('Ctrl Pts',(471.336406203169,246.984205274351,-14.0318314797425));
#1624=CARTESIAN_POINT('Ctrl Pts',(474.611334528995,248.144410190362,-14.2095599943116));
#1625=CARTESIAN_POINT('Ctrl Pts',(476.401052295343,248.613234288648,-14.0636545091558));
#1626=CARTESIAN_POINT('Ctrl Pts',(479.596364754505,249.060031397843,-13.127509983564));
#1627=CARTESIAN_POINT('Ctrl Pts',(481.530681722328,249.116282771411,-12.1674869426343));
#1628=CARTESIAN_POINT('Ctrl Pts',(483.602741854856,248.924658821148,-10.3708270179855));
#1629=CARTESIAN_POINT('Ctrl Pts',(485.407977605541,248.619880682294,-8.17925175646596));
#1630=CARTESIAN_POINT('Ctrl Pts',(487.036477476189,248.162312863054,-4.72926542674725));
#1631=CARTESIAN_POINT('Ctrl Pts',(487.479480831443,248.004862337886,-1.58032671256464));
#1632=CARTESIAN_POINT('Ctrl Pts',(487.479480831443,248.004862337886,2.59588099438706E-15));
#1633=CARTESIAN_POINT('',(356.248982172643,206.157148725885,0.000402476440834187));
#1634=CARTESIAN_POINT('',(340.157888260025,201.026234574705,-3.30654635769785E-15));
#1635=CARTESIAN_POINT('',(336.49126849171,212.524490044087,-22.4957073464012));
#1636=CARTESIAN_POINT('Ctrl Pts',(336.49126849171,212.524490044087,-22.4957073464013));
#1637=CARTESIAN_POINT('Ctrl Pts',(337.774367284987,212.880770928573,-22.4622679108146));
#1638=CARTESIAN_POINT('Ctrl Pts',(340.461839006881,212.993452312044,-22.0060100771443));
#1639=CARTESIAN_POINT('Ctrl Pts',(344.18760581215,212.029912734954,-20.4241397073416));
#1640=CARTESIAN_POINT('Ctrl Pts',(346.716039484957,211.03617060626,-18.7571932123831));
#1641=CARTESIAN_POINT('Ctrl Pts',(349.073591233112,209.994634991231,-16.8290666504066));
#1642=CARTESIAN_POINT('Ctrl Pts',(350.489285492795,209.292990766148,-15.3560431764902));
#1643=CARTESIAN_POINT('Ctrl Pts',(351.938647953038,208.542402818371,-13.4549705190705));
#1644=CARTESIAN_POINT('Ctrl Pts',(352.857525410549,208.055368531605,-12.1087717444198));
#1645=CARTESIAN_POINT('Ctrl Pts',(354.387670864958,207.219560903363,-9.35114254974778));
#1646=CARTESIAN_POINT('Ctrl Pts',(355.660192284104,206.496259425852,-5.78074644446773));
#1647=CARTESIAN_POINT('Ctrl Pts',(356.18293109794,206.195199747752,-2.29874860817927));
#1648=CARTESIAN_POINT('Ctrl Pts',(356.248903363938,206.15719998632,-0.57433590349559));
#1649=CARTESIAN_POINT('Ctrl Pts',(356.248982172643,206.157148725885,0.000402476440834326));
#1650=CARTESIAN_POINT('',(334.045597261172,220.193938849727,-26.1083766948326));
#1651=CARTESIAN_POINT('Origin',(331.954968514934,226.75,0.));
#1652=CARTESIAN_POINT('',(334.045597261172,220.193938849727,26.1083766948326));
#1653=CARTESIAN_POINT('Origin',(338.737131306771,228.912729140146,0.));
#1654=CARTESIAN_POINT('',(336.491268491709,212.524490044089,22.4957073464028));
#1655=CARTESIAN_POINT('Origin',(331.954968514934,226.75,0.));
#1656=CARTESIAN_POINT('Ctrl Pts',(356.248982172643,206.157148725885,0.000402476440834326));
#1657=CARTESIAN_POINT('Ctrl Pts',(356.249060981349,206.15709746545,0.575140856377298));
#1658=CARTESIAN_POINT('Ctrl Pts',(356.183561567582,206.194789664272,2.29915843131228));
#1659=CARTESIAN_POINT('Ctrl Pts',(355.742699380682,206.448519667541,5.19818909656111));
#1660=CARTESIAN_POINT('Ctrl Pts',(354.368024517876,207.231626274185,9.64692295875161));
#1661=CARTESIAN_POINT('Ctrl Pts',(351.754791580013,208.666719276926,14.0489424117831));
#1662=CARTESIAN_POINT('Ctrl Pts',(348.289173661332,210.383216932859,17.6448423564379));
#1663=CARTESIAN_POINT('Ctrl Pts',(344.521912393907,211.945754274537,20.2960117483295));
#1664=CARTESIAN_POINT('Ctrl Pts',(340.463998214392,212.992330079318,21.9981099504447));
#1665=CARTESIAN_POINT('Ctrl Pts',(337.774367284987,212.880770928573,22.4622679108146));
#1666=CARTESIAN_POINT('Ctrl Pts',(336.49126849171,212.524490044087,22.4957073464013));
#1667=CARTESIAN_POINT('Ctrl Pts',(487.479480831444,248.004862337886,4.34301290952017E-15));
#1668=CARTESIAN_POINT('Ctrl Pts',(487.479480831444,248.004862337886,1.58036554088252));
#1669=CARTESIAN_POINT('Ctrl Pts',(487.036589570739,248.162279305631,4.72931734183176));
#1670=CARTESIAN_POINT('Ctrl Pts',(485.407556246652,248.620042879663,8.17953952003228));
#1671=CARTESIAN_POINT('Ctrl Pts',(483.602752155443,248.924621113543,10.3709700948581));
#1672=CARTESIAN_POINT('Ctrl Pts',(481.530620256829,249.116214805717,12.1675722755787));
#1673=CARTESIAN_POINT('Ctrl Pts',(479.596532614703,249.060018979086,13.1274750897157));
#1674=CARTESIAN_POINT('Ctrl Pts',(476.401166656068,248.613217363345,14.0636363744841));
#1675=CARTESIAN_POINT('Ctrl Pts',(474.611435754415,248.144414284441,14.2095634388073));
#1676=CARTESIAN_POINT('Ctrl Pts',(471.336389288343,246.984170560971,14.0318262396846));
#1677=CARTESIAN_POINT('Ctrl Pts',(469.828931064439,246.323068987665,13.7532265138953));
#1678=CARTESIAN_POINT('Ctrl Pts',(466.207652596673,244.521691958647,12.6675342285123));
#1679=CARTESIAN_POINT('Ctrl Pts',(464.194949247745,243.327350049676,11.6780079377842));
#1680=CARTESIAN_POINT('Ctrl Pts',(461.172543563364,241.400199592501,9.48480242055691));
#1681=CARTESIAN_POINT('Ctrl Pts',(459.462993487701,240.23637231321,7.84447637214076));
#1682=CARTESIAN_POINT('Ctrl Pts',(457.813100331056,239.061473226019,5.27639100647182));
#1683=CARTESIAN_POINT('Ctrl Pts',(457.17904679217,238.599065275067,3.72166632308));
#1684=CARTESIAN_POINT('Ctrl Pts',(456.703971302079,238.250542138819,1.9772846971206));
#1685=CARTESIAN_POINT('Ctrl Pts',(456.563077890657,238.146089023122,0.993465097147611));
#1686=CARTESIAN_POINT('Ctrl Pts',(456.563077890657,238.146089023122,7.18795941012213E-15));
#1687=CARTESIAN_POINT('',(489.535348768521,277.,27.));
#1688=CARTESIAN_POINT('Ctrl Pts',(489.535348768521,277.,27.));
#1689=CARTESIAN_POINT('Ctrl Pts',(489.549958361451,276.960044560099,27.));
#1690=CARTESIAN_POINT('Ctrl Pts',(489.564567937058,276.92008917657,26.9998996272968));
#1691=CARTESIAN_POINT('Ctrl Pts',(489.901991907132,275.997276524438,26.9952631697244));
#1692=CARTESIAN_POINT('Ctrl Pts',(490.224510185594,275.115233373744,26.9418243641662));
#1693=CARTESIAN_POINT('Ctrl Pts',(490.864575548956,273.364745003475,26.7379295527874));
#1694=CARTESIAN_POINT('Ctrl Pts',(491.181712029999,272.49742265866,26.5881391906205));
#1695=CARTESIAN_POINT('Ctrl Pts',(492.111985875306,269.953254418947,26.003262269002));
#1696=CARTESIAN_POINT('Ctrl Pts',(492.713276629411,268.308805978167,25.4338616599074));
#1697=CARTESIAN_POINT('Ctrl Pts',(494.367639754946,263.784351196319,23.3043909426895));
#1698=CARTESIAN_POINT('Ctrl Pts',(495.344765985319,261.112045837626,21.3326951546736));
#1699=CARTESIAN_POINT('Ctrl Pts',(497.018129414981,256.5356278467,16.3562922550504));
#1700=CARTESIAN_POINT('Ctrl Pts',(497.688835256729,254.701339953056,13.3702758432478));
#1701=CARTESIAN_POINT('Ctrl Pts',(498.587178139042,252.24449617634,6.8851808669017));
#1702=CARTESIAN_POINT('Ctrl Pts',(498.815604789436,251.619780819314,3.45870030875873));
#1703=CARTESIAN_POINT('Ctrl Pts',(498.815604789436,251.619780819314,-2.22044604925031E-15));
#1704=CARTESIAN_POINT('',(486.043759103407,286.590579742138,25.000000002636));
#1705=CARTESIAN_POINT('Ctrl Pts',(486.043759103407,286.590579742138,25.0000000052721));
#1706=CARTESIAN_POINT('Ctrl Pts',(486.547011757908,285.202810263673,25.6017114664765));
#1707=CARTESIAN_POINT('Ctrl Pts',(487.068280588363,283.767584454981,26.0718254996283));
#1708=CARTESIAN_POINT('Ctrl Pts',(488.221684037557,280.597720875343,26.7915710103275));
#1709=CARTESIAN_POINT('Ctrl Pts',(488.854867482823,278.861244056181,26.990949723273));
#1710=CARTESIAN_POINT('Ctrl Pts',(489.506129978793,277.079912140542,26.9998996246853));
#1711=CARTESIAN_POINT('Ctrl Pts',(489.520738985507,277.039955959756,27.));
#1712=CARTESIAN_POINT('Ctrl Pts',(489.535348768521,277.,27.));
#1713=CARTESIAN_POINT('',(348.561661358622,242.749618079142,25.));
#1714=CARTESIAN_POINT('',(328.856683489108,236.46599865679,25.));
#1715=CARTESIAN_POINT('Origin',(338.737131306771,228.912729140146,0.));
#1716=CARTESIAN_POINT('Ctrl Pts',(498.815604789381,251.619780819292,-4.25815818024102E-16));
#1717=CARTESIAN_POINT('Ctrl Pts',(498.835112051021,251.627854250786,3.48159235712822E-17));
#1718=CARTESIAN_POINT('Ctrl Pts',(498.854619370408,251.635927706402,4.81062489959461E-16));
#1719=CARTESIAN_POINT('Ctrl Pts',(499.038510205734,251.712034246766,5.03185205133559E-15));
#1720=CARTESIAN_POINT('Ctrl Pts',(499.202896657753,251.780068598435,-1.96475602642663E-15));
#1721=CARTESIAN_POINT('Ctrl Pts',(499.449459518566,251.882113052126,-3.43993243295292E-15));
#1722=CARTESIAN_POINT('Ctrl Pts',(499.531689030544,251.916145345383,-6.25955565948838E-16));
#1723=CARTESIAN_POINT('Ctrl Pts',(499.695971729166,251.984136371879,-3.88103663779646E-15));
#1724=CARTESIAN_POINT('Ctrl Pts',(499.790859806659,252.02340917651,6.38678440949067E-15));
#1725=CARTESIAN_POINT('Ctrl Pts',(499.974780394076,252.099522280013,-7.32452593797489E-15));
#1726=CARTESIAN_POINT('Ctrl Pts',(500.027612461299,252.121112571364,-1.63107441073505E-14));
#1727=CARTESIAN_POINT('Ctrl Pts',(500.213392974622,252.196682163925,2.18822494774773E-14));
#1728=CARTESIAN_POINT('Ctrl Pts',(500.299815723879,252.23151150092,-6.58374216257276E-16));
#1729=CARTESIAN_POINT('Ctrl Pts',(500.57727078973,252.342438924767,1.87152688306548E-15));
#1730=CARTESIAN_POINT('Ctrl Pts',(500.768898367328,252.417788010339,9.32391953248549E-15));
#1731=CARTESIAN_POINT('Ctrl Pts',(501.368949435365,252.649840958983,-3.86898400780649E-14));
#1732=CARTESIAN_POINT('Ctrl Pts',(501.799959024903,252.811457810848,-1.57486476864401E-14));
#1733=CARTESIAN_POINT('Ctrl Pts',(503.178097534586,253.312161109694,-4.13607175388594E-14));
#1734=CARTESIAN_POINT('Ctrl Pts',(504.211926223808,253.667457437065,-2.6467549416624E-14));
#1735=CARTESIAN_POINT('Ctrl Pts',(507.607079332346,254.770569699307,-5.94520861538896E-14));
#1736=CARTESIAN_POINT('Ctrl Pts',(510.268239553148,255.556834301185,-3.82005386896641E-14));
#1737=CARTESIAN_POINT('Ctrl Pts',(519.186973805631,257.96150891603,-4.07314437931472E-14));
#1738=CARTESIAN_POINT('Ctrl Pts',(526.392477279954,259.629003950182,-1.82895679958618E-14));
#1739=CARTESIAN_POINT('Ctrl Pts',(543.750709344503,263.115723860487,-1.05533890539484E-14));
#1740=CARTESIAN_POINT('Ctrl Pts',(554.199450630217,264.924211309688,-4.85898433667554E-16));
#1741=CARTESIAN_POINT('Ctrl Pts',(565.347871193865,266.583735934049,-2.43140857840654E-28));
#1742=CARTESIAN_POINT('Ctrl Pts',(498.815604789381,251.619780819292,2.57142857142857));
#1743=CARTESIAN_POINT('Ctrl Pts',(498.835112051021,251.627854250786,2.57142857142857));
#1744=CARTESIAN_POINT('Ctrl Pts',(498.854619370056,251.63592770629,2.57142857144577));
#1745=CARTESIAN_POINT('Ctrl Pts',(499.038510057534,251.712034200833,2.57142857172937));
#1746=CARTESIAN_POINT('Ctrl Pts',(499.202895939728,251.780068375454,2.57142857537907));
#1747=CARTESIAN_POINT('Ctrl Pts',(499.449458536236,251.882112747762,2.57142857281851));
#1748=CARTESIAN_POINT('Ctrl Pts',(499.531687944298,251.91614500709,2.57142858295436));
#1749=CARTESIAN_POINT('Ctrl Pts',(499.695970550853,251.984136009642,2.57142855666587));
#1750=CARTESIAN_POINT('Ctrl Pts',(499.790856195749,252.02340781618,2.57142867309711));
#1751=CARTESIAN_POINT('Ctrl Pts',(499.974782963321,252.099523503775,2.57142825639706));
#1752=CARTESIAN_POINT('Ctrl Pts',(500.02762415415,252.121117601141,2.57142819998006));
#1753=CARTESIAN_POINT('Ctrl Pts',(500.213428522228,252.196696920195,2.57142874925596));
#1754=CARTESIAN_POINT('Ctrl Pts',(500.299857405839,252.231528745619,2.57142854703165));
#1755=CARTESIAN_POINT('Ctrl Pts',(500.577338264271,252.342466559613,2.57142862815117));
#1756=CARTESIAN_POINT('Ctrl Pts',(500.76898109955,252.417821717396,2.57142857819272));
#1757=CARTESIAN_POINT('Ctrl Pts',(501.369077530319,252.649892464428,2.57142867025999));
#1758=CARTESIAN_POINT('Ctrl Pts',(501.800113574397,252.811519461122,2.57142853215307));
#1759=CARTESIAN_POINT('Ctrl Pts',(503.178325805325,253.312250277024,2.57142908826951));
#1760=CARTESIAN_POINT('Ctrl Pts',(504.212190755983,253.667559510219,2.57142836518641));
#1761=CARTESIAN_POINT('Ctrl Pts',(507.607437730392,254.770703562857,2.57143091404687));
#1762=CARTESIAN_POINT('Ctrl Pts',(510.268616859406,255.556973315943,2.57142890137492));
#1763=CARTESIAN_POINT('Ctrl Pts',(519.187398206519,257.961658458375,2.57143396526207));
#1764=CARTESIAN_POINT('Ctrl Pts',(526.392758487311,259.629107839001,2.57143527441915));
#1765=CARTESIAN_POINT('Ctrl Pts',(543.750928312472,263.11579885347,2.57142501800557));
#1766=CARTESIAN_POINT('Ctrl Pts',(554.199380950189,264.924200857144,2.57147400568224));
#1767=CARTESIAN_POINT('Ctrl Pts',(565.347871193865,266.583735934049,2.57146439355177));
#1768=CARTESIAN_POINT('Ctrl Pts',(498.612810424108,252.109778504392,7.02287333063292));
#1769=CARTESIAN_POINT('Ctrl Pts',(498.632317685748,252.117851935886,7.02287333063292));
#1770=CARTESIAN_POINT('Ctrl Pts',(498.651825004524,252.125925391241,7.02287333068151));
#1771=CARTESIAN_POINT('Ctrl Pts',(498.835715916726,252.202031960478,7.02287333134041));
#1772=CARTESIAN_POINT('Ctrl Pts',(499.00010254223,252.270066372369,7.02287334115728));
#1773=CARTESIAN_POINT('Ctrl Pts',(499.246665687825,252.372110938936,7.02287333360354));
#1774=CARTESIAN_POINT('Ctrl Pts',(499.328894776515,252.406143054043,7.02287336235046));
#1775=CARTESIAN_POINT('Ctrl Pts',(499.493178794314,252.474134627058,7.02287328742917));
#1776=CARTESIAN_POINT('Ctrl Pts',(499.587821165526,252.513305729655,7.02287361855993));
#1777=CARTESIAN_POINT('Ctrl Pts',(499.772399559355,252.58969111334,7.02287243291696));
#1778=CARTESIAN_POINT('Ctrl Pts',(499.827055875085,252.61203092311,7.02287227186768));
#1779=CARTESIAN_POINT('Ctrl Pts',(500.01435928045,252.688219648175,7.02287383408599));
#1780=CARTESIAN_POINT('Ctrl Pts',(500.101922023899,252.723509175777,7.02287325857608));
#1781=CARTESIAN_POINT('Ctrl Pts',(500.382191764457,252.83556135307,7.0228734885019));
#1782=CARTESIAN_POINT('Ctrl Pts',(500.575701193236,252.911650011793,7.02287334538081));
#1783=CARTESIAN_POINT('Ctrl Pts',(501.181144176915,253.14578782406,7.02287360391837));
#1784=CARTESIAN_POINT('Ctrl Pts',(501.615527086828,253.30866469414,7.022873207084));
#1785=CARTESIAN_POINT('Ctrl Pts',(503.003267323633,253.81285630846,7.02287477535614));
#1786=CARTESIAN_POINT('Ctrl Pts',(504.042720714458,254.170062430735,7.02287270265383));
#1787=CARTESIAN_POINT('Ctrl Pts',(507.453387251631,255.278215817051,7.02287989833309));
#1788=CARTESIAN_POINT('Ctrl Pts',(510.122736453239,256.066824267457,7.02287410681904));
#1789=CARTESIAN_POINT('Ctrl Pts',(519.063273973528,258.477382497831,7.02288830775458));
#1790=CARTESIAN_POINT('Ctrl Pts',(526.278922388352,260.147071210724,7.02289169315775));
#1791=CARTESIAN_POINT('Ctrl Pts',(543.656545094008,263.637693396976,7.02286215731396));
#1792=CARTESIAN_POINT('Ctrl Pts',(554.113725660848,265.447655765269,7.02300080065159));
#1793=CARTESIAN_POINT('Ctrl Pts',(565.269885530248,267.108318963013,7.02297346596038));
#1794=CARTESIAN_POINT('Ctrl Pts',(497.478624535361,254.850231668382,13.7118600845301));
#1795=CARTESIAN_POINT('Ctrl Pts',(497.498131797001,254.858305099876,13.7118600845301));
#1796=CARTESIAN_POINT('Ctrl Pts',(497.517639111136,254.866378553295,13.711860084602));
#1797=CARTESIAN_POINT('Ctrl Pts',(497.701530290052,254.94248523319,13.7118600855737));
#1798=CARTESIAN_POINT('Ctrl Pts',(497.865917127179,255.010519731238,13.7118601000749));
#1799=CARTESIAN_POINT('Ctrl Pts',(498.112481729025,255.112564903967,13.7118600889067));
#1800=CARTESIAN_POINT('Ctrl Pts',(498.194707832412,255.146595774099,13.7118601313934));
#1801=CARTESIAN_POINT('Ctrl Pts',(498.359000466699,255.214590939065,13.7118600206577));
#1802=CARTESIAN_POINT('Ctrl Pts',(498.452260146232,255.253189697705,13.7118605102253));
#1803=CARTESIAN_POINT('Ctrl Pts',(498.640545884716,255.331109779088,13.7118587571374));
#1804=CARTESIAN_POINT('Ctrl Pts',(498.705118968525,255.357525197944,13.7118585818123));
#1805=CARTESIAN_POINT('Ctrl Pts',(498.90141561197,255.437369880159,13.7118608568236));
#1806=CARTESIAN_POINT('Ctrl Pts',(498.995195688275,255.475168848337,13.7118600186613));
#1807=CARTESIAN_POINT('Ctrl Pts',(499.29129344048,255.59354641035,13.7118603542266));
#1808=CARTESIAN_POINT('Ctrl Pts',(499.495317570717,255.673767092435,13.7118601444437));
#1809=CARTESIAN_POINT('Ctrl Pts',(500.130972188378,255.919587111872,13.7118605273887));
#1810=CARTESIAN_POINT('Ctrl Pts',(500.584254916558,256.089523726812,13.7118599379883));
#1811=CARTESIAN_POINT('Ctrl Pts',(502.025760108327,256.613248657663,13.7118622675715));
#1812=CARTESIAN_POINT('Ctrl Pts',(503.09674488318,256.981162072533,13.7118591869377));
#1813=CARTESIAN_POINT('Ctrl Pts',(506.594219317029,258.117522964729,13.7118698773035));
#1814=CARTESIAN_POINT('Ctrl Pts',(509.309471514146,258.919272032702,13.7118612687861));
#1815=CARTESIAN_POINT('Ctrl Pts',(518.371875453708,261.36270766797,13.7118823648438));
#1816=CARTESIAN_POINT('Ctrl Pts',(525.644226404371,263.044642320354,13.7118873890391));
#1817=CARTESIAN_POINT('Ctrl Pts',(543.130105237278,266.557038909611,13.711843487084));
#1818=CARTESIAN_POINT('Ctrl Pts',(553.634209755836,268.375118170182,13.7120495026432));
#1819=CARTESIAN_POINT('Ctrl Pts',(564.833739757277,270.042170713666,13.7120088872925));
#1820=CARTESIAN_POINT('Ctrl Pts',(496.070758413597,258.251959027312,18.7203065558565));
#1821=CARTESIAN_POINT('Ctrl Pts',(496.090265675237,258.260032458806,18.7203065558565));
#1822=CARTESIAN_POINT('Ctrl Pts',(496.109772982974,258.268105909542,18.7203065559254));
#1823=CARTESIAN_POINT('Ctrl Pts',(496.293664539925,258.344212741044,18.7203065568622));
#1824=CARTESIAN_POINT('Ctrl Pts',(496.458051704638,258.412247352359,18.7203065707971));
#1825=CARTESIAN_POINT('Ctrl Pts',(496.704618337397,258.514293361297,18.7203065600842));
#1826=CARTESIAN_POINT('Ctrl Pts',(496.786840316871,258.548322507186,18.7203066008687));
#1827=CARTESIAN_POINT('Ctrl Pts',(496.95114487796,258.616322642753,18.7203064945797));
#1828=CARTESIAN_POINT('Ctrl Pts',(497.042683768767,258.654209071589,18.7203069646872));
#1829=CARTESIAN_POINT('Ctrl Pts',(497.235588859547,258.734041493959,18.7203052811429));
#1830=CARTESIAN_POINT('Ctrl Pts',(497.312199086885,258.765404938216,18.720305170516));
#1831=CARTESIAN_POINT('Ctrl Pts',(497.520062322525,258.84995146027,18.7203073238306));
#1832=CARTESIAN_POINT('Ctrl Pts',(497.621407072106,258.890803325363,18.7203065304508));
#1833=CARTESIAN_POINT('Ctrl Pts',(497.937196564572,259.017050650252,18.7203068488031));
#1834=CARTESIAN_POINT('Ctrl Pts',(498.154243126128,259.102388468983,18.7203066489404));
#1835=CARTESIAN_POINT('Ctrl Pts',(498.827390085854,259.362706044932,18.720307017796));
#1836=CARTESIAN_POINT('Ctrl Pts',(499.304128892401,259.541404155991,18.7203064487839));
#1837=CARTESIAN_POINT('Ctrl Pts',(500.812333056972,260.08936089339,18.7203086988728));
#1838=CARTESIAN_POINT('Ctrl Pts',(501.922478031602,260.470572483074,18.7203057226233));
#1839=CARTESIAN_POINT('Ctrl Pts',(505.527620938642,261.641916747338,18.7203160494327));
#1840=CARTESIAN_POINT('Ctrl Pts',(508.299926021158,262.460000752304,18.7203077326594));
#1841=CARTESIAN_POINT('Ctrl Pts',(517.51346616326,264.944205409863,18.7203281118943));
#1842=CARTESIAN_POINT('Ctrl Pts',(524.856366193236,266.641382214827,18.7203329689721));
#1843=CARTESIAN_POINT('Ctrl Pts',(542.476524804095,270.180798595901,18.7202905540171));
#1844=CARTESIAN_POINT('Ctrl Pts',(553.039011008861,272.008945732186,18.7204895904455));
#1845=CARTESIAN_POINT('Ctrl Pts',(564.292362836743,273.683935422653,18.720450357256));
#1846=CARTESIAN_POINT('Ctrl Pts',(494.039749712227,263.159341738544,23.1454012922783));
#1847=CARTESIAN_POINT('Ctrl Pts',(494.059256973867,263.167415170038,23.1454012922783));
#1848=CARTESIAN_POINT('Ctrl Pts',(494.078764270846,263.175488616279,23.1454012923222));
#1849=CARTESIAN_POINT('Ctrl Pts',(494.262656299719,263.25159564306,23.1454012929153));
#1850=CARTESIAN_POINT('Ctrl Pts',(494.427043444639,263.319630239441,23.1454013017856));
#1851=CARTESIAN_POINT('Ctrl Pts',(494.673613127116,263.421677518427,23.1454012949455));
#1852=CARTESIAN_POINT('Ctrl Pts',(494.755828292148,263.455703818326,23.1454013209532));
#1853=CARTESIAN_POINT('Ctrl Pts',(494.920152180267,263.523712021124,23.1454012531634));
#1854=CARTESIAN_POINT('Ctrl Pts',(495.009197978431,263.560566368464,23.145401553163));
#1855=CARTESIAN_POINT('Ctrl Pts',(495.2088054058,263.643173666079,23.1454004786312));
#1856=CARTESIAN_POINT('Ctrl Pts',(495.302277206277,263.681470119788,23.1454004516267));
#1857=CARTESIAN_POINT('Ctrl Pts',(495.527616473481,263.773120340354,23.1454018030021));
#1858=CARTESIAN_POINT('Ctrl Pts',(495.639591137729,263.818261445743,23.1454013050232));
#1859=CARTESIAN_POINT('Ctrl Pts',(495.983900362019,263.95590730335,23.1454015053786));
#1860=CARTESIAN_POINT('Ctrl Pts',(496.219694129793,264.048611182672,23.145401378778));
#1861=CARTESIAN_POINT('Ctrl Pts',(496.946959289658,264.329855598115,23.1454016154103));
#1862=CARTESIAN_POINT('Ctrl Pts',(497.457557817519,264.521201198917,23.1454012486315));
#1863=CARTESIAN_POINT('Ctrl Pts',(499.061985862676,265.104115960958,23.1454026977682));
#1864=CARTESIAN_POINT('Ctrl Pts',(500.228707469153,265.504541257598,23.1454007778897));
#1865=CARTESIAN_POINT('Ctrl Pts',(503.989102021958,266.726326146749,23.145407430234));
#1866=CARTESIAN_POINT('Ctrl Pts',(506.8438916612,267.568030881422,23.1454020639373));
#1867=CARTESIAN_POINT('Ctrl Pts',(516.275223781587,270.110973566813,23.1454151848766));
#1868=CARTESIAN_POINT('Ctrl Pts',(523.720090779762,271.830176294303,23.1454182945162));
#1869=CARTESIAN_POINT('Ctrl Pts',(541.533673782634,275.408515992018,23.145390921824));
#1870=CARTESIAN_POINT('Ctrl Pts',(552.180337807371,277.251084319657,23.1455191850567));
#1871=CARTESIAN_POINT('Ctrl Pts',(563.511387708316,278.937547315558,23.1454938985082));
#1872=CARTESIAN_POINT('Ctrl Pts',(491.150506938989,270.140414751367,26.6034522959593));
#1873=CARTESIAN_POINT('Ctrl Pts',(491.170014200629,270.148488182861,26.6034522959593));
#1874=CARTESIAN_POINT('Ctrl Pts',(491.189521480383,270.156561621894,26.6034522959656));
#1875=CARTESIAN_POINT('Ctrl Pts',(491.373414216416,270.232668936319,26.6034522960704));
#1876=CARTESIAN_POINT('Ctrl Pts',(491.537801161044,270.300703419915,26.6034522974109));
#1877=CARTESIAN_POINT('Ctrl Pts',(491.784375618142,270.402752678599,26.6034522964743));
#1878=CARTESIAN_POINT('Ctrl Pts',(491.866579908827,270.43677443354,26.6034523001884));
#1879=CARTESIAN_POINT('Ctrl Pts',(492.030934524051,270.504795459055,26.6034522905574));
#1880=CARTESIAN_POINT('Ctrl Pts',(492.116420255884,270.540175958575,26.6034523333668));
#1881=CARTESIAN_POINT('Ctrl Pts',(492.325613820945,270.626752278997,26.603452180033));
#1882=CARTESIAN_POINT('Ctrl Pts',(492.442274861007,270.674586255036,26.6034521886121));
#1883=CARTESIAN_POINT('Ctrl Pts',(492.693693983106,270.776837123809,26.6034523754758));
#1884=CARTESIAN_POINT('Ctrl Pts',(492.820338319208,270.827896315333,26.6034523066412));
#1885=CARTESIAN_POINT('Ctrl Pts',(493.205368319601,270.981818130248,26.6034523346485));
#1886=CARTESIAN_POINT('Ctrl Pts',(493.467753822915,271.084969236513,26.6034523168775));
#1887=CARTESIAN_POINT('Ctrl Pts',(494.272006821272,271.395984270404,26.6034523518308));
#1888=CARTESIAN_POINT('Ctrl Pts',(494.830781240156,271.605324408984,26.6034522983088));
#1889=CARTESIAN_POINT('Ctrl Pts',(496.572017504404,272.237940510642,26.6034525133357));
#1890=CARTESIAN_POINT('Ctrl Pts',(497.819327361816,272.665735008867,26.6034522320258));
#1891=CARTESIAN_POINT('Ctrl Pts',(501.800344586371,273.959193346639,26.6034532185319));
#1892=CARTESIAN_POINT('Ctrl Pts',(504.772773473606,274.834592844551,26.6034524348582));
#1893=CARTESIAN_POINT('Ctrl Pts',(514.513442288488,277.460948193354,26.6034543909019));
#1894=CARTESIAN_POINT('Ctrl Pts',(522.103886680914,279.211607977953,26.6034548885244));
#1895=CARTESIAN_POINT('Ctrl Pts',(540.192169248793,282.845244287818,26.6034508906183));
#1896=CARTESIAN_POINT('Ctrl Pts',(550.95883948464,284.708269770104,26.6034698795614));
#1897=CARTESIAN_POINT('Ctrl Pts',(562.400440011208,286.411078963937,26.6034661527439));
#1898=CARTESIAN_POINT('Ctrl Pts',(488.476300953264,276.601909579906,27.2914081344359));
#1899=CARTESIAN_POINT('Ctrl Pts',(488.495808214904,276.6099830114,27.2914081344359));
#1900=CARTESIAN_POINT('Ctrl Pts',(488.515315476735,276.618056442956,27.291408134432));
#1901=CARTESIAN_POINT('Ctrl Pts',(488.699208811199,276.694164004754,27.2914081344316));
#1902=CARTESIAN_POINT('Ctrl Pts',(488.863595068275,276.762198193648,27.2914081338229));
#1903=CARTESIAN_POINT('Ctrl Pts',(489.110174187459,276.864249392084,27.2914081345512));
#1904=CARTESIAN_POINT('Ctrl Pts',(489.192367262301,276.898266469964,27.2914081321897));
#1905=CARTESIAN_POINT('Ctrl Pts',(489.356753242928,276.966300569578,27.2914081384786));
#1906=CARTESIAN_POINT('Ctrl Pts',(489.438929832311,277.000311139291,27.2914081108495));
#1907=CARTESIAN_POINT('Ctrl Pts',(489.65704890467,277.090582835663,27.2914082100544));
#1908=CARTESIAN_POINT('Ctrl Pts',(489.794373009598,277.14691811894,27.2914082064715));
#1909=CARTESIAN_POINT('Ctrl Pts',(490.071185861161,277.259490901174,27.2914080849353));
#1910=CARTESIAN_POINT('Ctrl Pts',(490.210951644148,277.315842138154,27.2914081298652));
#1911=CARTESIAN_POINT('Ctrl Pts',(490.633839274217,277.48489666508,27.2914081120334));
#1912=CARTESIAN_POINT('Ctrl Pts',(490.920768009719,277.59768910234,27.2914081240168));
#1913=CARTESIAN_POINT('Ctrl Pts',(491.796306345754,277.936270259664,27.2914081030086));
#1914=CARTESIAN_POINT('Ctrl Pts',(492.399697893209,278.162275263095,27.2914081392766));
#1915=CARTESIAN_POINT('Ctrl Pts',(494.267520005374,278.840879020889,27.2914080070551));
#1916=CARTESIAN_POINT('Ctrl Pts',(495.589564481893,279.294055407409,27.2914081953072));
#1917=CARTESIAN_POINT('Ctrl Pts',(499.774570106597,280.653780211817,27.2914075851721));
#1918=CARTESIAN_POINT('Ctrl Pts',(502.856259881602,281.560480224786,27.2914081196905));
#1919=CARTESIAN_POINT('Ctrl Pts',(512.882673917505,284.2638742398,27.2914069531026));
#1920=CARTESIAN_POINT('Ctrl Pts',(520.608429351006,286.043778443982,27.2914067866587));
#1921=CARTESIAN_POINT('Ctrl Pts',(538.950344245183,289.728469944526,27.2914095235439));
#1922=CARTESIAN_POINT('Ctrl Pts',(549.828222162145,291.610365693583,27.2913976220128));
#1923=CARTESIAN_POINT('Ctrl Pts',(561.372222361092,293.328330771598,27.2914000174172));
#1924=CARTESIAN_POINT('Ctrl Pts',(486.536472058956,281.288980970713,26.5539342622732));
#1925=CARTESIAN_POINT('Ctrl Pts',(486.555979320596,281.297054402207,26.5539342622732));
#1926=CARTESIAN_POINT('Ctrl Pts',(486.575486568907,281.305127828129,26.553934262279));
#1927=CARTESIAN_POINT('Ctrl Pts',(486.759380389773,281.381235585031,26.5539342623673));
#1928=CARTESIAN_POINT('Ctrl Pts',(486.923766250013,281.449269582161,26.5539342635708));
#1929=CARTESIAN_POINT('Ctrl Pts',(487.170348964156,281.551322261684,26.553934262693));
#1930=CARTESIAN_POINT('Ctrl Pts',(487.25253355243,281.585335808832,26.5539342661096));
#1931=CARTESIAN_POINT('Ctrl Pts',(487.416943349782,281.653379798993,26.5539342572301));
#1932=CARTESIAN_POINT('Ctrl Pts',(487.496715704731,281.686395174476,26.5539342966426));
#1933=CARTESIAN_POINT('Ctrl Pts',(487.721325718522,281.77935382725,26.5539341554602));
#1934=CARTESIAN_POINT('Ctrl Pts',(487.873312881464,281.841722979228,26.5539341595983));
#1935=CARTESIAN_POINT('Ctrl Pts',(488.16904028933,281.961984578775,26.5539343335519));
#1936=CARTESIAN_POINT('Ctrl Pts',(488.318136672902,282.022098173635,26.5539342694587));
#1937=CARTESIAN_POINT('Ctrl Pts',(488.768539838153,282.202151890283,26.5539342954316));
#1938=CARTESIAN_POINT('Ctrl Pts',(489.073236036697,282.321923399535,26.5539342789381));
#1939=CARTESIAN_POINT('Ctrl Pts',(490.000470701327,282.680495797176,26.5539343107981));
#1940=CARTESIAN_POINT('Ctrl Pts',(490.636225235588,282.91858818589,26.5539342616477));
#1941=CARTESIAN_POINT('Ctrl Pts',(492.595812790395,283.630529820722,26.5539344575498));
#1942=CARTESIAN_POINT('Ctrl Pts',(493.97211698266,284.102133461492,26.5539341996242));
#1943=CARTESIAN_POINT('Ctrl Pts',(498.304938716648,285.509877601293,26.5539350987063));
#1944=CARTESIAN_POINT('Ctrl Pts',(501.466062598699,286.439334049861,26.5539343790486));
#1945=CARTESIAN_POINT('Ctrl Pts',(511.699437137782,289.198526621466,26.5539361570061));
#1946=CARTESIAN_POINT('Ctrl Pts',(519.523724204232,290.999738888715,26.5539365946726));
#1947=CARTESIAN_POINT('Ctrl Pts',(538.049328589208,294.721404423934,26.5539329225464));
#1948=CARTESIAN_POINT('Ctrl Pts',(549.008102994008,296.617056311734,26.5539502442201));
#1949=CARTESIAN_POINT('Ctrl Pts',(560.62638762699,298.346013240376,26.5539468375613));
#1950=CARTESIAN_POINT('Ctrl Pts',(484.64663383105,285.855263449167,25.3640396839353));
#1951=CARTESIAN_POINT('Ctrl Pts',(484.66614109269,285.863336880661,25.3640396839353));
#1952=CARTESIAN_POINT('Ctrl Pts',(484.68564832717,285.871410300874,25.3640396839552));
#1953=CARTESIAN_POINT('Ctrl Pts',(484.869542420219,285.94751818517,25.3640396842589));
#1954=CARTESIAN_POINT('Ctrl Pts',(485.033927089018,286.015551743032,25.3640396883874));
#1955=CARTESIAN_POINT('Ctrl Pts',(485.280512977918,286.117605766455,25.3640396853815));
#1956=CARTESIAN_POINT('Ctrl Pts',(485.362689049696,286.151615787578,25.3640396970907));
#1957=CARTESIAN_POINT('Ctrl Pts',(485.527122209058,286.219669486831,25.3640396666619));
#1958=CARTESIAN_POINT('Ctrl Pts',(485.604547660758,286.251713461397,25.3640398017674));
#1959=CARTESIAN_POINT('Ctrl Pts',(485.835495061771,286.347295360993,25.3640393177682));
#1960=CARTESIAN_POINT('Ctrl Pts',(486.001686157836,286.415509856937,25.3640393343447));
#1961=CARTESIAN_POINT('Ctrl Pts',(486.316019629422,286.543335127737,25.3640399297555));
#1962=CARTESIAN_POINT('Ctrl Pts',(486.474160534116,286.607095487995,25.3640397103701));
#1963=CARTESIAN_POINT('Ctrl Pts',(486.951423719304,286.797886624738,25.3640397993284));
#1964=CARTESIAN_POINT('Ctrl Pts',(487.273441440503,286.924461994798,25.3640397427593));
#1965=CARTESIAN_POINT('Ctrl Pts',(488.251102844458,287.302535124885,25.3640398523282));
#1966=CARTESIAN_POINT('Ctrl Pts',(488.918424786771,287.552417988051,25.364039683136));
#1967=CARTESIAN_POINT('Ctrl Pts',(490.967503737997,288.296872563631,25.3640403573867));
#1968=CARTESIAN_POINT('Ctrl Pts',(492.396737454276,288.786452234326,25.3640394693862));
#1969=CARTESIAN_POINT('Ctrl Pts',(496.873656833152,290.241010172609,25.3640425639514));
#1970=CARTESIAN_POINT('Ctrl Pts',(500.112250872232,291.192659924339,25.3640400862352));
#1971=CARTESIAN_POINT('Ctrl Pts',(510.547223600621,294.006202980359,25.3640462049333));
#1972=CARTESIAN_POINT('Ctrl Pts',(518.467411432952,295.828136795606,25.3640477100831));
#1973=CARTESIAN_POINT('Ctrl Pts',(537.171787923099,299.585760576794,25.3640350653496));
#1974=CARTESIAN_POINT('Ctrl Pts',(548.209019980294,301.494715278907,25.3640946891633));
#1975=CARTESIAN_POINT('Ctrl Pts',(559.899779509378,303.234394489756,25.3640829627538));
#1976=CARTESIAN_POINT('Ctrl Pts',(482.67732380455,290.613568015062,22.6877782105252));
#1977=CARTESIAN_POINT('Ctrl Pts',(482.69683106619,290.621641446556,22.6877782105252));
#1978=CARTESIAN_POINT('Ctrl Pts',(482.716338286134,290.62971486076,22.6877782105713));
#1979=CARTESIAN_POINT('Ctrl Pts',(482.90023282218,290.705822926842,22.6877782112309));
#1980=CARTESIAN_POINT('Ctrl Pts',(483.064616785833,290.773856188443,22.6877782206761));
#1981=CARTESIAN_POINT('Ctrl Pts',(483.311206361286,290.875911732941,22.6877782135724));
#1982=CARTESIAN_POINT('Ctrl Pts',(483.393373367933,290.909918007323,22.6877782408656));
#1983=CARTESIAN_POINT('Ctrl Pts',(483.557831776684,290.977982139222,22.6877781698179));
#1984=CARTESIAN_POINT('Ctrl Pts',(483.632810511413,291.009013579278,22.6877784852551));
#1985=CARTESIAN_POINT('Ctrl Pts',(483.870370410972,291.107331892211,22.6877773548852));
#1986=CARTESIAN_POINT('Ctrl Pts',(484.051079875716,291.181522085539,22.6877774051115));
#1987=CARTESIAN_POINT('Ctrl Pts',(484.385202675929,291.317392823137,22.6877787910161));
#1988=CARTESIAN_POINT('Ctrl Pts',(484.552604508561,291.384886365584,22.6877782802017));
#1989=CARTESIAN_POINT('Ctrl Pts',(485.057882988965,291.586877158542,22.6877784872641));
#1990=CARTESIAN_POINT('Ctrl Pts',(485.397908330792,291.720525337663,22.6877783546263));
#1991=CARTESIAN_POINT('Ctrl Pts',(486.428070286207,292.118901224023,22.6877786110611));
#1992=CARTESIAN_POINT('Ctrl Pts',(487.128265582984,292.381061620861,22.6877782108756));
#1993=CARTESIAN_POINT('Ctrl Pts',(489.270490754883,293.159357023142,22.6877797941543));
#1994=CARTESIAN_POINT('Ctrl Pts',(490.754896388327,293.667672527022,22.6877776949858));
#1995=CARTESIAN_POINT('Ctrl Pts',(495.381760173702,295.170945361427,22.6877849652552));
#1996=CARTESIAN_POINT('Ctrl Pts',(498.701235195354,296.145764644784,22.6877790997383));
#1997=CARTESIAN_POINT('Ctrl Pts',(509.34594996219,299.01585997585,22.6877934349065));
#1998=CARTESIAN_POINT('Ctrl Pts',(517.366543026794,300.85951261362,22.6877968493385));
#1999=CARTESIAN_POINT('Ctrl Pts',(536.256973762188,304.654562266706,22.68776689649));
#2000=CARTESIAN_POINT('Ctrl Pts',(547.37639288415,306.577542941483,22.6879071248276));
#2001=CARTESIAN_POINT('Ctrl Pts',(559.14263103231,308.328379107973,22.6878794959977));
#2002=CARTESIAN_POINT('Ctrl Pts',(480.75496424964,295.25842947635,18.1606678778912));
#2003=CARTESIAN_POINT('Ctrl Pts',(480.77447151128,295.266502907844,18.1606678778912));
#2004=CARTESIAN_POINT('Ctrl Pts',(480.793978716809,295.274576316117,18.1606678779565));
#2005=CARTESIAN_POINT('Ctrl Pts',(480.977873692565,295.350684561834,18.1606678789164));
#2006=CARTESIAN_POINT('Ctrl Pts',(481.142256958199,295.418717531842,18.1606678923558));
#2007=CARTESIAN_POINT('Ctrl Pts',(481.388850190584,295.520774578018,18.1606678823856));
#2008=CARTESIAN_POINT('Ctrl Pts',(481.471008206714,295.55477715452,18.1606679209146));
#2009=CARTESIAN_POINT('Ctrl Pts',(481.635491657929,295.622851583556,18.1606678206903));
#2010=CARTESIAN_POINT('Ctrl Pts',(481.708080214586,295.652894102889,18.1606682660754));
#2011=CARTESIAN_POINT('Ctrl Pts',(481.952102876728,295.753886085321,18.1606666699251));
#2012=CARTESIAN_POINT('Ctrl Pts',(482.146827307049,295.833845387938,18.1606667511507));
#2013=CARTESIAN_POINT('Ctrl Pts',(482.500512206689,295.977670134845,18.1606687051543));
#2014=CARTESIAN_POINT('Ctrl Pts',(482.67686314321,296.048770503882,18.160667984968));
#2015=CARTESIAN_POINT('Ctrl Pts',(483.209518420665,296.261706052075,18.160668277336));
#2016=CARTESIAN_POINT('Ctrl Pts',(483.56710635837,296.402251929781,18.1606680898477));
#2017=CARTESIAN_POINT('Ctrl Pts',(484.648515722608,296.82044623016,18.1606684547084));
#2018=CARTESIAN_POINT('Ctrl Pts',(485.380803778275,297.094592212127,18.1606678857982));
#2019=CARTESIAN_POINT('Ctrl Pts',(487.613932078099,297.905914531739,18.1606701403471));
#2020=CARTESIAN_POINT('Ctrl Pts',(489.15222852319,298.432529361427,18.1606671546467));
#2021=CARTESIAN_POINT('Ctrl Pts',(493.925383159093,299.983334380155,18.1606775069478));
#2022=CARTESIAN_POINT('Ctrl Pts',(497.323927724309,300.980801619603,18.160669167504));
#2023=CARTESIAN_POINT('Ctrl Pts',(508.173186463656,303.906054975989,18.1606895886605));
#2024=CARTESIAN_POINT('Ctrl Pts',(516.292022575498,305.770966103797,18.1606944916431));
#2025=CARTESIAN_POINT('Ctrl Pts',(535.363861055728,309.602488916193,18.1606518942221));
#2026=CARTESIAN_POINT('Ctrl Pts',(546.56360277186,311.5392562595,18.1608515390999));
#2027=CARTESIAN_POINT('Ctrl Pts',(558.40354109157,313.300971795054,18.1608122217454));
#2028=CARTESIAN_POINT('Ctrl Pts',(479.501934152365,298.286037497856,13.7109228207588));
#2029=CARTESIAN_POINT('Ctrl Pts',(479.521441414005,298.29411092935,13.7109228207588));
#2030=CARTESIAN_POINT('Ctrl Pts',(479.540948609859,298.302184333675,13.7109228208259));
#2031=CARTESIAN_POINT('Ctrl Pts',(479.724843799543,298.37829267394,13.7109228218045));
#2032=CARTESIAN_POINT('Ctrl Pts',(479.889226313599,298.446325362483,13.7109228355874));
#2033=CARTESIAN_POINT('Ctrl Pts',(480.135821819456,298.548383352615,13.7109228253252));
#2034=CARTESIAN_POINT('Ctrl Pts',(480.217973860335,298.582383485338,13.7109228649218));
#2035=CARTESIAN_POINT('Ctrl Pts',(480.382473759834,298.65046465905,13.7109227619008));
#2036=CARTESIAN_POINT('Ctrl Pts',(480.453502308827,298.679861852879,13.7109232198386));
#2037=CARTESIAN_POINT('Ctrl Pts',(480.7017442582,298.782598976368,13.7109215785413));
#2038=CARTESIAN_POINT('Ctrl Pts',(480.905536686764,298.866291332227,13.7109216671592));
#2039=CARTESIAN_POINT('Ctrl Pts',(481.272096730988,299.015351648009,13.7109236750671));
#2040=CARTESIAN_POINT('Ctrl Pts',(481.45424233844,299.088787169344,13.7109229349636));
#2041=CARTESIAN_POINT('Ctrl Pts',(482.004769029622,299.308867600644,13.7109232355034));
#2042=CARTESIAN_POINT('Ctrl Pts',(482.373805247139,299.453909671409,13.7109230424041));
#2043=CARTESIAN_POINT('Ctrl Pts',(483.488641223821,299.885030988013,13.7109234186156));
#2044=CARTESIAN_POINT('Ctrl Pts',(484.241863026436,300.166994959717,13.7109228307361));
#2045=CARTESIAN_POINT('Ctrl Pts',(486.534271110272,300.999855730779,13.7109251576144));
#2046=CARTESIAN_POINT('Ctrl Pts',(488.107729351553,301.538409736809,13.7109220723735));
#2047=CARTESIAN_POINT('Ctrl Pts',(492.976250249831,303.120203726759,13.710932757925));
#2048=CARTESIAN_POINT('Ctrl Pts',(496.426398976953,304.132450357271,13.7109241385757));
#2049=CARTESIAN_POINT('Ctrl Pts',(507.40891355044,307.093640843783,13.7109452060535));
#2050=CARTESIAN_POINT('Ctrl Pts',(515.591823272032,308.972412723355,13.7109502377417));
#2051=CARTESIAN_POINT('Ctrl Pts',(534.781773936851,312.82766459727,13.7109061999376));
#2052=CARTESIAN_POINT('Ctrl Pts',(546.033767596173,314.773424713211,13.7111123140167));
#2053=CARTESIAN_POINT('Ctrl Pts',(557.921791310165,316.542230530374,13.7110717106852));
#2054=CARTESIAN_POINT('Ctrl Pts',(478.369375660227,301.022558498492,7.02086303001314));
#2055=CARTESIAN_POINT('Ctrl Pts',(478.388882921868,301.030631929986,7.02086303001314));
#2056=CARTESIAN_POINT('Ctrl Pts',(478.408390109086,301.038705330784,7.02086303005795));
#2057=CARTESIAN_POINT('Ctrl Pts',(478.59228556442,301.11481377896,7.02086303070907));
#2058=CARTESIAN_POINT('Ctrl Pts',(478.756667668313,301.18284629795,7.0208630399123));
#2059=CARTESIAN_POINT('Ctrl Pts',(479.003265369642,301.284905183436,7.02086303304485));
#2060=CARTESIAN_POINT('Ctrl Pts',(479.085412023795,301.318903116584,7.02086305951816));
#2061=CARTESIAN_POINT('Ctrl Pts',(479.249926933118,301.386990417892,7.02086299063301));
#2062=CARTESIAN_POINT('Ctrl Pts',(479.319546144234,301.415804701193,7.02086329693029));
#2063=CARTESIAN_POINT('Ctrl Pts',(479.571600954707,301.520118520843,7.02086219902603));
#2064=CARTESIAN_POINT('Ctrl Pts',(479.783541052893,301.607165216711,7.02086226130634));
#2065=CARTESIAN_POINT('Ctrl Pts',(480.16179568385,301.76098141304,7.02086360379216));
#2066=CARTESIAN_POINT('Ctrl Pts',(480.349150356925,301.836515853033,7.02086310893138));
#2067=CARTESIAN_POINT('Ctrl Pts',(480.915826204872,302.063052700929,7.02086330995014));
#2068=CARTESIAN_POINT('Ctrl Pts',(481.295198350047,302.212153958892,7.02086318057147));
#2069=CARTESIAN_POINT('Ctrl Pts',(482.440225123094,302.654950890803,7.02086343297811));
#2070=CARTESIAN_POINT('Ctrl Pts',(483.212356386727,302.943976570673,7.02086303784455));
#2071=CARTESIAN_POINT('Ctrl Pts',(485.558303211253,303.796289977668,7.02086460032194));
#2072=CARTESIAN_POINT('Ctrl Pts',(487.163535669863,304.345631993254,7.02086252657327));
#2073=CARTESIAN_POINT('Ctrl Pts',(492.118185554509,305.955414689903,7.02086970247651));
#2074=CARTESIAN_POINT('Ctrl Pts',(495.615003985015,306.981026270112,7.02086390802989));
#2075=CARTESIAN_POINT('Ctrl Pts',(506.717878830953,309.974680715836,7.02087804986846));
#2076=CARTESIAN_POINT('Ctrl Pts',(514.958842798396,311.866020768715,7.02088141391372));
#2077=CARTESIAN_POINT('Ctrl Pts',(534.255512672878,315.742712508714,7.0208518019745));
#2078=CARTESIAN_POINT('Ctrl Pts',(545.554899914713,317.696682476757,7.02099024177763));
#2079=CARTESIAN_POINT('Ctrl Pts',(557.486360236034,319.471886157298,7.02096296365836));
#2080=CARTESIAN_POINT('Ctrl Pts',(478.165417050528,301.515369265066,2.57142857142858));
#2081=CARTESIAN_POINT('Ctrl Pts',(478.184924312168,301.52344269656,2.57142857142858));
#2082=CARTESIAN_POINT('Ctrl Pts',(478.204431498163,301.531516096829,2.57142857144449));
#2083=CARTESIAN_POINT('Ctrl Pts',(478.388327151815,301.607624611086,2.5714285717265));
#2084=CARTESIAN_POINT('Ctrl Pts',(478.552709757581,301.675657278493,2.57142857517173));
#2085=CARTESIAN_POINT('Ctrl Pts',(478.799308128368,301.777716409621,2.5714285728462));
#2086=CARTESIAN_POINT('Ctrl Pts',(478.88145390177,301.811713976174,2.57142858221033));
#2087=CARTESIAN_POINT('Ctrl Pts',(479.045971651652,301.879802418731,2.57142855797325));
#2088=CARTESIAN_POINT('Ctrl Pts',(479.115339326996,301.908512677948,2.5714286659838));
#2089=CARTESIAN_POINT('Ctrl Pts',(479.368075352259,302.013108090255,2.57142827902572));
#2090=CARTESIAN_POINT('Ctrl Pts',(479.581458747762,302.100748995085,2.57142830096027));
#2091=CARTESIAN_POINT('Ctrl Pts',(479.961817944561,302.255421121921,2.57142877438172));
#2092=CARTESIAN_POINT('Ctrl Pts',(480.150096048606,302.331327565445,2.57142859999877));
#2093=CARTESIAN_POINT('Ctrl Pts',(480.719656760818,302.55901773268,2.57142867116038));
#2094=CARTESIAN_POINT('Ctrl Pts',(481.100873357828,302.708843243825,2.57142862591896));
#2095=CARTESIAN_POINT('Ctrl Pts',(482.251291047881,303.153724759287,2.57142871603844));
#2096=CARTESIAN_POINT('Ctrl Pts',(483.026801093608,303.444011932343,2.57142857826646));
#2097=CARTESIAN_POINT('Ctrl Pts',(485.382312972749,304.29980004259,2.57142913353049));
#2098=CARTESIAN_POINT('Ctrl Pts',(486.993233598793,304.851072567529,2.5714284086937));
#2099=CARTESIAN_POINT('Ctrl Pts',(491.963292622792,306.465861778823,2.57143095599341));
#2100=CARTESIAN_POINT('Ctrl Pts',(495.468505880229,307.493877402488,2.57142893852002));
#2101=CARTESIAN_POINT('Ctrl Pts',(506.592992335324,310.493363946407,2.5714339928058));
#2102=CARTESIAN_POINT('Ctrl Pts',(514.844574724562,312.387018253324,2.57143529853305));
#2103=CARTESIAN_POINT('Ctrl Pts',(534.16050940387,316.267595114672,2.57142499650197));
#2104=CARTESIAN_POINT('Ctrl Pts',(545.468731359143,318.223139226897,2.57147401456993));
#2105=CARTESIAN_POINT('Ctrl Pts',(557.407945178224,319.999483268069,2.57146440283626));
#2106=CARTESIAN_POINT('Ctrl Pts',(478.165417050528,301.515369265066,3.04253693740474E-15));
#2107=CARTESIAN_POINT('Ctrl Pts',(478.184924312168,301.52344269656,4.61616058456129E-15));
#2108=CARTESIAN_POINT('Ctrl Pts',(478.204431497915,301.531516096751,6.18095436284758E-15));
#2109=CARTESIAN_POINT('Ctrl Pts',(478.388327043072,301.607624577384,2.11339352125799E-14));
#2110=CARTESIAN_POINT('Ctrl Pts',(478.552709232306,301.675657115523,-8.43685952235051E-16));
#2111=CARTESIAN_POINT('Ctrl Pts',(478.799307407188,301.777716186154,5.6717518833912E-15));
#2112=CARTESIAN_POINT('Ctrl Pts',(478.881453110648,301.811713730333,-2.20168894381363E-15));
#2113=CARTESIAN_POINT('Ctrl Pts',(479.045970776149,301.879802148601,1.50260156584862E-14));
#2114=CARTESIAN_POINT('Ctrl Pts',(479.115336740732,301.908511705116,-9.0538893407786E-15));
#2115=CARTESIAN_POINT('Ctrl Pts',(479.368077021777,302.013108901847,3.65650223143128E-14));
#2116=CARTESIAN_POINT('Ctrl Pts',(479.581471047682,302.100754201544,2.88876818616735E-14));
#2117=CARTESIAN_POINT('Ctrl Pts',(479.961841755526,302.255431026164,-1.15897049084838E-14));
#2118=CARTESIAN_POINT('Ctrl Pts',(480.150126562975,302.331340192002,9.19440247295336E-15));
#2119=CARTESIAN_POINT('Ctrl Pts',(480.719705434225,302.559037670953,-3.54651802283347E-15));
#2120=CARTESIAN_POINT('Ctrl Pts',(481.100933586043,302.70886778446,2.82442831196635E-14));
#2121=CARTESIAN_POINT('Ctrl Pts',(482.25138449115,303.153762329265,2.74698757546742E-15));
#2122=CARTESIAN_POINT('Ctrl Pts',(483.02691388384,303.444056925592,8.33861086186957E-15));
#2123=CARTESIAN_POINT('Ctrl Pts',(485.382480108813,304.299865315128,3.04205135346545E-14));
#2124=CARTESIAN_POINT('Ctrl Pts',(486.993426839071,304.851147142762,1.8867094345685E-15));
#2125=CARTESIAN_POINT('Ctrl Pts',(491.963555661419,306.465959976209,5.40198142408437E-14));
#2126=CARTESIAN_POINT('Ctrl Pts',(495.468781445135,307.493978989039,2.1894400543185E-14));
#2127=CARTESIAN_POINT('Ctrl Pts',(506.593304598125,310.493473848417,1.55710498905819E-14));
#2128=CARTESIAN_POINT('Ctrl Pts',(514.844779747436,312.387094151875,2.30102250313719E-15));
#2129=CARTESIAN_POINT('Ctrl Pts',(534.160670956934,316.267650322063,-5.75533857944773E-15));
#2130=CARTESIAN_POINT('Ctrl Pts',(545.468680441914,318.223131575154,-1.07247186367881E-14));
#2131=CARTESIAN_POINT('Ctrl Pts',(557.407945178224,319.999483268069,-1.0040094084197E-14));
#2132=CARTESIAN_POINT('',(555.536935787493,302.720860983205,25.));
#2133=CARTESIAN_POINT('Ctrl Pts',(486.042624924261,286.589544957332,25.0010237814607));
#2134=CARTESIAN_POINT('Ctrl Pts',(486.063170710497,286.597920598414,25.0010238115974));
#2135=CARTESIAN_POINT('Ctrl Pts',(486.083612012992,286.606243674598,25.0010238470943));
#2136=CARTESIAN_POINT('Ctrl Pts',(486.10388443112,286.614487568675,25.0010238878264));
#2137=CARTESIAN_POINT('Ctrl Pts',(486.26211769179,286.678834023653,25.0010242057547));
#2138=CARTESIAN_POINT('Ctrl Pts',(486.420101845861,286.742527245842,25.0010239247474));
#2139=CARTESIAN_POINT('Ctrl Pts',(486.57909546934,286.806086773136,25.0010239313097));
#2140=CARTESIAN_POINT('Ctrl Pts',(486.736832900238,286.869144123015,25.0010239378201));
#2141=CARTESIAN_POINT('Ctrl Pts',(486.895534486251,286.932060765791,25.0010239118059));
#2142=CARTESIAN_POINT('Ctrl Pts',(487.056394710879,286.995305071922,25.0010238843676));
#2143=CARTESIAN_POINT('Ctrl Pts',(487.217254935506,287.058549378053,25.0010238569294));
#2144=CARTESIAN_POINT('Ctrl Pts',(487.380273598962,287.122121273477,25.0010238277693));
#2145=CARTESIAN_POINT('Ctrl Pts',(487.546702209263,287.186481220634,25.0010238305003));
#2146=CARTESIAN_POINT('Ctrl Pts',(487.703930902883,287.247283449257,25.0010238330804));
#2147=CARTESIAN_POINT('Ctrl Pts',(487.864206025282,287.308790622073,25.0010238232932));
#2148=CARTESIAN_POINT('Ctrl Pts',(488.028629604965,287.371382800045,25.0010238125261));
#2149=CARTESIAN_POINT('Ctrl Pts',(488.190114227968,287.432856186541,25.0010238019514));
#2150=CARTESIAN_POINT('Ctrl Pts',(488.355600171209,287.495376098576,25.0010237903362));
#2151=CARTESIAN_POINT('Ctrl Pts',(488.526180661963,287.55929750861,25.0010237906444));
#2152=CARTESIAN_POINT('Ctrl Pts',(488.691500350747,287.621247545022,25.0010237909431));
#2153=CARTESIAN_POINT('Ctrl Pts',(488.861605098199,287.684513921221,25.0010238023491));
#2154=CARTESIAN_POINT('Ctrl Pts',(489.037538466028,287.749415585947,25.0010238400754));
#2155=CARTESIAN_POINT('Ctrl Pts',(489.136097202405,287.785773817152,25.0010238612099));
#2156=CARTESIAN_POINT('Ctrl Pts',(489.236486013747,287.822645177954,25.001023890673));
#2157=CARTESIAN_POINT('Ctrl Pts',(489.338895567173,287.86008522167,25.0010239318086));
#2158=CARTESIAN_POINT('Ctrl Pts',(489.409736463108,287.885984038256,25.0010239602639));
#2159=CARTESIAN_POINT('Ctrl Pts',(489.480641989763,287.91182499814,25.0010239959584));
#2160=CARTESIAN_POINT('Ctrl Pts',(489.55160890755,287.937608075084,25.0010240391855));
#2161=CARTESIAN_POINT('Ctrl Pts',(490.00885929697,288.103732268449,25.001024317704));
#2162=CARTESIAN_POINT('Ctrl Pts',(490.468707633126,288.267477900232,25.0010245343441));
#2163=CARTESIAN_POINT('Ctrl Pts',(490.930201828922,288.428778110882,25.0010247005303));
#2164=CARTESIAN_POINT('Ctrl Pts',(491.413756487606,288.597788835215,25.0010248746606));
#2165=CARTESIAN_POINT('Ctrl Pts',(491.899118304406,288.764114908756,25.0010249937138));
#2166=CARTESIAN_POINT('Ctrl Pts',(492.38513178301,288.927674252209,25.0010250504645));
#2167=CARTESIAN_POINT('Ctrl Pts',(492.871145261615,289.091233595663,25.0010251072152));
#2168=CARTESIAN_POINT('Ctrl Pts',(493.357810080736,289.252026313835,25.0010251018016));
#2169=CARTESIAN_POINT('Ctrl Pts',(493.843913629631,289.409963374684,25.0010250038543));
#2170=CARTESIAN_POINT('Ctrl Pts',(494.170910174481,289.516205909467,25.0010249379661));
#2171=CARTESIAN_POINT('Ctrl Pts',(494.497673718833,289.621166825962,25.0010246603914));
#2172=CARTESIAN_POINT('Ctrl Pts',(494.82380389654,289.724801686581,25.0010241418425));
#2173=CARTESIAN_POINT('Ctrl Pts',(495.46554233406,289.928727842676,25.0010231214747));
#2174=CARTESIAN_POINT('Ctrl Pts',(496.112165268855,290.12984665662,25.0010226295459));
#2175=CARTESIAN_POINT('Ctrl Pts',(496.76224624532,290.328055086643,25.0010224962997));
#2176=CARTESIAN_POINT('Ctrl Pts',(497.439250459951,290.534472359812,25.001022357535));
#2177=CARTESIAN_POINT('Ctrl Pts',(498.120004996956,290.737733252256,25.0010226079539));
#2178=CARTESIAN_POINT('Ctrl Pts',(498.80284176607,290.937720687552,25.0010230423352));
#2179=CARTESIAN_POINT('Ctrl Pts',(499.505180021911,291.143419666941,25.0010234891222));
#2180=CARTESIAN_POINT('Ctrl Pts',(500.209720856178,291.345655613214,25.0010241306865));
#2181=CARTESIAN_POINT('Ctrl Pts',(500.914593103496,291.544299364431,25.0010247271672));
#2182=CARTESIAN_POINT('Ctrl Pts',(501.654213730647,291.752735739127,25.001025353053));
#2183=CARTESIAN_POINT('Ctrl Pts',(502.394199015139,291.957217110538,25.0010259295373));
#2184=CARTESIAN_POINT('Ctrl Pts',(503.132330175999,292.157591040063,25.0010261583546));
#2185=CARTESIAN_POINT('Ctrl Pts',(503.272467514603,292.19563288235,25.0010262017966));
#2186=CARTESIAN_POINT('Ctrl Pts',(503.41253787107,292.233526662089,25.0010262326425));
#2187=CARTESIAN_POINT('Ctrl Pts',(503.552525857457,292.271271319515,25.0010262487602));
#2188=CARTESIAN_POINT('Ctrl Pts',(504.372031376639,292.492232816843,25.0010263431151));
#2189=CARTESIAN_POINT('Ctrl Pts',(505.188786760335,292.708104346033,25.0010256018946));
#2190=CARTESIAN_POINT('Ctrl Pts',(505.999535234206,292.918582823783,25.0010234889943));
#2191=CARTESIAN_POINT('Ctrl Pts',(507.073602514262,293.197421518388,25.001020689856));
#2192=CARTESIAN_POINT('Ctrl Pts',(508.154704469924,293.471354915325,25.001017885777));
#2193=CARTESIAN_POINT('Ctrl Pts',(509.23988588039,293.740238022708,25.0010154188596));
#2194=CARTESIAN_POINT('Ctrl Pts',(510.299738343836,294.002845196946,25.0010130095218));
#2195=CARTESIAN_POINT('Ctrl Pts',(511.363481767896,294.260635166005,25.0010109218026));
#2196=CARTESIAN_POINT('Ctrl Pts',(512.428408902967,294.513487200708,25.0010094772796));
#2197=CARTESIAN_POINT('Ctrl Pts',(513.514954690692,294.771472281731,25.001008003432));
#2198=CARTESIAN_POINT('Ctrl Pts',(514.602732123383,295.024316892406,25.0010071991535));
#2199=CARTESIAN_POINT('Ctrl Pts',(515.68892121792,295.271907567292,25.0010074090231));
#2200=CARTESIAN_POINT('Ctrl Pts',(516.710451063994,295.504759531355,25.0010076063994));
#2201=CARTESIAN_POINT('Ctrl Pts',(517.730576259124,295.732964617878,25.0010087008058));
#2202=CARTESIAN_POINT('Ctrl Pts',(518.747001231452,295.956440009398,25.001010981281));
#2203=CARTESIAN_POINT('Ctrl Pts',(518.811337359351,295.97058521614,25.001011125627));
#2204=CARTESIAN_POINT('Ctrl Pts',(518.875658679549,295.984711477241,25.0010112747258));
#2205=CARTESIAN_POINT('Ctrl Pts',(518.939964616877,295.998818773159,25.0010114286508));
#2206=CARTESIAN_POINT('Ctrl Pts',(520.403976601251,296.319990521044,25.0010149329632));
#2207=CARTESIAN_POINT('Ctrl Pts',(521.874362807526,296.634479239816,25.0010194337724));
#2208=CARTESIAN_POINT('Ctrl Pts',(523.345571957548,296.941886583079,25.0010225686299));
#2209=CARTESIAN_POINT('Ctrl Pts',(524.605332176006,297.205111932036,25.0010252529312));
#2210=CARTESIAN_POINT('Ctrl Pts',(525.865693789929,297.463145886444,25.0010269358232));
#2211=CARTESIAN_POINT('Ctrl Pts',(527.123155872687,297.715763931014,25.0010261385409));
#2212=CARTESIAN_POINT('Ctrl Pts',(527.264692658273,297.744197986004,25.0010260488008));
#2213=CARTESIAN_POINT('Ctrl Pts',(527.406192749043,297.772563234037,25.0010259451768));
#2214=CARTESIAN_POINT('Ctrl Pts',(527.547650988743,297.800859293242,25.0010258249653));
#2215=CARTESIAN_POINT('Ctrl Pts',(528.715247185356,298.034414943148,25.0010248327397));
#2216=CARTESIAN_POINT('Ctrl Pts',(529.888006329992,298.264856728118,25.0010240680705));
#2217=CARTESIAN_POINT('Ctrl Pts',(531.064725320188,298.492135218808,25.0010234536812));
#2218=CARTESIAN_POINT('Ctrl Pts',(532.246578915295,298.72040543757,25.0010228366109));
#2219=CARTESIAN_POINT('Ctrl Pts',(533.432427018264,298.945484705842,25.0010223711544));
#2220=CARTESIAN_POINT('Ctrl Pts',(534.621102928517,299.167331475068,25.0010220007663));
#2221=CARTESIAN_POINT('Ctrl Pts',(535.815197270025,299.390189505193,25.0010216286899));
#2222=CARTESIAN_POINT('Ctrl Pts',(537.012145289051,299.609785509776,25.0010213525711));
#2223=CARTESIAN_POINT('Ctrl Pts',(538.210816386592,299.826085804423,25.0010211366876));
#2224=CARTESIAN_POINT('Ctrl Pts',(539.415194841128,300.043415992091,25.0010209197762));
#2225=CARTESIAN_POINT('Ctrl Pts',(540.621312854587,300.257419021802,25.0010207636964));
#2226=CARTESIAN_POINT('Ctrl Pts',(541.828075629488,300.468069058812,25.001020653658));
#2227=CARTESIAN_POINT('Ctrl Pts',(543.044214430949,300.680355755803,25.0010205427646));
#2228=CARTESIAN_POINT('Ctrl Pts',(544.261008062645,300.889237163051,25.0010204786434));
#2229=CARTESIAN_POINT('Ctrl Pts',(545.477388433166,301.094695143816,25.0010204676455));
#2230=CARTESIAN_POINT('Ctrl Pts',(546.699291660207,301.301085986518,25.0010204565977));
#2231=CARTESIAN_POINT('Ctrl Pts',(547.920777907524,301.504022258046,25.0010204991827));
#2232=CARTESIAN_POINT('Ctrl Pts',(549.140816718799,301.703493753871,25.0010206231325));
#2233=CARTESIAN_POINT('Ctrl Pts',(550.370081126673,301.904473598066,25.0010207480195));
#2234=CARTESIAN_POINT('Ctrl Pts',(551.597876146403,302.101936079456,25.001020955524));
#2235=CARTESIAN_POINT('Ctrl Pts',(552.823200249617,302.295878872819,25.0010212952692));
#2236=CARTESIAN_POINT('Ctrl Pts',(553.729282553889,302.439292466534,25.0010215464983));
#2237=CARTESIAN_POINT('Ctrl Pts',(554.634014840699,302.580781643176,25.0010218704815));
#2238=CARTESIAN_POINT('Ctrl Pts',(555.537010246534,302.72034822488,25.00102229457));
#2239=CARTESIAN_POINT('Ctrl Pts',(565.347871193865,266.583735934049,2.22044604925031E-15));
#2240=CARTESIAN_POINT('Ctrl Pts',(565.347871193865,266.583735934049,2.03430805813522));
#2241=CARTESIAN_POINT('Ctrl Pts',(565.230870819455,267.031133712372,6.07573550224678));
#2242=CARTESIAN_POINT('Ctrl Pts',(564.542824367471,269.661069364664,13.7848883225079));
#2243=CARTESIAN_POINT('Ctrl Pts',(562.894298586531,275.957123353282,21.8604126956434));
#2244=CARTESIAN_POINT('Ctrl Pts',(560.043341511501,286.817985404208,27.2177001012347));
#2245=CARTESIAN_POINT('Ctrl Pts',(556.878553650925,298.836711079418,27.2261337708243));
#2246=CARTESIAN_POINT('Ctrl Pts',(554.006911455209,309.709179850003,21.8877844929514));
#2247=CARTESIAN_POINT('Ctrl Pts',(552.002429701017,317.280073907059,12.1927093930163));
#2248=CARTESIAN_POINT('Ctrl Pts',(551.51970544688,319.100905067379,4.068976351474));
#2249=CARTESIAN_POINT('Ctrl Pts',(551.51970544688,319.100905067379,-8.08565996189712E-15));
#2250=CARTESIAN_POINT('Ctrl Pts',(555.536935787493,302.720860983205,25.));
#2251=CARTESIAN_POINT('Ctrl Pts',(554.765930122702,305.329233479273,23.9004908898825));
#2252=CARTESIAN_POINT('Ctrl Pts',(554.04911629902,307.754270735262,22.369701936911));
#2253=CARTESIAN_POINT('Ctrl Pts',(552.711611083457,312.279155540828,18.3434662292826));
#2254=CARTESIAN_POINT('Ctrl Pts',(552.121947084768,314.274034991306,15.795550625908));
#2255=CARTESIAN_POINT('Ctrl Pts',(551.337279268332,316.928627615465,10.7690804287387));
#2256=CARTESIAN_POINT('Ctrl Pts',(551.085230574714,317.781328069294,8.44683140316453));
#2257=CARTESIAN_POINT('Ctrl Pts',(550.797306751126,318.755396894861,4.05601414259441));
#2258=CARTESIAN_POINT('Ctrl Pts',(550.731751434441,318.977175660761,2.03146400390542));
#2259=CARTESIAN_POINT('Ctrl Pts',(550.731751434441,318.977175660761,-2.4980018054066E-14));
#2260=CARTESIAN_POINT('Ctrl Pts',(456.563077890657,238.146089023122,-5.96010201410268E-16));
#2261=CARTESIAN_POINT('Ctrl Pts',(455.955454205836,240.051553128699,-3.51080841580797E-16));
#2262=CARTESIAN_POINT('Ctrl Pts',(455.347830521014,241.957017234277,-1.06151481751326E-16));
#2263=CARTESIAN_POINT('Ctrl Pts',(454.740206836192,243.862481339854,1.38777878078145E-16));
#2264=CARTESIAN_POINT('Ctrl Pts',(456.563077890657,238.146089023122,-0.993467818967414));
#2265=CARTESIAN_POINT('Ctrl Pts',(455.955428527534,240.051633654004,-0.920026016792741));
#2266=CARTESIAN_POINT('Ctrl Pts',(455.347856199316,241.956936708972,-0.846138994704884));
#2267=CARTESIAN_POINT('Ctrl Pts',(454.740206836192,243.862481339854,-0.772697192530211));
#2268=CARTESIAN_POINT('Ctrl Pts',(456.70396921425,238.250541585856,-1.97729279519192));
#2269=CARTESIAN_POINT('Ctrl Pts',(456.09763760946,240.151953821529,-1.83076715882272));
#2270=CARTESIAN_POINT('Ctrl Pts',(455.491258526443,242.053514945502,-1.68442003262958));
#2271=CARTESIAN_POINT('Ctrl Pts',(454.884926921653,243.954927181175,-1.53789439626038));
#2272=CARTESIAN_POINT('Ctrl Pts',(457.179049525595,238.599069606737,-3.72172005387756));
#2273=CARTESIAN_POINT('Ctrl Pts',(456.576904957834,240.487351595902,-3.4462028588692));
#2274=CARTESIAN_POINT('Ctrl Pts',(455.974825399001,242.375429721747,-3.17018834802423));
#2275=CARTESIAN_POINT('Ctrl Pts',(455.372680831239,244.263711710912,-2.89467115301588));
#2276=CARTESIAN_POINT('Ctrl Pts',(457.813203104928,239.061552133885,-5.27663459467715));
#2277=CARTESIAN_POINT('Ctrl Pts',(457.216662854431,240.932259387814,-4.88576173410197));
#2278=CARTESIAN_POINT('Ctrl Pts',(456.620115271514,242.802989635681,-4.49492198976852));
#2279=CARTESIAN_POINT('Ctrl Pts',(456.023575021017,244.67369688961,-4.10404912919334));
#2280=CARTESIAN_POINT('Ctrl Pts',(459.463253434224,240.236557517484,-7.84479623745225));
#2281=CARTESIAN_POINT('Ctrl Pts',(458.880588325518,242.063753326249,-7.26394424745596));
#2282=CARTESIAN_POINT('Ctrl Pts',(458.298024785336,243.890630623438,-6.68236017468137));
#2283=CARTESIAN_POINT('Ctrl Pts',(457.715359676629,245.717826432203,-6.10150818468508));
#2284=CARTESIAN_POINT('Ctrl Pts',(461.172626386212,241.400260196033,-9.48486284168702));
#2285=CARTESIAN_POINT('Ctrl Pts',(460.603255101909,243.185767529087,-8.78221563479905));
#2286=CARTESIAN_POINT('Ctrl Pts',(460.033894426448,244.971241593576,-8.07976275042232));
#2287=CARTESIAN_POINT('Ctrl Pts',(459.464523142145,246.75674892663,-7.37711554353435));
#2288=CARTESIAN_POINT('Ctrl Pts',(464.194928352032,243.327350843147,-11.6779986589907));
#2289=CARTESIAN_POINT('Ctrl Pts',(463.646213990737,245.048079553666,-10.8131276566233));
#2290=CARTESIAN_POINT('Ctrl Pts',(463.097502900446,246.768798006547,-9.94775884824913));
#2291=CARTESIAN_POINT('Ctrl Pts',(462.548788539151,248.489526717066,-9.08288784588167));
#2292=CARTESIAN_POINT('Ctrl Pts',(466.207551228277,244.521655575478,-12.6674983495234));
#2293=CARTESIAN_POINT('Ctrl Pts',(465.670677700416,246.205252285298,-11.7291726246366));
#2294=CARTESIAN_POINT('Ctrl Pts',(465.133823754483,247.888787587601,-10.7908244411827));
#2295=CARTESIAN_POINT('Ctrl Pts',(464.596950226622,249.572384297421,-9.85249871629594));
#2296=CARTESIAN_POINT('Ctrl Pts',(469.828924163829,246.323089732377,-13.7532319713402));
#2297=CARTESIAN_POINT('Ctrl Pts',(469.305925242946,247.963176674165,-12.7344934277172));
#2298=CARTESIAN_POINT('Ctrl Pts',(468.78291514484,249.603298666923,-11.7156967435543));
#2299=CARTESIAN_POINT('Ctrl Pts',(468.259916223957,251.243385608711,-10.6969581999313));
#2300=CARTESIAN_POINT('Ctrl Pts',(471.336406203169,246.984205274351,-14.0318314797425));
#2301=CARTESIAN_POINT('Ctrl Pts',(470.817265428298,248.612193348169,-12.9924355981501));
#2302=CARTESIAN_POINT('Ctrl Pts',(470.298142967544,250.240123990235,-11.9530425880588));
#2303=CARTESIAN_POINT('Ctrl Pts',(469.779002192672,251.868112064052,-10.9136467064664));
#2304=CARTESIAN_POINT('Ctrl Pts',(474.611334528995,248.144410190362,-14.2095599943116));
#2305=CARTESIAN_POINT('Ctrl Pts',(474.094686432251,249.764581405134,-13.157012715694));
#2306=CARTESIAN_POINT('Ctrl Pts',(473.57803229467,251.384771563535,-12.1044272741933));
#2307=CARTESIAN_POINT('Ctrl Pts',(473.061384197925,253.004942778307,-11.0518799955757));
#2308=CARTESIAN_POINT('Ctrl Pts',(476.401052295343,248.613234288648,-14.0636545091558));
#2309=CARTESIAN_POINT('Ctrl Pts',(475.882235313617,250.240206970488,-13.0218783127063));
#2310=CARTESIAN_POINT('Ctrl Pts',(475.363365136755,251.867346468442,-11.9801741480152));
#2311=CARTESIAN_POINT('Ctrl Pts',(474.844548155028,253.494319150282,-10.9383979515656));
#2312=CARTESIAN_POINT('Ctrl Pts',(479.596364754505,249.060031397843,-13.127509983564));
#2313=CARTESIAN_POINT('Ctrl Pts',(479.065257737292,250.725544745658,-12.1551528660281));
#2314=CARTESIAN_POINT('Ctrl Pts',(478.534166171199,252.391009639877,-11.1826426603079));
#2315=CARTESIAN_POINT('Ctrl Pts',(478.003059153986,254.056522987692,-10.210285542772));
#2316=CARTESIAN_POINT('Ctrl Pts',(481.530681722328,249.116282771411,-12.1674869426343));
#2317=CARTESIAN_POINT('Ctrl Pts',(480.987555669932,250.819486947774,-11.2662336745329));
#2318=CARTESIAN_POINT('Ctrl Pts',(480.444444710254,252.522643794458,-10.3648542234836));
#2319=CARTESIAN_POINT('Ctrl Pts',(479.901318657858,254.22584797082,-9.46360095538222));
#2320=CARTESIAN_POINT('Ctrl Pts',(483.602741854856,248.924658821148,-10.3708270179855));
#2321=CARTESIAN_POINT('Ctrl Pts',(483.041359380429,250.685113821902,-9.60251398586786));
#2322=CARTESIAN_POINT('Ctrl Pts',(482.479934523256,252.445701731895,-8.83451182388412));
#2323=CARTESIAN_POINT('Ctrl Pts',(481.918552048829,254.206156732649,-8.06619879176649));
#2324=CARTESIAN_POINT('Ctrl Pts',(485.407977605541,248.619880682294,-8.17925175646596));
#2325=CARTESIAN_POINT('Ctrl Pts',(484.8277020533,250.439583014116,-7.57341028529154));
#2326=CARTESIAN_POINT('Ctrl Pts',(484.247431210666,252.259270576951,-6.9674817262035));
#2327=CARTESIAN_POINT('Ctrl Pts',(483.667155658424,254.078972908772,-6.36164025502908));
#2328=CARTESIAN_POINT('Ctrl Pts',(487.036477476189,248.162312863054,-4.72926542674725));
#2329=CARTESIAN_POINT('Ctrl Pts',(486.435280183124,250.047624267008,-4.37870733520227));
#2330=CARTESIAN_POINT('Ctrl Pts',(485.834017979313,251.933139226384,-4.02887564568172));
#2331=CARTESIAN_POINT('Ctrl Pts',(485.232820686247,253.818450630338,-3.67831755413675));
#2332=CARTESIAN_POINT('Ctrl Pts',(487.479480831443,248.004862337886,-1.58032671256464));
#2333=CARTESIAN_POINT('Ctrl Pts',(486.871841381903,249.910375880487,-1.46335694932488));
#2334=CARTESIAN_POINT('Ctrl Pts',(486.264249226519,251.815741112018,-1.34611276190114));
#2335=CARTESIAN_POINT('Ctrl Pts',(485.656609776979,253.721254654619,-1.22914299866138));
#2336=CARTESIAN_POINT('Ctrl Pts',(487.479480831443,248.004862337886,2.59588099438706E-15));
#2337=CARTESIAN_POINT('Ctrl Pts',(486.871857146622,249.910326443464,2.84081035421653E-15));
#2338=CARTESIAN_POINT('Ctrl Pts',(486.2642334618,251.815790549041,3.085739714046E-15));
#2339=CARTESIAN_POINT('Ctrl Pts',(485.656609776979,253.721254654619,3.33066907387547E-15));
#2340=CARTESIAN_POINT('',(485.656609776979,253.721254654619,0.));
#2341=CARTESIAN_POINT('',(485.656609776979,253.721254654619,0.));
#2342=CARTESIAN_POINT('',(454.740206836192,243.862481339854,1.34711147906209E-15));
#2343=CARTESIAN_POINT('Ctrl Pts',(454.740206836192,243.862481339854,1.38777878078145E-16));
#2344=CARTESIAN_POINT('Ctrl Pts',(454.740206836192,243.862481339854,-0.772697192530211));
#2345=CARTESIAN_POINT('Ctrl Pts',(454.884926921653,243.954927181175,-1.53789439626038));
#2346=CARTESIAN_POINT('Ctrl Pts',(455.372680831239,244.263711710912,-2.89467115301588));
#2347=CARTESIAN_POINT('Ctrl Pts',(456.023575021017,244.67369688961,-4.10404912919334));
#2348=CARTESIAN_POINT('Ctrl Pts',(457.715359676629,245.717826432203,-6.10150818468508));
#2349=CARTESIAN_POINT('Ctrl Pts',(459.464523142145,246.75674892663,-7.37711554353435));
#2350=CARTESIAN_POINT('Ctrl Pts',(462.548788539151,248.489526717066,-9.08288784588167));
#2351=CARTESIAN_POINT('Ctrl Pts',(464.596950226622,249.572384297421,-9.85249871629594));
#2352=CARTESIAN_POINT('Ctrl Pts',(468.259916223957,251.243385608711,-10.6969581999313));
#2353=CARTESIAN_POINT('Ctrl Pts',(469.779002192672,251.868112064052,-10.9136467064664));
#2354=CARTESIAN_POINT('Ctrl Pts',(473.061384197925,253.004942778307,-11.0518799955757));
#2355=CARTESIAN_POINT('Ctrl Pts',(474.844548155028,253.494319150282,-10.9383979515656));
#2356=CARTESIAN_POINT('Ctrl Pts',(478.003059153986,254.056522987692,-10.210285542772));
#2357=CARTESIAN_POINT('Ctrl Pts',(479.901318657858,254.22584797082,-9.46360095538222));
#2358=CARTESIAN_POINT('Ctrl Pts',(481.918552048829,254.206156732649,-8.06619879176649));
#2359=CARTESIAN_POINT('Ctrl Pts',(483.667155658424,254.078972908772,-6.36164025502908));
#2360=CARTESIAN_POINT('Ctrl Pts',(485.232820686247,253.818450630338,-3.67831755413675));
#2361=CARTESIAN_POINT('Ctrl Pts',(485.656609776979,253.721254654619,-1.22914299866138));
#2362=CARTESIAN_POINT('Ctrl Pts',(485.656609776979,253.721254654619,3.33066907387547E-15));
#2363=CARTESIAN_POINT('',(454.740206836192,243.862481339854,1.34711147906209E-15));
#2364=CARTESIAN_POINT('Ctrl Pts',(487.479480831444,248.004862337886,4.34301290952017E-15));
#2365=CARTESIAN_POINT('Ctrl Pts',(486.871857146622,249.910326443464,4.0980835496907E-15));
#2366=CARTESIAN_POINT('Ctrl Pts',(486.2642334618,251.815790549041,3.85315418986123E-15));
#2367=CARTESIAN_POINT('Ctrl Pts',(485.656609776979,253.721254654619,3.60822483003176E-15));
#2368=CARTESIAN_POINT('Ctrl Pts',(487.479480831444,248.004862337886,1.58036554088252));
#2369=CARTESIAN_POINT('Ctrl Pts',(486.871841635609,249.910375084884,1.46339117100114));
#2370=CARTESIAN_POINT('Ctrl Pts',(486.264248972814,251.815741907621,1.34614756834556));
#2371=CARTESIAN_POINT('Ctrl Pts',(485.656609776979,253.721254654619,1.22917319846418));
#2372=CARTESIAN_POINT('Ctrl Pts',(487.036589570739,248.162279305631,4.72931734183176));
#2373=CARTESIAN_POINT('Ctrl Pts',(486.435392036435,250.04759146609,4.37875554039229));
#2374=CARTESIAN_POINT('Ctrl Pts',(485.834125857378,251.933118891552,4.02891973397529));
#2375=CARTESIAN_POINT('Ctrl Pts',(485.232928323075,253.81843105201,3.67835793253582));
#2376=CARTESIAN_POINT('Ctrl Pts',(485.407556246652,248.620042879663,8.17953952003228));
#2377=CARTESIAN_POINT('Ctrl Pts',(484.827282613522,250.439739193291,7.57367925554067));
#2378=CARTESIAN_POINT('Ctrl Pts',(484.247027008299,252.2593789727,6.96772433562783));
#2379=CARTESIAN_POINT('Ctrl Pts',(483.666753375169,254.079075286328,6.36186407113622));
#2380=CARTESIAN_POINT('Ctrl Pts',(483.602752155443,248.924621113543,10.3709700948581));
#2381=CARTESIAN_POINT('Ctrl Pts',(483.041369589642,250.685076400841,9.60265892536841));
#2382=CARTESIAN_POINT('Ctrl Pts',(482.47994227849,252.445672006335,8.83462124326816));
#2383=CARTESIAN_POINT('Ctrl Pts',(481.918559712688,254.206127293633,8.0663100737785));
#2384=CARTESIAN_POINT('Ctrl Pts',(481.530620256829,249.116214805717,12.1675722755787));
#2385=CARTESIAN_POINT('Ctrl Pts',(480.987497733322,250.819407915737,11.2662925563413));
#2386=CARTESIAN_POINT('Ctrl Pts',(480.44437660489,252.522596650902,10.3649470446876));
#2387=CARTESIAN_POINT('Ctrl Pts',(479.901254081383,254.225789760922,9.46366732545013));
#2388=CARTESIAN_POINT('Ctrl Pts',(479.596532614703,249.060018979086,13.1274750897157));
#2389=CARTESIAN_POINT('Ctrl Pts',(479.065424928317,250.725534425382,12.1551236443163));
#2390=CARTESIAN_POINT('Ctrl Pts',(478.534330458706,252.391008424824,11.1826098485116));
#2391=CARTESIAN_POINT('Ctrl Pts',(478.003222772319,254.05652387112,10.2102584031122));
#2392=CARTESIAN_POINT('Ctrl Pts',(476.401166656068,248.613217363345,14.0636363744841));
#2393=CARTESIAN_POINT('Ctrl Pts',(475.882349743624,250.240189827923,13.0218585858979));
#2394=CARTESIAN_POINT('Ctrl Pts',(475.363475993813,251.867340530385,11.9801616354072));
#2395=CARTESIAN_POINT('Ctrl Pts',(474.844659081368,253.494312994963,10.938383846821));
#2396=CARTESIAN_POINT('Ctrl Pts',(474.611435754415,248.144414284441,14.2095634388073));
#2397=CARTESIAN_POINT('Ctrl Pts',(474.094787612588,249.764585640587,13.1570170298637));
#2398=CARTESIAN_POINT('Ctrl Pts',(473.57813175223,251.384781201493,12.1044290835715));
#2399=CARTESIAN_POINT('Ctrl Pts',(473.061483610403,253.004952557639,11.0518826746279));
#2400=CARTESIAN_POINT('Ctrl Pts',(471.336389288343,246.984170560971,14.0318262396846));
#2401=CARTESIAN_POINT('Ctrl Pts',(470.817248487476,248.612158716313,12.992430038938));
#2402=CARTESIAN_POINT('Ctrl Pts',(470.298124192811,250.240095109389,11.9530388316124));
#2403=CARTESIAN_POINT('Ctrl Pts',(469.778983391943,251.868083264731,10.9136426308658));
#2404=CARTESIAN_POINT('Ctrl Pts',(469.828931064439,246.323068987665,13.7532265138953));
#2405=CARTESIAN_POINT('Ctrl Pts',(469.305931999224,247.963156382072,12.734489198438));
#2406=CARTESIAN_POINT('Ctrl Pts',(468.78292071389,249.603282097889,11.7156912707093));
#2407=CARTESIAN_POINT('Ctrl Pts',(468.259921648675,251.243369492296,10.6969539552519));
#2408=CARTESIAN_POINT('Ctrl Pts',(466.207652596673,244.521691958647,12.6675342285123));
#2409=CARTESIAN_POINT('Ctrl Pts',(465.670779510183,246.20528728436,11.729205303531));
#2410=CARTESIAN_POINT('Ctrl Pts',(465.13392494255,247.888824536271,10.7908555471576));
#2411=CARTESIAN_POINT('Ctrl Pts',(464.597051856059,249.572419861983,9.85252662217627));
#2412=CARTESIAN_POINT('Ctrl Pts',(464.194949247745,243.327350049676,11.6780079377842));
#2413=CARTESIAN_POINT('Ctrl Pts',(463.646234839076,245.048078908754,10.8131379739053));
#2414=CARTESIAN_POINT('Ctrl Pts',(463.097523363892,246.768798568632,9.94776502659995));
#2415=CARTESIAN_POINT('Ctrl Pts',(462.548808955223,248.489527427711,9.08289506272106));
#2416=CARTESIAN_POINT('Ctrl Pts',(461.172543563364,241.400199592501,9.48480242055691));
#2417=CARTESIAN_POINT('Ctrl Pts',(460.60317164503,243.185708913832,8.78215915210836));
#2418=CARTESIAN_POINT('Ctrl Pts',(460.033810038279,244.971185898778,8.07971181777059));
#2419=CARTESIAN_POINT('Ctrl Pts',(459.464438119945,246.756695220109,7.37706854932204));
#2420=CARTESIAN_POINT('Ctrl Pts',(459.462993487701,240.23637231321,7.84447637214076));
#2421=CARTESIAN_POINT('Ctrl Pts',(458.880326470857,242.063574105757,7.2636442077137));
#2422=CARTESIAN_POINT('Ctrl Pts',(458.297760166034,243.890460072663,6.682091564981));
#2423=CARTESIAN_POINT('Ctrl Pts',(457.71509314919,245.71766186521,6.10125940055393));
#2424=CARTESIAN_POINT('Ctrl Pts',(457.813100331056,239.061473226019,5.27639100647182));
#2425=CARTESIAN_POINT('Ctrl Pts',(457.216558897329,240.932184190469,4.88553874566741));
#2426=CARTESIAN_POINT('Ctrl Pts',(456.620010713363,242.802916323184,4.49471193250471));
#2427=CARTESIAN_POINT('Ctrl Pts',(456.023469279637,244.673627287635,4.1038596717003));
#2428=CARTESIAN_POINT('Ctrl Pts',(457.17904679217,238.599065275067,3.72166632308));
#2429=CARTESIAN_POINT('Ctrl Pts',(456.576902265005,240.487347136922,3.4461515148108));
#2430=CARTESIAN_POINT('Ctrl Pts',(455.974822402421,242.375426215311,3.17014417066476));
#2431=CARTESIAN_POINT('Ctrl Pts',(455.372677875257,244.263708077166,2.89462936239556));
#2432=CARTESIAN_POINT('Ctrl Pts',(456.703971302079,238.250542138819,1.9772846971206));
#2433=CARTESIAN_POINT('Ctrl Pts',(456.097639547976,240.151954842729,1.8307611331507));
#2434=CARTESIAN_POINT('Ctrl Pts',(455.491260756329,242.053515052984,1.68441166173038));
#2435=CARTESIAN_POINT('Ctrl Pts',(454.884929002226,243.954927756894,1.53788809776047));
#2436=CARTESIAN_POINT('Ctrl Pts',(456.563077890657,238.146089023122,0.993465097147611));
#2437=CARTESIAN_POINT('Ctrl Pts',(455.95542862888,240.051633336188,0.920021876950584));
#2438=CARTESIAN_POINT('Ctrl Pts',(455.347856097969,241.956937026788,0.846138295756281));
#2439=CARTESIAN_POINT('Ctrl Pts',(454.740206836192,243.862481339854,0.772695075559254));
#2440=CARTESIAN_POINT('Ctrl Pts',(456.563077890657,238.146089023122,7.18795941012213E-15));
#2441=CARTESIAN_POINT('Ctrl Pts',(455.955454205835,240.051553128699,6.94303005029266E-15));
#2442=CARTESIAN_POINT('Ctrl Pts',(455.347830521014,241.957017234277,6.69810069046319E-15));
#2443=CARTESIAN_POINT('Ctrl Pts',(454.740206836192,243.862481339854,6.45317133063372E-15));
#2444=CARTESIAN_POINT('Ctrl Pts',(485.656609776979,253.721254654619,8.26484474332616E-15));
#2445=CARTESIAN_POINT('Ctrl Pts',(485.656609776979,253.721254654619,1.22917319846418));
#2446=CARTESIAN_POINT('Ctrl Pts',(485.444769050027,253.769842853315,2.4537655655));
#2447=CARTESIAN_POINT('Ctrl Pts',(485.025613696969,253.846265799526,3.60276297673799));
#2448=CARTESIAN_POINT('Ctrl Pts',(484.606458343912,253.922688745738,4.75176038797598));
#2449=CARTESIAN_POINT('Ctrl Pts',(483.97998836475,254.026946439465,5.82516284341614));
#2450=CARTESIAN_POINT('Ctrl Pts',(483.188433817536,254.104049673142,6.75111232944362));
#2451=CARTESIAN_POINT('Ctrl Pts',(482.792656543929,254.142601289981,7.21408707245736));
#2452=CARTESIAN_POINT('Ctrl Pts',(482.355608128309,254.174364291807,7.64019857311793));
#2453=CARTESIAN_POINT('Ctrl Pts',(481.884920716585,254.192703601131,8.02792397990717));
#2454=CARTESIAN_POINT('Ctrl Pts',(481.414233304862,254.211042910455,8.41564938669641));
#2455=CARTESIAN_POINT('Ctrl Pts',(480.909906897036,254.215958527277,8.76498869961431));
#2456=CARTESIAN_POINT('Ctrl Pts',(480.362796924145,254.20042828407,9.0808361390776));
#2457=CARTESIAN_POINT('Ctrl Pts',(479.268576978362,254.169367797654,9.71253101800416));
#2458=CARTESIAN_POINT('Ctrl Pts',(478.003222772319,254.05652387112,10.2102584031122));
#2459=CARTESIAN_POINT('Ctrl Pts',(476.579901828385,253.803178808858,10.5383683591696));
#2460=CARTESIAN_POINT('Ctrl Pts',(474.844659081368,253.494312994963,10.938383846821));
#2461=CARTESIAN_POINT('Ctrl Pts',(473.061483610403,253.004952557639,11.0518826746279));
#2462=CARTESIAN_POINT('Ctrl Pts',(471.343698937875,252.410010740105,10.9795394568061));
#2463=CARTESIAN_POINT('Ctrl Pts',(469.778983391943,251.868083264731,10.9136426308658));
#2464=CARTESIAN_POINT('Ctrl Pts',(468.259921648675,251.243369492296,10.6969539552519));
#2465=CARTESIAN_POINT('Ctrl Pts',(466.772526718331,250.564840865917,10.3540542603754));
#2466=CARTESIAN_POINT('Ctrl Pts',(464.597051856059,249.572419861983,9.85252662217627));
#2467=CARTESIAN_POINT('Ctrl Pts',(462.548808955223,248.489527427711,9.08289506272106));
#2468=CARTESIAN_POINT('Ctrl Pts',(460.775894876537,247.493485518055,8.10237618126534));
#2469=CARTESIAN_POINT('Ctrl Pts',(459.464438119945,246.756695220109,7.37706854932204));
#2470=CARTESIAN_POINT('Ctrl Pts',(458.298208139441,246.064006316843,6.52652911680997));
#2471=CARTESIAN_POINT('Ctrl Pts',(457.345590189423,245.485098489896,5.5772160630214));
#2472=CARTESIAN_POINT('Ctrl Pts',(456.869281214413,245.195644576422,5.10255953612712));
#2473=CARTESIAN_POINT('Ctrl Pts',(456.446375247025,244.934635932028,4.60320960391371));
#2474=CARTESIAN_POINT('Ctrl Pts',(456.072224412236,244.701651807214,4.05122706048082));
#2475=CARTESIAN_POINT('Ctrl Pts',(455.698073577447,244.4686676824,3.49924451704793));
#2476=CARTESIAN_POINT('Ctrl Pts',(455.372677875257,244.263708077166,2.89462936239556));
#2477=CARTESIAN_POINT('Ctrl Pts',(455.1401125103,244.116477377422,2.24771648405043));
#2478=CARTESIAN_POINT('Ctrl Pts',(454.884929002226,243.954927756894,1.53788809776047));
#2479=CARTESIAN_POINT('Ctrl Pts',(454.740206836192,243.862481339854,0.772695075559255));
#2480=CARTESIAN_POINT('Ctrl Pts',(454.740206836192,243.862481339854,8.04911692853238E-15));
#2481=CARTESIAN_POINT('Ctrl Pts',(334.045597261172,220.193938849727,26.1083766948326));
#2482=CARTESIAN_POINT('Ctrl Pts',(333.890735872562,220.679573009006,24.1744228655857));
#2483=CARTESIAN_POINT('Ctrl Pts',(333.735874483952,221.165207168286,22.2404690363389));
#2484=CARTESIAN_POINT('Ctrl Pts',(333.581013095342,221.650841327565,20.306515207092));
#2485=CARTESIAN_POINT('Ctrl Pts',(337.145363804364,225.954573681888,27.3067129050044));
#2486=CARTESIAN_POINT('Ctrl Pts',(337.092760215036,226.119534748733,25.28356698));
#2487=CARTESIAN_POINT('Ctrl Pts',(337.040340917977,226.283917888299,23.2617004066745));
#2488=CARTESIAN_POINT('Ctrl Pts',(336.987737328649,226.448878955144,21.2385544816701));
#2489=CARTESIAN_POINT('Ctrl Pts',(343.776409937698,238.277771186313,27.2720170426189));
#2490=CARTESIAN_POINT('Ctrl Pts',(343.942814921836,237.755937142997,25.2517663057122));
#2491=CARTESIAN_POINT('Ctrl Pts',(344.109024898078,237.2347146304,23.2318195478326));
#2492=CARTESIAN_POINT('Ctrl Pts',(344.275429882216,236.712880587084,21.2115688109258));
#2493=CARTESIAN_POINT('Ctrl Pts',(352.385014493387,254.276081565116,19.9483296246873));
#2494=CARTESIAN_POINT('Ctrl Pts',(352.835500874823,252.863388723609,18.4707272574355));
#2495=CARTESIAN_POINT('Ctrl Pts',(353.286024309993,251.450579684261,16.9929698531198));
#2496=CARTESIAN_POINT('Ctrl Pts',(353.736510691428,250.037886842755,15.5153674858679));
#2497=CARTESIAN_POINT('Ctrl Pts',(357.351877819147,263.506546337956,7.29960484057213));
#2498=CARTESIAN_POINT('Ctrl Pts',(357.966265910354,261.579869541228,6.7590435460284));
#2499=CARTESIAN_POINT('Ctrl Pts',(358.580834867621,259.65262556156,6.21803172609984));
#2500=CARTESIAN_POINT('Ctrl Pts',(359.195222958828,257.725948764832,5.6774704315561));
#2501=CARTESIAN_POINT('Ctrl Pts',(357.34995356782,263.502970291482,-7.29828011099459));
#2502=CARTESIAN_POINT('Ctrl Pts',(357.964334748058,261.576315167055,-6.75774397737747));
#2503=CARTESIAN_POINT('Ctrl Pts',(358.578726976222,259.649625397123,-6.21697621994624));
#2504=CARTESIAN_POINT('Ctrl Pts',(359.19310815646,257.722970272696,-5.67644008632912));
#2505=CARTESIAN_POINT('Ctrl Pts',(352.384800643613,254.275684144717,-19.9466300290581));
#2506=CARTESIAN_POINT('Ctrl Pts',(352.835294479418,252.862967926847,-18.4689479786503));
#2507=CARTESIAN_POINT('Ctrl Pts',(353.285781829148,251.450272048838,-16.9917276285641));
#2508=CARTESIAN_POINT('Ctrl Pts',(353.736275664953,250.037555830968,-15.5140455781563));
#2509=CARTESIAN_POINT('Ctrl Pts',(343.777524443302,238.279842393841,-27.2741692425927));
#2510=CARTESIAN_POINT('Ctrl Pts',(343.943914087836,237.75805645442,-25.2539824345189));
#2511=CARTESIAN_POINT('Ctrl Pts',(344.110265108393,237.236391637009,-23.2334295523125));
#2512=CARTESIAN_POINT('Ctrl Pts',(344.276654752927,236.714605697588,-21.2132427442387));
#2513=CARTESIAN_POINT('Ctrl Pts',(337.145363804364,225.954573681888,-27.3067129050044));
#2514=CARTESIAN_POINT('Ctrl Pts',(337.092768794804,226.119507843199,-25.2835220358615));
#2515=CARTESIAN_POINT('Ctrl Pts',(337.040332338209,226.283944793833,-23.261745350813));
#2516=CARTESIAN_POINT('Ctrl Pts',(336.987737328649,226.448878955144,-21.2385544816701));
#2517=CARTESIAN_POINT('Ctrl Pts',(334.045597261172,220.193938849727,-26.1083766948326));
#2518=CARTESIAN_POINT('Ctrl Pts',(333.890735872562,220.679573009006,-24.1744228655857));
#2519=CARTESIAN_POINT('Ctrl Pts',(333.735874483952,221.165207168286,-22.2404690363389));
#2520=CARTESIAN_POINT('Ctrl Pts',(333.581013095342,221.650841327565,-20.306515207092));
#2521=CARTESIAN_POINT('',(333.581013095342,221.650841327565,-20.306515207092));
#2522=CARTESIAN_POINT('',(333.581013095342,221.650841327565,-20.306515207092));
#2523=CARTESIAN_POINT('',(333.581013095342,221.650841327565,20.306515207092));
#2524=CARTESIAN_POINT('Origin',(338.737131306771,228.912729140146,0.));
#2525=CARTESIAN_POINT('',(333.581013095342,221.650841327565,20.306515207092));
#2526=CARTESIAN_POINT('Origin',(334.56721504833,218.558183043811,-19.1590788662988));
#2527=CARTESIAN_POINT('',(335.483201830204,215.685714478735,-17.4966612694232));
#2528=CARTESIAN_POINT('',(335.483201830204,215.685714478735,-17.4966612694232));
#2529=CARTESIAN_POINT('Origin',(331.954968514934,226.75,0.));
#2530=CARTESIAN_POINT('Ctrl Pts',(336.49126849171,212.524490044087,-22.4957073464013));
#2531=CARTESIAN_POINT('Ctrl Pts',(336.155246271208,213.578231522303,-20.8293586540752));
#2532=CARTESIAN_POINT('Ctrl Pts',(335.819224050706,214.631973000519,-19.1630099617492));
#2533=CARTESIAN_POINT('Ctrl Pts',(335.483201830204,215.685714478735,-17.4966612694232));
#2534=CARTESIAN_POINT('Ctrl Pts',(337.774367284987,212.880770928573,-22.4622679108146));
#2535=CARTESIAN_POINT('Ctrl Pts',(337.437307305764,213.937766743384,-20.7984727471098));
#2536=CARTESIAN_POINT('Ctrl Pts',(337.099959234018,214.995665995593,-19.1344479832274));
#2537=CARTESIAN_POINT('Ctrl Pts',(336.762899254795,216.052661810403,-17.4706528195225));
#2538=CARTESIAN_POINT('Ctrl Pts',(340.461839006881,212.993452312044,-22.0060100771443));
#2539=CARTESIAN_POINT('Ctrl Pts',(340.108706254558,214.100851185497,-20.3758555961893));
#2540=CARTESIAN_POINT('Ctrl Pts',(339.755627670163,215.208080192231,-18.7459400965116));
#2541=CARTESIAN_POINT('Ctrl Pts',(339.40249491784,216.315479065684,-17.1157856155566));
#2542=CARTESIAN_POINT('Ctrl Pts',(344.18760581215,212.029912734954,-20.4241397073416));
#2543=CARTESIAN_POINT('Ctrl Pts',(343.788399194647,213.281795930693,-18.9111736450643));
#2544=CARTESIAN_POINT('Ctrl Pts',(343.389070088581,214.534063241742,-17.3984080568763));
#2545=CARTESIAN_POINT('Ctrl Pts',(342.989863471078,215.78594643748,-15.885441994599));
#2546=CARTESIAN_POINT('Ctrl Pts',(346.716039484957,211.03617060626,-18.7571932123831));
#2547=CARTESIAN_POINT('Ctrl Pts',(346.278217954835,212.409147386358,-17.3676814173596));
#2548=CARTESIAN_POINT('Ctrl Pts',(345.840336786253,213.782311188368,-15.9784398490992));
#2549=CARTESIAN_POINT('Ctrl Pts',(345.40251525613,215.155287968467,-14.5889280540757));
#2550=CARTESIAN_POINT('Ctrl Pts',(349.073591233112,209.994634991231,-16.8290666504066));
#2551=CARTESIAN_POINT('Ctrl Pts',(348.597295544009,211.488263962416,-15.5825164021022));
#2552=CARTESIAN_POINT('Ctrl Pts',(348.121011649039,212.981855948046,-14.3358243097317));
#2553=CARTESIAN_POINT('Ctrl Pts',(347.644715959936,214.475484919231,-13.0892740614273));
#2554=CARTESIAN_POINT('Ctrl Pts',(350.489285492795,209.292990766148,-15.3560431764902));
#2555=CARTESIAN_POINT('Ctrl Pts',(349.988278624423,210.864112215458,-14.2186456327628));
#2556=CARTESIAN_POINT('Ctrl Pts',(349.487247595789,212.435309429607,-13.0809866809975));
#2557=CARTESIAN_POINT('Ctrl Pts',(348.986240727416,214.006430878917,-11.9435891372701));
#2558=CARTESIAN_POINT('Ctrl Pts',(351.938647953038,208.542402818371,-13.4549705190705));
#2559=CARTESIAN_POINT('Ctrl Pts',(351.411611404563,210.195151469439,-12.458329536905));
#2560=CARTESIAN_POINT('Ctrl Pts',(350.884631476558,211.847722562795,-11.4616180525538));
#2561=CARTESIAN_POINT('Ctrl Pts',(350.357594928083,213.500471213863,-10.4649770703882));
#2562=CARTESIAN_POINT('Ctrl Pts',(352.857525410549,208.055368531605,-12.1087717444198));
#2563=CARTESIAN_POINT('Ctrl Pts',(352.313767705051,209.760553526594,-11.2119046303213));
#2564=CARTESIAN_POINT('Ctrl Pts',(351.770055293297,211.465596483664,-10.3148006930916));
#2565=CARTESIAN_POINT('Ctrl Pts',(351.226297587799,213.170781478654,-9.41793357899315));
#2566=CARTESIAN_POINT('Ctrl Pts',(354.387670864958,207.219560903363,-9.35114254974778));
#2567=CARTESIAN_POINT('Ctrl Pts',(353.815543734852,209.013710370337,-8.65843367334642));
#2568=CARTESIAN_POINT('Ctrl Pts',(353.243423390937,210.807838556307,-7.9658197484274));
#2569=CARTESIAN_POINT('Ctrl Pts',(352.671296260831,212.601988023281,-7.27311087202605));
#2570=CARTESIAN_POINT('Ctrl Pts',(355.660192284104,206.496259425852,-5.78074644446773));
#2571=CARTESIAN_POINT('Ctrl Pts',(355.063840983842,208.366374145453,-5.35265485928425));
#2572=CARTESIAN_POINT('Ctrl Pts',(354.467543125349,210.236321275518,-4.92422770865837));
#2573=CARTESIAN_POINT('Ctrl Pts',(353.871191825087,212.10643599512,-4.4961361234749));
#2574=CARTESIAN_POINT('Ctrl Pts',(356.270054233579,206.145023134735,-1.7184156354645));
#2575=CARTESIAN_POINT('Ctrl Pts',(355.662035886424,208.051724872962,-1.59092627772008));
#2576=CARTESIAN_POINT('Ctrl Pts',(355.053970555148,209.958573950006,-1.46403485199459));
#2577=CARTESIAN_POINT('Ctrl Pts',(354.445952207992,211.865275688233,-1.33654549425017));
#2578=CARTESIAN_POINT('Ctrl Pts',(356.271734004963,206.144043663618,1.71935229826254));
#2579=CARTESIAN_POINT('Ctrl Pts',(355.663607176877,208.051085590228,1.59176403781836));
#2580=CARTESIAN_POINT('Ctrl Pts',(355.055661350836,209.957559907464,1.46486227020393));
#2581=CARTESIAN_POINT('Ctrl Pts',(354.44753452275,211.864601834074,1.33727400975975));
#2582=CARTESIAN_POINT('Ctrl Pts',(355.742699380682,206.448519667541,5.19818909656111));
#2583=CARTESIAN_POINT('Ctrl Pts',(355.144813289876,208.323447379731,4.81318945317357));
#2584=CARTESIAN_POINT('Ctrl Pts',(354.546821929332,210.198705210236,4.42803560737952));
#2585=CARTESIAN_POINT('Ctrl Pts',(353.948935838526,212.073632922425,4.04303596399198));
#2586=CARTESIAN_POINT('Ctrl Pts',(354.368024517876,207.231626274185,9.64692295875161));
#2587=CARTESIAN_POINT('Ctrl Pts',(353.796277400803,209.024584047661,8.93223470368877));
#2588=CARTESIAN_POINT('Ctrl Pts',(353.224576081266,210.817398203367,8.21785055631409));
#2589=CARTESIAN_POINT('Ctrl Pts',(352.652828964193,212.610355976842,7.50316230125125));
#2590=CARTESIAN_POINT('Ctrl Pts',(351.754791580013,208.666719276926,14.0489424117831));
#2591=CARTESIAN_POINT('Ctrl Pts',(351.23166817317,210.307196597719,13.0082285853163));
#2592=CARTESIAN_POINT('Ctrl Pts',(350.708629473464,211.947408283034,11.9676690356316));
#2593=CARTESIAN_POINT('Ctrl Pts',(350.185506066621,213.587885603827,10.9269552091647));
#2594=CARTESIAN_POINT('Ctrl Pts',(348.289173661332,210.383216932859,17.6448423564379));
#2595=CARTESIAN_POINT('Ctrl Pts',(347.826608508791,211.833787930463,16.337929938897));
#2596=CARTESIAN_POINT('Ctrl Pts',(347.363947666333,213.284659004749,15.0306786947704));
#2597=CARTESIAN_POINT('Ctrl Pts',(346.901382513792,214.735230002352,13.7237662772295));
#2598=CARTESIAN_POINT('Ctrl Pts',(344.521912393907,211.945754274537,20.2960117483295));
#2599=CARTESIAN_POINT('Ctrl Pts',(344.118577836792,213.210582391542,18.7926040357385));
#2600=CARTESIAN_POINT('Ctrl Pts',(343.715234205861,214.475438963384,17.2891946279583));
#2601=CARTESIAN_POINT('Ctrl Pts',(343.311899648746,215.740267080389,15.7857869153674));
#2602=CARTESIAN_POINT('Ctrl Pts',(340.463998214392,212.992330079318,21.9981099504447));
#2603=CARTESIAN_POINT('Ctrl Pts',(340.110838517607,214.099813448666,20.3688476525421));
#2604=CARTESIAN_POINT('Ctrl Pts',(339.757697348785,215.207238715652,18.7389033704708));
#2605=CARTESIAN_POINT('Ctrl Pts',(339.404537651999,216.314722085,17.1096410725681));
#2606=CARTESIAN_POINT('Ctrl Pts',(337.774367284987,212.880770928573,22.4622679108146));
#2607=CARTESIAN_POINT('Ctrl Pts',(337.437311703801,213.937752951457,20.7980146199196));
#2608=CARTESIAN_POINT('Ctrl Pts',(337.099954835981,214.99567978752,19.1349061104176));
#2609=CARTESIAN_POINT('Ctrl Pts',(336.762899254795,216.052661810403,17.4706528195225));
#2610=CARTESIAN_POINT('Ctrl Pts',(336.49126849171,212.524490044087,22.4957073464013));
#2611=CARTESIAN_POINT('Ctrl Pts',(336.155246271208,213.578231522303,20.8293586540752));
#2612=CARTESIAN_POINT('Ctrl Pts',(335.819224050706,214.631973000519,19.1630099617492));
#2613=CARTESIAN_POINT('Ctrl Pts',(335.483201830204,215.685714478735,17.4966612694232));
#2614=CARTESIAN_POINT('',(335.483201830204,215.685714478736,17.4966612694244));
#2615=CARTESIAN_POINT('',(335.483201830204,215.685714478736,17.4966612694244));
#2616=CARTESIAN_POINT('',(354.426092314517,211.873600009546,0.000313037231757796));
#2617=CARTESIAN_POINT('Ctrl Pts',(354.426092314517,211.873600009546,0.000313037231757587));
#2618=CARTESIAN_POINT('Ctrl Pts',(354.42616620954,211.873564158065,0.447331777182343));
#2619=CARTESIAN_POINT('Ctrl Pts',(354.364434742046,211.899440348799,1.78823433546511));
#2620=CARTESIAN_POINT('Ctrl Pts',(353.948935838526,212.073632922425,4.04303596399198));
#2621=CARTESIAN_POINT('Ctrl Pts',(352.652828964193,212.610355976842,7.50316230125125));
#2622=CARTESIAN_POINT('Ctrl Pts',(350.185506066621,213.587885603827,10.9269552091647));
#2623=CARTESIAN_POINT('Ctrl Pts',(346.901382513792,214.735230002352,13.7237662772295));
#2624=CARTESIAN_POINT('Ctrl Pts',(343.311899648746,215.740267080389,15.7857869153674));
#2625=CARTESIAN_POINT('Ctrl Pts',(339.404537651999,216.314722085,17.1096410725681));
#2626=CARTESIAN_POINT('Ctrl Pts',(336.762899254795,216.052661810403,17.4706528195225));
#2627=CARTESIAN_POINT('Ctrl Pts',(335.483201830204,215.685714478735,17.4966612694232));
#2628=CARTESIAN_POINT('Ctrl Pts',(335.483201830204,215.685714478735,-17.4966612694232));
#2629=CARTESIAN_POINT('Ctrl Pts',(336.762899254795,216.052661810403,-17.4706528195225));
#2630=CARTESIAN_POINT('Ctrl Pts',(339.40249491784,216.315479065684,-17.1157856155566));
#2631=CARTESIAN_POINT('Ctrl Pts',(342.989863471078,215.78594643748,-15.885441994599));
#2632=CARTESIAN_POINT('Ctrl Pts',(345.40251525613,215.155287968467,-14.5889280540757));
#2633=CARTESIAN_POINT('Ctrl Pts',(347.644715959936,214.475484919231,-13.0892740614273));
#2634=CARTESIAN_POINT('Ctrl Pts',(348.986240727416,214.006430878917,-11.9435891372701));
#2635=CARTESIAN_POINT('Ctrl Pts',(350.357594928083,213.500471213863,-10.4649770703882));
#2636=CARTESIAN_POINT('Ctrl Pts',(351.226297587799,213.170781478654,-9.41793357899315));
#2637=CARTESIAN_POINT('Ctrl Pts',(352.671296260831,212.601988023281,-7.27311087202605));
#2638=CARTESIAN_POINT('Ctrl Pts',(353.871191825087,212.10643599512,-4.4961361234749));
#2639=CARTESIAN_POINT('Ctrl Pts',(354.363843581863,211.899727160646,-1.78791558413943));
#2640=CARTESIAN_POINT('Ctrl Pts',(354.426018419494,211.873635861027,-0.446705702718793));
#2641=CARTESIAN_POINT('Ctrl Pts',(354.426092314517,211.873600009546,0.000313037231757587));
#2642=CARTESIAN_POINT('Origin',(334.567215048329,218.558183043812,19.1590788662992));
#2643=CARTESIAN_POINT('Origin',(331.954968514934,226.75,0.));
#2644=CARTESIAN_POINT('Ctrl Pts',(565.347871193865,266.583735934049,2.22044604925031E-15));
#2645=CARTESIAN_POINT('Ctrl Pts',(565.053401078285,268.56193899517,2.22044604925031E-15));
#2646=CARTESIAN_POINT('Ctrl Pts',(564.758930962705,270.540142056291,2.22044604925031E-15));
#2647=CARTESIAN_POINT('Ctrl Pts',(564.464460847124,272.518345117413,2.22044604925031E-15));
#2648=CARTESIAN_POINT('Ctrl Pts',(565.347871193865,266.583735934049,2.03430805813522));
#2649=CARTESIAN_POINT('Ctrl Pts',(565.053386053147,268.562060278035,1.88358175180877));
#2650=CARTESIAN_POINT('Ctrl Pts',(564.758945987843,270.540020773426,1.73294386550127));
#2651=CARTESIAN_POINT('Ctrl Pts',(564.464460847124,272.518345117413,1.58221755917482));
#2652=CARTESIAN_POINT('Ctrl Pts',(565.230870819455,267.031133712372,6.07573550224678));
#2653=CARTESIAN_POINT('Ctrl Pts',(564.941296984385,268.975515141918,5.62558426162009));
#2654=CARTESIAN_POINT('Ctrl Pts',(564.651677906069,270.920244671034,5.17565816966683));
#2655=CARTESIAN_POINT('Ctrl Pts',(564.362104070999,272.864626100581,4.72550692904014));
#2656=CARTESIAN_POINT('Ctrl Pts',(564.542824367471,269.661069364664,13.7848883225079));
#2657=CARTESIAN_POINT('Ctrl Pts',(564.28197466612,271.407771926125,12.7638613384482));
#2658=CARTESIAN_POINT('Ctrl Pts',(564.021263174899,273.153489913274,11.7424813142819));
#2659=CARTESIAN_POINT('Ctrl Pts',(563.760413473548,274.900192474735,10.7214543302223));
#2660=CARTESIAN_POINT('Ctrl Pts',(562.894298586531,275.957123353282,21.8604126956434));
#2661=CARTESIAN_POINT('Ctrl Pts',(562.702865911464,277.229062098598,20.241000771771));
#2662=CARTESIAN_POINT('Ctrl Pts',(562.511364584308,278.501515580805,18.6218500464351));
#2663=CARTESIAN_POINT('Ctrl Pts',(562.31993190924,279.773454326121,17.0024381225628));
#2664=CARTESIAN_POINT('Ctrl Pts',(560.043341511501,286.817985404208,27.2177001012347));
#2665=CARTESIAN_POINT('Ctrl Pts',(559.973885945971,287.272012343403,25.2016252258086));
#2666=CARTESIAN_POINT('Ctrl Pts',(559.904335600474,287.726552335826,23.18540115766));
#2667=CARTESIAN_POINT('Ctrl Pts',(559.834880034944,288.180579275021,21.1693262822339));
#2668=CARTESIAN_POINT('Ctrl Pts',(556.878553650925,298.836711079418,27.2261337708243));
#2669=CARTESIAN_POINT('Ctrl Pts',(556.947273431555,298.385953513524,25.2093398253754));
#2670=CARTESIAN_POINT('Ctrl Pts',(557.015968129935,297.93545200337,23.1926799399816));
#2671=CARTESIAN_POINT('Ctrl Pts',(557.084687910565,297.484694437477,21.1758859945328));
#2672=CARTESIAN_POINT('Ctrl Pts',(554.006911455209,309.709179850003,21.8877844929514));
#2673=CARTESIAN_POINT('Ctrl Pts',(554.203476616796,308.440190401856,20.2664168079543));
#2674=CARTESIAN_POINT('Ctrl Pts',(554.40008228722,307.170919459767,18.645091555996));
#2675=CARTESIAN_POINT('Ctrl Pts',(554.596647448807,305.90193001162,17.023723870999));
#2676=CARTESIAN_POINT('Ctrl Pts',(552.002429701017,317.280073907059,12.1927093930163));
#2677=CARTESIAN_POINT('Ctrl Pts',(552.289646552784,315.441149991059,11.2895174504083));
#2678=CARTESIAN_POINT('Ctrl Pts',(552.576862576596,313.602267116215,10.3862724617119));
#2679=CARTESIAN_POINT('Ctrl Pts',(552.864079428363,311.763343200216,9.48308051910389));
#2680=CARTESIAN_POINT('Ctrl Pts',(551.51970544688,319.100905067379,4.068976351474));
#2681=CARTESIAN_POINT('Ctrl Pts',(551.828995443967,317.124604111197,3.7678195647605));
#2682=CARTESIAN_POINT('Ctrl Pts',(552.138094555002,315.149355529683,3.46586931527922));
#2683=CARTESIAN_POINT('Ctrl Pts',(552.447384552089,313.173054573502,3.16471252856572));
#2684=CARTESIAN_POINT('Ctrl Pts',(551.51970544688,319.100905067379,-8.08565996189712E-15));
#2685=CARTESIAN_POINT('Ctrl Pts',(551.828931815283,317.124954902753,-4.74280987690007E-15));
#2686=CARTESIAN_POINT('Ctrl Pts',(552.138158183686,315.149004738128,-1.39995979190302E-15));
#2687=CARTESIAN_POINT('Ctrl Pts',(552.447384552089,313.173054573502,1.94289029309402E-15));
#2688=CARTESIAN_POINT('',(564.464460847124,272.518345117413,0.));
#2689=CARTESIAN_POINT('',(564.464460847124,272.518345117413,0.));
#2690=CARTESIAN_POINT('',(555.80196459902,301.824247775002,18.8425423203973));
#2691=CARTESIAN_POINT('Ctrl Pts',(564.464460847124,272.518345117413,2.22044604925031E-15));
#2692=CARTESIAN_POINT('Ctrl Pts',(564.464460847124,272.518345117413,1.58221755917482));
#2693=CARTESIAN_POINT('Ctrl Pts',(564.362104070999,272.864626100581,4.72550692904014));
#2694=CARTESIAN_POINT('Ctrl Pts',(563.760413473548,274.900192474735,10.7214543302223));
#2695=CARTESIAN_POINT('Ctrl Pts',(562.31993190924,279.773454326121,17.0024381225628));
#2696=CARTESIAN_POINT('Ctrl Pts',(559.834880034944,288.180579275021,21.1693262822339));
#2697=CARTESIAN_POINT('Ctrl Pts',(557.520559320262,296.010107351037,21.1748463613298));
#2698=CARTESIAN_POINT('Ctrl Pts',(556.224518718096,300.394714124827,19.5672203158258));
#2699=CARTESIAN_POINT('Ctrl Pts',(555.802486269155,301.822482924114,18.8419177222266));
#2700=CARTESIAN_POINT('',(552.447384552089,313.173054573502,2.57175827820944E-15));
#2701=CARTESIAN_POINT('Ctrl Pts',(555.802486269155,301.822482924114,18.8419177222266));
#2702=CARTESIAN_POINT('Ctrl Pts',(555.419938028833,303.116673555963,18.1844724675319));
#2703=CARTESIAN_POINT('Ctrl Pts',(554.293715360751,306.926772970296,15.7052747198434));
#2704=CARTESIAN_POINT('Ctrl Pts',(552.864079428363,311.763343200216,9.48308051910389));
#2705=CARTESIAN_POINT('Ctrl Pts',(552.447384552089,313.173054573502,3.16471252856572));
#2706=CARTESIAN_POINT('Ctrl Pts',(552.447384552089,313.173054573502,1.94289029309402E-15));
#2707=CARTESIAN_POINT('',(552.447384552089,313.173054573502,2.57175827820944E-15));
#2708=CARTESIAN_POINT('Ctrl Pts',(551.51970544688,319.100905067379,2.62982303273094E-14));
#2709=CARTESIAN_POINT('Ctrl Pts',(551.828931815283,317.124954902753,2.08628226254151E-14));
#2710=CARTESIAN_POINT('Ctrl Pts',(552.138158183686,315.149004738127,1.54274149235208E-14));
#2711=CARTESIAN_POINT('Ctrl Pts',(552.447384552089,313.173054573502,9.99200722162641E-15));
#2712=CARTESIAN_POINT('Ctrl Pts',(551.51970544688,319.100905067379,-2.03431544070814));
#2713=CARTESIAN_POINT('Ctrl Pts',(551.828953999708,317.124832591887,-1.88358948912446));
#2714=CARTESIAN_POINT('Ctrl Pts',(552.138135999261,315.149127048993,-1.73294786838877));
#2715=CARTESIAN_POINT('Ctrl Pts',(552.447384552089,313.173054573502,-1.58222191680509));
#2716=CARTESIAN_POINT('Ctrl Pts',(551.638149489962,318.654047485441,-6.07598394037494));
#2717=CARTESIAN_POINT('Ctrl Pts',(551.941961802894,316.71184459213,-5.62581169450135));
#2718=CARTESIAN_POINT('Ctrl Pts',(552.245834941132,314.769294743858,-5.17586833996282));
#2719=CARTESIAN_POINT('Ctrl Pts',(552.549647254064,312.827091850548,-4.72569609408924));
#2720=CARTESIAN_POINT('Ctrl Pts',(552.334191419229,316.027053988651,-13.7859104407203));
#2721=CARTESIAN_POINT('Ctrl Pts',(552.606458222324,314.282122612943,-12.7648067795165));
#2722=CARTESIAN_POINT('Ctrl Pts',(552.878561227329,312.538181616745,-11.7433458478919));
#2723=CARTESIAN_POINT('Ctrl Pts',(553.150828030424,310.793250241037,-10.722242186688));
#2724=CARTESIAN_POINT('Ctrl Pts',(554.000001470164,309.735256087146,-21.8638937848769));
#2725=CARTESIAN_POINT('Ctrl Pts',(554.196865062867,308.46437982149,-20.2442226766909));
#2726=CARTESIAN_POINT('Ctrl Pts',(554.393816417399,307.192994589374,-18.6248133883642));
#2727=CARTESIAN_POINT('Ctrl Pts',(554.590680010102,305.922118323718,-17.0051422801782));
#2728=CARTESIAN_POINT('Ctrl Pts',(556.868430746942,298.875226344592,-27.2202443197575));
#2729=CARTESIAN_POINT('Ctrl Pts',(556.937558013994,298.42182603074,-25.203980992707));
#2730=CARTESIAN_POINT('Ctrl Pts',(557.006747598765,297.967909971346,-23.1875693845554));
#2731=CARTESIAN_POINT('Ctrl Pts',(557.075874865817,297.514509657493,-21.1713060575049));
#2732=CARTESIAN_POINT('Ctrl Pts',(560.033188275521,286.856468794839,-27.2235977403968));
#2733=CARTESIAN_POINT('Ctrl Pts',(559.964132356556,287.307854306625,-25.2069903330921));
#2734=CARTESIAN_POINT('Ctrl Pts',(559.89512946793,287.758986794418,-23.1905200610951));
#2735=CARTESIAN_POINT('Ctrl Pts',(559.826073548965,288.210372306204,-21.1739126537905));
#2736=CARTESIAN_POINT('Ctrl Pts',(562.887429033111,275.983385447679,-21.8843497666495));
#2737=CARTESIAN_POINT('Ctrl Pts',(562.696274812501,277.253430741784,-20.2632412493548));
#2738=CARTESIAN_POINT('Ctrl Pts',(562.505077801142,278.523735678193,-18.6421642760102));
#2739=CARTESIAN_POINT('Ctrl Pts',(562.313923580532,279.793780972298,-17.0210557587155));
#2740=CARTESIAN_POINT('Ctrl Pts',(564.871100582785,268.407262041766,-12.1923144018242));
#2741=CARTESIAN_POINT('Ctrl Pts',(564.596487779854,270.248092979943,-11.2891525166598));
#2742=CARTESIAN_POINT('Ctrl Pts',(564.321885988975,272.08889268208,-10.3859430847313));
#2743=CARTESIAN_POINT('Ctrl Pts',(564.047273186045,273.929723620257,-9.48278119956692));
#2744=CARTESIAN_POINT('Ctrl Pts',(565.347871193865,266.583735934049,-4.06895658652181));
#2745=CARTESIAN_POINT('Ctrl Pts',(565.053357085819,268.562298437915,-3.76780367624843));
#2746=CARTESIAN_POINT('Ctrl Pts',(564.75897495517,270.539782613546,-3.46585283512956));
#2747=CARTESIAN_POINT('Ctrl Pts',(564.464460847124,272.518345117413,-3.16469992485618));
#2748=CARTESIAN_POINT('Ctrl Pts',(565.347871193865,266.583735934049,-9.43689570931383E-15));
#2749=CARTESIAN_POINT('Ctrl Pts',(565.053401078285,268.56193899517,-9.43689570931383E-15));
#2750=CARTESIAN_POINT('Ctrl Pts',(564.758930962705,270.540142056292,-9.43689570931383E-15));
#2751=CARTESIAN_POINT('Ctrl Pts',(564.464460847124,272.518345117413,-9.43689570931383E-15));
#2752=CARTESIAN_POINT('',(555.80196459902,301.824247775002,-18.8425423203973));
#2753=CARTESIAN_POINT('Ctrl Pts',(552.447384552089,313.173054573502,9.99200722162641E-15));
#2754=CARTESIAN_POINT('Ctrl Pts',(552.447384552089,313.173054573502,-1.58222191680509));
#2755=CARTESIAN_POINT('Ctrl Pts',(552.549647254064,312.827091850548,-4.72569609408924));
#2756=CARTESIAN_POINT('Ctrl Pts',(553.150828030424,310.793250241037,-10.722242186688));
#2757=CARTESIAN_POINT('Ctrl Pts',(554.290222896282,306.938588250887,-15.6940755489047));
#2758=CARTESIAN_POINT('Ctrl Pts',(555.41751125055,303.124883536792,-18.1806386881769));
#2759=CARTESIAN_POINT('Ctrl Pts',(555.802151863354,301.823614245108,-18.842138493742));
#2760=CARTESIAN_POINT('Ctrl Pts',(555.802151863354,301.823614245108,-18.842138493742));
#2761=CARTESIAN_POINT('Ctrl Pts',(556.221661321044,300.404380922648,-19.5636052745676));
#2762=CARTESIAN_POINT('Ctrl Pts',(557.514366032094,296.03105972954,-21.1717216527316));
#2763=CARTESIAN_POINT('Ctrl Pts',(559.826073548965,288.210372306204,-21.1739126537905));
#2764=CARTESIAN_POINT('Ctrl Pts',(562.313923580532,279.793780972298,-17.0210557587155));
#2765=CARTESIAN_POINT('Ctrl Pts',(564.047273186045,273.929723620257,-9.48278119956692));
#2766=CARTESIAN_POINT('Ctrl Pts',(564.464460847124,272.518345117413,-3.16469992485618));
#2767=CARTESIAN_POINT('Ctrl Pts',(564.464460847124,272.518345117413,-9.43689570931383E-15));
#2768=CARTESIAN_POINT('Origin',(315.787339782875,196.590194137119,-25.));
#2769=CARTESIAN_POINT('',(343.227683709898,235.237232658266,25.));
#2770=CARTESIAN_POINT('',(349.531068787829,244.114933556196,-25.0000000000001));
#2771=CARTESIAN_POINT('Origin',(434.38216841424,228.645670685154,25.));
#2772=CARTESIAN_POINT('',(549.532296976565,323.035023950441,25.));
#2773=CARTESIAN_POINT('Origin',(434.38216841424,228.645670685154,-25.));
#2774=CARTESIAN_POINT('',(555.80196459902,301.824247775002,-24.9999999999999));
#2775=CARTESIAN_POINT('Origin',(568.567546720927,258.637284535168,0.));
#2776=CARTESIAN_POINT('Ctrl Pts',(496.57966126981,257.187955385455,0.));
#2777=CARTESIAN_POINT('Ctrl Pts',(496.744047280409,257.255989496015,0.));
#2778=CARTESIAN_POINT('Ctrl Pts',(496.908433291023,257.324023606568,0.));
#2779=CARTESIAN_POINT('Ctrl Pts',(497.155012306936,257.426074772401,0.));
#2780=CARTESIAN_POINT('Ctrl Pts',(497.237205312238,257.46009182768,0.));
#2781=CARTESIAN_POINT('Ctrl Pts',(497.401591322846,257.528125938236,0.));
#2782=CARTESIAN_POINT('Ctrl Pts',(497.4960397807,257.567215373111,0.));
#2783=CARTESIAN_POINT('Ctrl Pts',(497.681599434876,257.64401194088,0.));
#2784=CARTESIAN_POINT('Ctrl Pts',(497.758620115234,257.675538688176,0.));
#2785=CARTESIAN_POINT('Ctrl Pts',(497.95697146959,257.756203263713,0.));
#2786=CARTESIAN_POINT('Ctrl Pts',(498.058036829849,257.796954335335,0.));
#2787=CARTESIAN_POINT('Ctrl Pts',(498.366788795691,257.920381842426,0.));
#2788=CARTESIAN_POINT('Ctrl Pts',(498.580029705564,258.004230738874,0.));
#2789=CARTESIAN_POINT('Ctrl Pts',(499.241126404417,258.259884879699,0.));
#2790=CARTESIAN_POINT('Ctrl Pts',(499.710335687279,258.435776051251,0.));
#2791=CARTESIAN_POINT('Ctrl Pts',(501.197474017139,258.976072831899,0.));
#2792=CARTESIAN_POINT('Ctrl Pts',(502.294699849607,259.352912474213,0.));
#2793=CARTESIAN_POINT('Ctrl Pts',(505.866371062312,260.513363223795,0.));
#2794=CARTESIAN_POINT('Ctrl Pts',(508.619343892478,261.325948600309,0.));
#2795=CARTESIAN_POINT('Ctrl Pts',(517.786849477145,263.797756762395,0.));
#2796=CARTESIAN_POINT('Ctrl Pts',(525.105607025148,265.489780920777,0.));
#2797=CARTESIAN_POINT('Ctrl Pts',(549.593125883752,270.409045619005,0.));
#2798=CARTESIAN_POINT('Ctrl Pts',(569.298408530037,273.485540608107,0.));
#2799=CARTESIAN_POINT('Ctrl Pts',(610.97771703698,278.355725035484,0.));
#2800=CARTESIAN_POINT('Ctrl Pts',(632.975324815922,280.155095478444,0.));
#2801=CARTESIAN_POINT('Ctrl Pts',(664.468465381198,281.3448444462,0.));
#2802=CARTESIAN_POINT('Ctrl Pts',(674.715418051943,281.490210342732,0.));
#2803=CARTESIAN_POINT('Ctrl Pts',(689.279197898113,281.273289728639,0.));
#2804=CARTESIAN_POINT('Ctrl Pts',(693.999058205312,281.128598044314,0.));
#2805=CARTESIAN_POINT('Ctrl Pts',(700.818437772669,280.797890697689,0.));
#2806=CARTESIAN_POINT('Ctrl Pts',(703.048121079651,280.668731250528,0.));
#2807=CARTESIAN_POINT('Ctrl Pts',(706.319715917962,280.44624649528,0.));
#2808=CARTESIAN_POINT('Ctrl Pts',(707.398088633355,280.36729636212,0.));
#2809=CARTESIAN_POINT('Ctrl Pts',(708.996399446743,280.241668921542,0.));
#2810=CARTESIAN_POINT('Ctrl Pts',(709.525961378088,280.198592935024,0.));
#2811=CARTESIAN_POINT('Ctrl Pts',(710.315362700617,280.132178235564,0.));
#2812=CARTESIAN_POINT('Ctrl Pts',(710.577672858603,280.10973989708,0.));
#2813=CARTESIAN_POINT('Ctrl Pts',(711.100624178368,280.064263115041,0.));
#2814=CARTESIAN_POINT('Ctrl Pts',(711.344342414931,280.04274491838,0.));
#2815=CARTESIAN_POINT('Ctrl Pts',(711.621061034961,280.017886292272,0.));
#2816=CARTESIAN_POINT('Ctrl Pts',(496.57966126981,257.187955385455,42.));
#2817=CARTESIAN_POINT('Ctrl Pts',(496.744047280409,257.255989496015,42.));
#2818=CARTESIAN_POINT('Ctrl Pts',(496.908433291023,257.324023606568,42.));
#2819=CARTESIAN_POINT('Ctrl Pts',(497.155012306936,257.426074772401,42.));
#2820=CARTESIAN_POINT('Ctrl Pts',(497.237205312238,257.46009182768,42.));
#2821=CARTESIAN_POINT('Ctrl Pts',(497.401591322846,257.528125938236,42.));
#2822=CARTESIAN_POINT('Ctrl Pts',(497.4960397807,257.567215373111,42.));
#2823=CARTESIAN_POINT('Ctrl Pts',(497.681599434876,257.64401194088,42.));
#2824=CARTESIAN_POINT('Ctrl Pts',(497.758620115234,257.675538688176,42.));
#2825=CARTESIAN_POINT('Ctrl Pts',(497.95697146959,257.756203263713,42.));
#2826=CARTESIAN_POINT('Ctrl Pts',(498.058036829849,257.796954335335,42.));
#2827=CARTESIAN_POINT('Ctrl Pts',(498.366788795691,257.920381842426,42.));
#2828=CARTESIAN_POINT('Ctrl Pts',(498.580029705564,258.004230738874,42.));
#2829=CARTESIAN_POINT('Ctrl Pts',(499.241126404417,258.259884879699,42.));
#2830=CARTESIAN_POINT('Ctrl Pts',(499.710335687278,258.435776051251,42.));
#2831=CARTESIAN_POINT('Ctrl Pts',(501.197474017139,258.976072831899,42.));
#2832=CARTESIAN_POINT('Ctrl Pts',(502.294699849607,259.352912474213,42.));
#2833=CARTESIAN_POINT('Ctrl Pts',(505.866371062312,260.513363223795,42.));
#2834=CARTESIAN_POINT('Ctrl Pts',(508.619343892478,261.325948600309,42.));
#2835=CARTESIAN_POINT('Ctrl Pts',(517.786849477145,263.797756762395,42.));
#2836=CARTESIAN_POINT('Ctrl Pts',(525.105607025148,265.489780920777,42.));
#2837=CARTESIAN_POINT('Ctrl Pts',(549.593125883752,270.409045619005,42.));
#2838=CARTESIAN_POINT('Ctrl Pts',(569.298408530037,273.485540608107,42.));
#2839=CARTESIAN_POINT('Ctrl Pts',(610.97771703698,278.355725035484,42.));
#2840=CARTESIAN_POINT('Ctrl Pts',(632.975324815922,280.155095478444,42.));
#2841=CARTESIAN_POINT('Ctrl Pts',(664.468465381198,281.3448444462,42.));
#2842=CARTESIAN_POINT('Ctrl Pts',(674.715418051943,281.490210342732,42.));
#2843=CARTESIAN_POINT('Ctrl Pts',(689.279197898113,281.273289728639,42.));
#2844=CARTESIAN_POINT('Ctrl Pts',(693.999058205312,281.128598044314,42.));
#2845=CARTESIAN_POINT('Ctrl Pts',(700.818437772669,280.797890697689,42.));
#2846=CARTESIAN_POINT('Ctrl Pts',(703.048121079651,280.668731250528,42.));
#2847=CARTESIAN_POINT('Ctrl Pts',(706.319715917962,280.44624649528,42.));
#2848=CARTESIAN_POINT('Ctrl Pts',(707.398088633355,280.36729636212,42.));
#2849=CARTESIAN_POINT('Ctrl Pts',(708.996399446743,280.241668921542,42.));
#2850=CARTESIAN_POINT('Ctrl Pts',(709.525961378088,280.198592935024,42.));
#2851=CARTESIAN_POINT('Ctrl Pts',(710.315362700617,280.132178235564,42.));
#2852=CARTESIAN_POINT('Ctrl Pts',(710.577672858603,280.10973989708,42.));
#2853=CARTESIAN_POINT('Ctrl Pts',(711.100624178368,280.064263115041,42.));
#2854=CARTESIAN_POINT('Ctrl Pts',(711.344342414931,280.04274491838,42.));
#2855=CARTESIAN_POINT('Ctrl Pts',(711.621061034961,280.017886292272,42.));
#2856=CARTESIAN_POINT('Ctrl Pts',(480.518404139945,295.99563528787,42.));
#2857=CARTESIAN_POINT('Ctrl Pts',(480.682790150544,296.063669398431,42.));
#2858=CARTESIAN_POINT('Ctrl Pts',(480.847176161158,296.131703508983,42.));
#2859=CARTESIAN_POINT('Ctrl Pts',(481.093755177071,296.233754674817,42.));
#2860=CARTESIAN_POINT('Ctrl Pts',(481.175948182373,296.267771730096,42.));
#2861=CARTESIAN_POINT('Ctrl Pts',(481.340334192981,296.335805840651,42.));
#2862=CARTESIAN_POINT('Ctrl Pts',(481.410270014339,296.364750483392,42.));
#2863=CARTESIAN_POINT('Ctrl Pts',(481.66086706505,296.468463407913,42.));
#2864=CARTESIAN_POINT('Ctrl Pts',(481.858135303854,296.549459961273,42.));
#2865=CARTESIAN_POINT('Ctrl Pts',(482.213388195138,296.693932499901,42.));
#2866=CARTESIAN_POINT('Ctrl Pts',(482.391635299175,296.765795187356,42.));
#2867=CARTESIAN_POINT('Ctrl Pts',(482.928305731157,296.980335986852,42.));
#2868=CARTESIAN_POINT('Ctrl Pts',(483.28865976028,297.121968667583,42.));
#2869=CARTESIAN_POINT('Ctrl Pts',(484.377919748084,297.543198764415,42.));
#2870=CARTESIAN_POINT('Ctrl Pts',(485.115044083127,297.819149760271,42.));
#2871=CARTESIAN_POINT('Ctrl Pts',(487.362248879155,298.63558861653,42.));
#2872=CARTESIAN_POINT('Ctrl Pts',(488.908374827675,299.164851579126,42.));
#2873=CARTESIAN_POINT('Ctrl Pts',(493.704566387811,300.723154054784,42.));
#2874=CARTESIAN_POINT('Ctrl Pts',(497.113911982216,301.723664710538,42.));
#2875=CARTESIAN_POINT('Ctrl Pts',(507.996098115793,304.657797256732,42.));
#2876=CARTESIAN_POINT('Ctrl Pts',(516.127450315558,306.525270385915,42.));
#2877=CARTESIAN_POINT('Ctrl Pts',(542.733260306128,311.870075739008,42.));
#2878=CARTESIAN_POINT('Ctrl Pts',(563.414196367725,315.083731695543,42.));
#2879=CARTESIAN_POINT('Ctrl Pts',(607.11294452797,320.18988557425,42.));
#2880=CARTESIAN_POINT('Ctrl Pts',(630.107174721252,322.076702497147,42.));
#2881=CARTESIAN_POINT('Ctrl Pts',(663.52422076151,323.339132832274,42.));
#2882=CARTESIAN_POINT('Ctrl Pts',(674.484401911046,323.498309745904,42.));
#2883=CARTESIAN_POINT('Ctrl Pts',(690.332957112263,323.262253010966,42.));
#2884=CARTESIAN_POINT('Ctrl Pts',(695.517480874509,323.104320316005,42.));
#2885=CARTESIAN_POINT('Ctrl Pts',(703.110839353572,322.736078687893,42.));
#2886=CARTESIAN_POINT('Ctrl Pts',(705.611429052351,322.591419741553,42.));
#2887=CARTESIAN_POINT('Ctrl Pts',(709.312503380561,322.339728240295,42.));
#2888=CARTESIAN_POINT('Ctrl Pts',(710.537896995848,322.250044843588,42.));
#2889=CARTESIAN_POINT('Ctrl Pts',(712.363077989892,322.106585376925,42.));
#2890=CARTESIAN_POINT('Ctrl Pts',(712.969320379191,322.057276292454,42.));
#2891=CARTESIAN_POINT('Ctrl Pts',(713.875402039994,321.981044926441,42.));
#2892=CARTESIAN_POINT('Ctrl Pts',(714.176882293488,321.955256500033,42.));
#2893=CARTESIAN_POINT('Ctrl Pts',(714.778739951318,321.902917881706,42.));
#2894=CARTESIAN_POINT('Ctrl Pts',(715.08220738755,321.876090101346,42.));
#2895=CARTESIAN_POINT('Ctrl Pts',(715.378938965039,321.849433639491,42.));
#2896=CARTESIAN_POINT('Ctrl Pts',(480.518404139945,295.99563528787,2.57175827820944E-15));
#2897=CARTESIAN_POINT('Ctrl Pts',(480.682790150544,296.063669398431,2.57175827820944E-15));
#2898=CARTESIAN_POINT('Ctrl Pts',(480.847176161158,296.131703508983,2.57175827820944E-15));
#2899=CARTESIAN_POINT('Ctrl Pts',(481.093755177071,296.233754674817,2.57175827820944E-15));
#2900=CARTESIAN_POINT('Ctrl Pts',(481.175948182373,296.267771730096,2.57175827820944E-15));
#2901=CARTESIAN_POINT('Ctrl Pts',(481.340334192981,296.335805840652,2.57175827820944E-15));
#2902=CARTESIAN_POINT('Ctrl Pts',(481.410270014339,296.364750483392,2.57175827820944E-15));
#2903=CARTESIAN_POINT('Ctrl Pts',(481.66086706505,296.468463407913,2.57175827820944E-15));
#2904=CARTESIAN_POINT('Ctrl Pts',(481.858135303854,296.549459961273,2.57175827820944E-15));
#2905=CARTESIAN_POINT('Ctrl Pts',(482.213388195138,296.693932499901,2.57175827820944E-15));
#2906=CARTESIAN_POINT('Ctrl Pts',(482.391635299175,296.765795187356,2.57175827820944E-15));
#2907=CARTESIAN_POINT('Ctrl Pts',(482.928305731157,296.980335986852,2.57175827820944E-15));
#2908=CARTESIAN_POINT('Ctrl Pts',(483.28865976028,297.121968667583,2.57175827820944E-15));
#2909=CARTESIAN_POINT('Ctrl Pts',(484.377919748084,297.543198764415,2.57175827820944E-15));
#2910=CARTESIAN_POINT('Ctrl Pts',(485.115044083127,297.819149760271,2.57175827820944E-15));
#2911=CARTESIAN_POINT('Ctrl Pts',(487.362248879155,298.63558861653,2.57175827820944E-15));
#2912=CARTESIAN_POINT('Ctrl Pts',(488.908374827675,299.164851579126,2.57175827820944E-15));
#2913=CARTESIAN_POINT('Ctrl Pts',(493.704566387811,300.723154054784,2.57175827820944E-15));
#2914=CARTESIAN_POINT('Ctrl Pts',(497.113911982216,301.723664710538,2.57175827820944E-15));
#2915=CARTESIAN_POINT('Ctrl Pts',(507.996098115793,304.657797256732,2.57175827820944E-15));
#2916=CARTESIAN_POINT('Ctrl Pts',(516.127450315558,306.525270385915,2.57175827820944E-15));
#2917=CARTESIAN_POINT('Ctrl Pts',(542.733260306128,311.870075739008,2.57175827820944E-15));
#2918=CARTESIAN_POINT('Ctrl Pts',(563.414196367725,315.083731695543,2.57175827820944E-15));
#2919=CARTESIAN_POINT('Ctrl Pts',(607.11294452797,320.18988557425,2.57175827820944E-15));
#2920=CARTESIAN_POINT('Ctrl Pts',(630.107174721252,322.076702497147,2.57175827820944E-15));
#2921=CARTESIAN_POINT('Ctrl Pts',(663.52422076151,323.339132832274,2.57175827820944E-15));
#2922=CARTESIAN_POINT('Ctrl Pts',(674.484401911046,323.498309745904,2.57175827820944E-15));
#2923=CARTESIAN_POINT('Ctrl Pts',(690.332957112263,323.262253010966,2.57175827820944E-15));
#2924=CARTESIAN_POINT('Ctrl Pts',(695.517480874509,323.104320316005,2.57175827820944E-15));
#2925=CARTESIAN_POINT('Ctrl Pts',(703.110839353572,322.736078687893,2.57175827820944E-15));
#2926=CARTESIAN_POINT('Ctrl Pts',(705.611429052351,322.591419741553,2.57175827820944E-15));
#2927=CARTESIAN_POINT('Ctrl Pts',(709.312503380561,322.339728240295,2.57175827820944E-15));
#2928=CARTESIAN_POINT('Ctrl Pts',(710.537896995848,322.250044843588,2.57175827820944E-15));
#2929=CARTESIAN_POINT('Ctrl Pts',(712.363077989892,322.106585376925,2.57175827820944E-15));
#2930=CARTESIAN_POINT('Ctrl Pts',(712.969320379191,322.057276292454,2.57175827820944E-15));
#2931=CARTESIAN_POINT('Ctrl Pts',(713.875402039995,321.981044926441,2.57175827820944E-15));
#2932=CARTESIAN_POINT('Ctrl Pts',(714.176882293488,321.955256500033,2.57175827820944E-15));
#2933=CARTESIAN_POINT('Ctrl Pts',(714.778739951318,321.902917881706,2.57175827820944E-15));
#2934=CARTESIAN_POINT('Ctrl Pts',(715.08220738755,321.876090101346,2.57175827820944E-15));
#2935=CARTESIAN_POINT('Ctrl Pts',(715.378938965039,321.849433639491,2.57175827820944E-15));
#2936=CARTESIAN_POINT('Ctrl Pts',(480.518404139945,295.99563528787,-42.));
#2937=CARTESIAN_POINT('Ctrl Pts',(480.682790150544,296.063669398431,-42.));
#2938=CARTESIAN_POINT('Ctrl Pts',(480.847176161158,296.131703508983,-42.));
#2939=CARTESIAN_POINT('Ctrl Pts',(481.093755177071,296.233754674817,-42.));
#2940=CARTESIAN_POINT('Ctrl Pts',(481.175948182373,296.267771730096,-42.));
#2941=CARTESIAN_POINT('Ctrl Pts',(481.340334192981,296.335805840651,-42.));
#2942=CARTESIAN_POINT('Ctrl Pts',(481.410270014339,296.364750483392,-42.));
#2943=CARTESIAN_POINT('Ctrl Pts',(481.66086706505,296.468463407913,-42.));
#2944=CARTESIAN_POINT('Ctrl Pts',(481.858135303854,296.549459961273,-42.));
#2945=CARTESIAN_POINT('Ctrl Pts',(482.213388195138,296.693932499901,-42.));
#2946=CARTESIAN_POINT('Ctrl Pts',(482.391635299175,296.765795187356,-42.));
#2947=CARTESIAN_POINT('Ctrl Pts',(482.928305731157,296.980335986852,-42.));
#2948=CARTESIAN_POINT('Ctrl Pts',(483.28865976028,297.121968667583,-42.));
#2949=CARTESIAN_POINT('Ctrl Pts',(484.377919748084,297.543198764415,-42.));
#2950=CARTESIAN_POINT('Ctrl Pts',(485.115044083127,297.819149760271,-42.));
#2951=CARTESIAN_POINT('Ctrl Pts',(487.362248879155,298.63558861653,-42.));
#2952=CARTESIAN_POINT('Ctrl Pts',(488.908374827675,299.164851579126,-42.));
#2953=CARTESIAN_POINT('Ctrl Pts',(493.704566387811,300.723154054784,-42.));
#2954=CARTESIAN_POINT('Ctrl Pts',(497.113911982216,301.723664710538,-42.));
#2955=CARTESIAN_POINT('Ctrl Pts',(507.996098115793,304.657797256732,-42.));
#2956=CARTESIAN_POINT('Ctrl Pts',(516.127450315558,306.525270385915,-42.));
#2957=CARTESIAN_POINT('Ctrl Pts',(542.733260306128,311.870075739008,-42.));
#2958=CARTESIAN_POINT('Ctrl Pts',(563.414196367725,315.083731695543,-42.));
#2959=CARTESIAN_POINT('Ctrl Pts',(607.11294452797,320.18988557425,-42.));
#2960=CARTESIAN_POINT('Ctrl Pts',(630.107174721252,322.076702497147,-42.));
#2961=CARTESIAN_POINT('Ctrl Pts',(663.52422076151,323.339132832274,-42.));
#2962=CARTESIAN_POINT('Ctrl Pts',(674.484401911046,323.498309745904,-42.));
#2963=CARTESIAN_POINT('Ctrl Pts',(690.332957112263,323.262253010966,-42.));
#2964=CARTESIAN_POINT('Ctrl Pts',(695.517480874509,323.104320316005,-42.));
#2965=CARTESIAN_POINT('Ctrl Pts',(703.110839353572,322.736078687893,-42.));
#2966=CARTESIAN_POINT('Ctrl Pts',(705.611429052351,322.591419741553,-42.));
#2967=CARTESIAN_POINT('Ctrl Pts',(709.312503380561,322.339728240295,-42.));
#2968=CARTESIAN_POINT('Ctrl Pts',(710.537896995848,322.250044843588,-42.));
#2969=CARTESIAN_POINT('Ctrl Pts',(712.363077989892,322.106585376925,-42.));
#2970=CARTESIAN_POINT('Ctrl Pts',(712.969320379191,322.057276292454,-42.));
#2971=CARTESIAN_POINT('Ctrl Pts',(713.875402039994,321.981044926441,-42.));
#2972=CARTESIAN_POINT('Ctrl Pts',(714.176882293488,321.955256500033,-42.));
#2973=CARTESIAN_POINT('Ctrl Pts',(714.778739951318,321.902917881706,-42.));
#2974=CARTESIAN_POINT('Ctrl Pts',(715.08220738755,321.876090101346,-42.));
#2975=CARTESIAN_POINT('Ctrl Pts',(715.378938965039,321.849433639491,-42.));
#2976=CARTESIAN_POINT('Ctrl Pts',(496.57966126981,257.187955385455,-42.));
#2977=CARTESIAN_POINT('Ctrl Pts',(496.744047280409,257.255989496015,-42.));
#2978=CARTESIAN_POINT('Ctrl Pts',(496.908433291023,257.324023606568,-42.));
#2979=CARTESIAN_POINT('Ctrl Pts',(497.155012306936,257.426074772401,-42.));
#2980=CARTESIAN_POINT('Ctrl Pts',(497.237205312238,257.46009182768,-42.));
#2981=CARTESIAN_POINT('Ctrl Pts',(497.401591322846,257.528125938236,-42.));
#2982=CARTESIAN_POINT('Ctrl Pts',(497.4960397807,257.567215373111,-42.));
#2983=CARTESIAN_POINT('Ctrl Pts',(497.681599434876,257.64401194088,-42.));
#2984=CARTESIAN_POINT('Ctrl Pts',(497.758620115234,257.675538688176,-42.));
#2985=CARTESIAN_POINT('Ctrl Pts',(497.95697146959,257.756203263713,-42.));
#2986=CARTESIAN_POINT('Ctrl Pts',(498.058036829849,257.796954335335,-42.));
#2987=CARTESIAN_POINT('Ctrl Pts',(498.366788795691,257.920381842426,-42.));
#2988=CARTESIAN_POINT('Ctrl Pts',(498.580029705564,258.004230738874,-42.));
#2989=CARTESIAN_POINT('Ctrl Pts',(499.241126404417,258.259884879699,-42.));
#2990=CARTESIAN_POINT('Ctrl Pts',(499.710335687278,258.435776051251,-42.));
#2991=CARTESIAN_POINT('Ctrl Pts',(501.197474017139,258.976072831899,-42.));
#2992=CARTESIAN_POINT('Ctrl Pts',(502.294699849607,259.352912474213,-42.));
#2993=CARTESIAN_POINT('Ctrl Pts',(505.866371062312,260.513363223795,-42.));
#2994=CARTESIAN_POINT('Ctrl Pts',(508.619343892478,261.325948600309,-42.));
#2995=CARTESIAN_POINT('Ctrl Pts',(517.786849477145,263.797756762395,-42.));
#2996=CARTESIAN_POINT('Ctrl Pts',(525.105607025148,265.489780920777,-42.));
#2997=CARTESIAN_POINT('Ctrl Pts',(549.593125883752,270.409045619005,-42.));
#2998=CARTESIAN_POINT('Ctrl Pts',(569.298408530037,273.485540608107,-42.));
#2999=CARTESIAN_POINT('Ctrl Pts',(610.97771703698,278.355725035484,-42.));
#3000=CARTESIAN_POINT('Ctrl Pts',(632.975324815922,280.155095478444,-42.));
#3001=CARTESIAN_POINT('Ctrl Pts',(664.468465381198,281.3448444462,-42.));
#3002=CARTESIAN_POINT('Ctrl Pts',(674.715418051943,281.490210342732,-42.));
#3003=CARTESIAN_POINT('Ctrl Pts',(689.279197898113,281.273289728639,-42.));
#3004=CARTESIAN_POINT('Ctrl Pts',(693.999058205312,281.128598044314,-42.));
#3005=CARTESIAN_POINT('Ctrl Pts',(700.818437772669,280.797890697689,-42.));
#3006=CARTESIAN_POINT('Ctrl Pts',(703.048121079651,280.668731250528,-42.));
#3007=CARTESIAN_POINT('Ctrl Pts',(706.319715917962,280.44624649528,-42.));
#3008=CARTESIAN_POINT('Ctrl Pts',(707.398088633355,280.36729636212,-42.));
#3009=CARTESIAN_POINT('Ctrl Pts',(708.996399446743,280.241668921542,-42.));
#3010=CARTESIAN_POINT('Ctrl Pts',(709.525961378088,280.198592935024,-42.));
#3011=CARTESIAN_POINT('Ctrl Pts',(710.315362700617,280.132178235564,-42.));
#3012=CARTESIAN_POINT('Ctrl Pts',(710.577672858603,280.10973989708,-42.));
#3013=CARTESIAN_POINT('Ctrl Pts',(711.100624178368,280.064263115041,-42.));
#3014=CARTESIAN_POINT('Ctrl Pts',(711.344342414931,280.04274491838,-42.));
#3015=CARTESIAN_POINT('Ctrl Pts',(711.621061034961,280.017886292272,-42.));
#3016=CARTESIAN_POINT('Ctrl Pts',(496.57966126981,257.187955385455,0.));
#3017=CARTESIAN_POINT('Ctrl Pts',(496.744047280409,257.255989496015,0.));
#3018=CARTESIAN_POINT('Ctrl Pts',(496.908433291023,257.324023606568,0.));
#3019=CARTESIAN_POINT('Ctrl Pts',(497.155012306936,257.426074772401,0.));
#3020=CARTESIAN_POINT('Ctrl Pts',(497.237205312238,257.46009182768,0.));
#3021=CARTESIAN_POINT('Ctrl Pts',(497.401591322846,257.528125938236,0.));
#3022=CARTESIAN_POINT('Ctrl Pts',(497.4960397807,257.567215373111,0.));
#3023=CARTESIAN_POINT('Ctrl Pts',(497.681599434876,257.64401194088,0.));
#3024=CARTESIAN_POINT('Ctrl Pts',(497.758620115234,257.675538688176,0.));
#3025=CARTESIAN_POINT('Ctrl Pts',(497.95697146959,257.756203263713,0.));
#3026=CARTESIAN_POINT('Ctrl Pts',(498.058036829849,257.796954335335,0.));
#3027=CARTESIAN_POINT('Ctrl Pts',(498.366788795691,257.920381842426,0.));
#3028=CARTESIAN_POINT('Ctrl Pts',(498.580029705564,258.004230738874,0.));
#3029=CARTESIAN_POINT('Ctrl Pts',(499.241126404417,258.259884879699,0.));
#3030=CARTESIAN_POINT('Ctrl Pts',(499.710335687279,258.435776051251,0.));
#3031=CARTESIAN_POINT('Ctrl Pts',(501.197474017139,258.976072831899,0.));
#3032=CARTESIAN_POINT('Ctrl Pts',(502.294699849607,259.352912474213,0.));
#3033=CARTESIAN_POINT('Ctrl Pts',(505.866371062312,260.513363223795,0.));
#3034=CARTESIAN_POINT('Ctrl Pts',(508.619343892478,261.325948600309,0.));
#3035=CARTESIAN_POINT('Ctrl Pts',(517.786849477145,263.797756762395,0.));
#3036=CARTESIAN_POINT('Ctrl Pts',(525.105607025148,265.489780920777,0.));
#3037=CARTESIAN_POINT('Ctrl Pts',(549.593125883752,270.409045619005,0.));
#3038=CARTESIAN_POINT('Ctrl Pts',(569.298408530037,273.485540608107,0.));
#3039=CARTESIAN_POINT('Ctrl Pts',(610.97771703698,278.355725035484,0.));
#3040=CARTESIAN_POINT('Ctrl Pts',(632.975324815922,280.155095478444,0.));
#3041=CARTESIAN_POINT('Ctrl Pts',(664.468465381198,281.3448444462,0.));
#3042=CARTESIAN_POINT('Ctrl Pts',(674.715418051943,281.490210342732,0.));
#3043=CARTESIAN_POINT('Ctrl Pts',(689.279197898113,281.273289728639,0.));
#3044=CARTESIAN_POINT('Ctrl Pts',(693.999058205312,281.128598044314,0.));
#3045=CARTESIAN_POINT('Ctrl Pts',(700.818437772669,280.797890697689,0.));
#3046=CARTESIAN_POINT('Ctrl Pts',(703.048121079651,280.668731250528,0.));
#3047=CARTESIAN_POINT('Ctrl Pts',(706.319715917962,280.44624649528,0.));
#3048=CARTESIAN_POINT('Ctrl Pts',(707.398088633355,280.36729636212,0.));
#3049=CARTESIAN_POINT('Ctrl Pts',(708.996399446743,280.241668921542,0.));
#3050=CARTESIAN_POINT('Ctrl Pts',(709.525961378088,280.198592935024,0.));
#3051=CARTESIAN_POINT('Ctrl Pts',(710.315362700617,280.132178235564,0.));
#3052=CARTESIAN_POINT('Ctrl Pts',(710.577672858603,280.10973989708,0.));
#3053=CARTESIAN_POINT('Ctrl Pts',(711.100624178368,280.064263115041,0.));
#3054=CARTESIAN_POINT('Ctrl Pts',(711.344342414931,280.04274491838,0.));
#3055=CARTESIAN_POINT('Ctrl Pts',(711.621061034961,280.017886292272,0.));
#3056=CARTESIAN_POINT('',(482.370742704834,296.757189628025,2.57175827820944E-15));
#3057=CARTESIAN_POINT('',(487.81089801239,281.726850807132,20.3893586138659));
#3058=CARTESIAN_POINT('Ctrl Pts',(482.370742704834,296.757189628025,2.57175827820944E-15));
#3059=CARTESIAN_POINT('Ctrl Pts',(482.370742704834,296.757189628025,0.324879838109951));
#3060=CARTESIAN_POINT('Ctrl Pts',(482.373296292679,296.750095330475,0.650112326456303));
#3061=CARTESIAN_POINT('Ctrl Pts',(482.378430010467,296.735836730218,0.975708570409149));
#3062=CARTESIAN_POINT('Ctrl Pts',(482.383530691852,296.721669886634,1.29920954360059));
#3063=CARTESIAN_POINT('Ctrl Pts',(482.391178425511,296.700430579674,1.62307006480598));
#3064=CARTESIAN_POINT('Ctrl Pts',(482.401414492883,296.672002328925,1.94728957403329));
#3065=CARTESIAN_POINT('Ctrl Pts',(482.402584172531,296.668753820966,1.98433827131073));
#3066=CARTESIAN_POINT('Ctrl Pts',(482.403787666184,296.665411390782,2.021391639394));
#3067=CARTESIAN_POINT('Ctrl Pts',(482.405025047998,296.661974825186,2.05844966364374));
#3068=CARTESIAN_POINT('Ctrl Pts',(482.410834337671,296.645840755011,2.23243056028926));
#3069=CARTESIAN_POINT('Ctrl Pts',(482.417398127063,296.6276128228,2.40667662250366));
#3070=CARTESIAN_POINT('Ctrl Pts',(482.424700309609,296.607333238376,2.58062703507665));
#3071=CARTESIAN_POINT('Ctrl Pts',(482.431831190022,296.587529393364,2.75049673940964));
#3072=CARTESIAN_POINT('Ctrl Pts',(482.439666160041,296.565769233355,2.92008433132507));
#3073=CARTESIAN_POINT('Ctrl Pts',(482.448175749623,296.542137445538,3.08887351185188));
#3074=CARTESIAN_POINT('Ctrl Pts',(482.464327990096,296.497281425644,3.40925599406415));
#3075=CARTESIAN_POINT('Ctrl Pts',(482.482938732471,296.44559975718,3.72747265978028));
#3076=CARTESIAN_POINT('Ctrl Pts',(482.503968090072,296.387205411698,4.04355870361853));
#3077=CARTESIAN_POINT('Ctrl Pts',(482.50536294505,296.38333217672,4.06452435553359));
#3078=CARTESIAN_POINT('Ctrl Pts',(482.506768446558,296.379429391049,4.08548063442846));
#3079=CARTESIAN_POINT('Ctrl Pts',(482.50818458541,296.375497079967,4.10642755074578));
#3080=CARTESIAN_POINT('Ctrl Pts',(482.530950965544,296.31227976988,4.44317804599204));
#3081=CARTESIAN_POINT('Ctrl Pts',(482.556462308136,296.241435206703,4.77751102451902));
#3082=CARTESIAN_POINT('Ctrl Pts',(482.584694885745,296.163043039084,5.10944558979513));
#3083=CARTESIAN_POINT('Ctrl Pts',(482.611904135823,296.087492300416,5.42934874284806));
#3084=CARTESIAN_POINT('Ctrl Pts',(482.64164106541,296.004930751595,5.74702465249046));
#3085=CARTESIAN_POINT('Ctrl Pts',(482.673900468304,295.915379410495,6.06248214551341));
#3086=CARTESIAN_POINT('Ctrl Pts',(482.706141471543,295.825879146402,6.3777597124261));
#3087=CARTESIAN_POINT('Ctrl Pts',(482.740902115779,295.729396922207,6.69082185947263));
#3088=CARTESIAN_POINT('Ctrl Pts',(482.77819230987,295.625906348024,7.00166212963705));
#3089=CARTESIAN_POINT('Ctrl Pts',(482.815344681699,295.52279826863,7.31135355330629));
#3090=CARTESIAN_POINT('Ctrl Pts',(482.855007997746,295.412733366706,7.61883993767215));
#3091=CARTESIAN_POINT('Ctrl Pts',(482.897206280205,295.295640942222,7.92409294283825));
#3092=CARTESIAN_POINT('Ctrl Pts',(482.90219272828,295.281804471622,7.96016380096753));
#3093=CARTESIAN_POINT('Ctrl Pts',(482.90721458903,295.267869823028,7.99620344359722));
#3094=CARTESIAN_POINT('Ctrl Pts',(482.912271914667,295.253836840351,8.03221179911671));
#3095=CARTESIAN_POINT('Ctrl Pts',(482.940732274268,295.174865510059,8.23485066800567));
#3096=CARTESIAN_POINT('Ctrl Pts',(482.970371125549,295.092634061582,8.43686382358793));
#3097=CARTESIAN_POINT('Ctrl Pts',(483.001136491869,295.007282646569,8.63777481460777));
#3098=CARTESIAN_POINT('Ctrl Pts',(483.031866750755,294.922028629038,8.83845653907674));
#3099=CARTESIAN_POINT('Ctrl Pts',(483.063720929068,294.833661843257,9.03803836469133));
#3100=CARTESIAN_POINT('Ctrl Pts',(483.096632574778,294.742367912771,9.23606490805924));
#3101=CARTESIAN_POINT('Ctrl Pts',(483.129552339364,294.651051461259,9.43414030200122));
#3102=CARTESIAN_POINT('Ctrl Pts',(483.163530057836,294.556806531387,9.63065941038056));
#3103=CARTESIAN_POINT('Ctrl Pts',(483.198485016129,294.459863454561,9.82518961530294));
#3104=CARTESIAN_POINT('Ctrl Pts',(483.203245626341,294.446660515005,9.85168320949894));
#3105=CARTESIAN_POINT('Ctrl Pts',(483.208024341793,294.433407594998,9.87813995076844));
#3106=CARTESIAN_POINT('Ctrl Pts',(483.212820938821,294.420105338385,9.90455878304649));
#3107=CARTESIAN_POINT('Ctrl Pts',(483.265111895781,294.275088418258,10.1925683893599));
#3108=CARTESIAN_POINT('Ctrl Pts',(483.319521617008,294.124214718637,10.4760664829379));
#3109=CARTESIAN_POINT('Ctrl Pts',(483.376018294068,293.967581065666,10.7551174551303));
#3110=CARTESIAN_POINT('Ctrl Pts',(483.432854926238,293.810004907515,11.0358475491563));
#3111=CARTESIAN_POINT('Ctrl Pts',(483.491803765577,293.646599080218,11.3120772731289));
#3112=CARTESIAN_POINT('Ctrl Pts',(483.552847339784,293.477415399756,11.583853416051));
#3113=CARTESIAN_POINT('Ctrl Pts',(483.559322917199,293.459468186892,11.6126837634885));
#3114=CARTESIAN_POINT('Ctrl Pts',(483.565822080379,293.441455913024,11.6414639729092));
#3115=CARTESIAN_POINT('Ctrl Pts',(483.572344817783,293.423378610788,11.670194084771));
#3116=CARTESIAN_POINT('Ctrl Pts',(483.636910437057,293.244439594642,11.9545804319803));
#3117=CARTESIAN_POINT('Ctrl Pts',(483.703780092839,293.059140118537,12.2340488648871));
#3118=CARTESIAN_POINT('Ctrl Pts',(483.772955986891,292.867490461067,12.5086177506358));
#3119=CARTESIAN_POINT('Ctrl Pts',(483.839184164558,292.684007359924,12.7714867340692));
#3120=CARTESIAN_POINT('Ctrl Pts',(483.907526409363,292.494703145056,13.0298650062874));
#3121=CARTESIAN_POINT('Ctrl Pts',(483.977997401027,292.299546860712,13.2837363808601));
#3122=CARTESIAN_POINT('Ctrl Pts',(484.04823054091,292.105049262571,13.5367508956495));
#3123=CARTESIAN_POINT('Ctrl Pts',(484.12057818049,291.904738723321,13.7852892360555));
#3124=CARTESIAN_POINT('Ctrl Pts',(484.195065822305,291.69855019548,14.0292984173334));
#3125=CARTESIAN_POINT('Ctrl Pts',(484.269006252424,291.493876399095,14.2715150236984));
#3126=CARTESIAN_POINT('Ctrl Pts',(484.345055465574,291.283410322647,14.5092690744226));
#3127=CARTESIAN_POINT('Ctrl Pts',(484.423247690733,291.067059226614,14.7424674349064));
#3128=CARTESIAN_POINT('Ctrl Pts',(484.434913442941,291.034781103422,14.7772590562372));
#3129=CARTESIAN_POINT('Ctrl Pts',(484.446626910869,291.002371940059,14.8119491939176));
#3130=CARTESIAN_POINT('Ctrl Pts',(484.458388223752,290.969831379743,14.846537452701));
#3131=CARTESIAN_POINT('Ctrl Pts',(484.529704592297,290.772517132992,15.0562682060132));
#3132=CARTESIAN_POINT('Ctrl Pts',(484.602471814974,290.571231442322,15.2613337927836));
#3133=CARTESIAN_POINT('Ctrl Pts',(484.67655345592,290.366354571074,15.4614232219212));
#3134=CARTESIAN_POINT('Ctrl Pts',(484.750741718746,290.161182831124,15.6618006294424));
#3135=CARTESIAN_POINT('Ctrl Pts',(484.826248106545,289.952409815469,15.8571873603243));
#3136=CARTESIAN_POINT('Ctrl Pts',(484.902926247934,289.740446738748,16.047313346016));
#3137=CARTESIAN_POINT('Ctrl Pts',(484.92840170593,289.670024368567,16.110480586049));
#3138=CARTESIAN_POINT('Ctrl Pts',(484.954006434092,289.59925009396,16.1730674883309));
#3139=CARTESIAN_POINT('Ctrl Pts',(484.979734860581,289.528139634989,16.2350652296345));
#3140=CARTESIAN_POINT('Ctrl Pts',(485.069982973437,289.278704064996,16.4525359387868));
#3141=CARTESIAN_POINT('Ctrl Pts',(485.161884665211,289.02476243847,16.6630866144374));
#3142=CARTESIAN_POINT('Ctrl Pts',(485.255430326198,288.766356436785,16.8667726476691));
#3143=CARTESIAN_POINT('Ctrl Pts',(485.348975987185,288.507950435101,17.0704586809008));
#3144=CARTESIAN_POINT('Ctrl Pts',(485.444165760956,288.245079608031,17.2672804221508));
#3145=CARTESIAN_POINT('Ctrl Pts',(485.541001881775,287.977748495118,17.4572472354391));
#3146=CARTESIAN_POINT('Ctrl Pts',(485.637838002594,287.710417382205,17.6472140487274));
#3147=CARTESIAN_POINT('Ctrl Pts',(485.736320777397,287.438629791855,17.8303236892102));
#3148=CARTESIAN_POINT('Ctrl Pts',(485.836463752211,287.162355266097,18.006537889628));
#3149=CARTESIAN_POINT('Ctrl Pts',(485.936606727025,286.88608074034,18.1827520900459));
#3150=CARTESIAN_POINT('Ctrl Pts',(486.038410058791,286.605318787017,18.3520711610356));
#3151=CARTESIAN_POINT('Ctrl Pts',(486.141894861425,286.320015215797,18.5143999719809));
#3152=CARTESIAN_POINT('Ctrl Pts',(486.205721058835,286.144048874895,18.6145193177112));
#3153=CARTESIAN_POINT('Ctrl Pts',(486.270284703875,285.966088213908,18.7121243054152));
#3154=CARTESIAN_POINT('Ctrl Pts',(486.335439636422,285.786534379039,18.8069452573865));
#3155=CARTESIAN_POINT('Ctrl Pts',(486.400537460005,285.607137924943,18.9016830978239));
#3156=CARTESIAN_POINT('Ctrl Pts',(486.466225468362,285.426151297614,18.9936416503491));
#3157=CARTESIAN_POINT('Ctrl Pts',(486.532350431969,285.243997962674,19.0825978289218));
#3158=CARTESIAN_POINT('Ctrl Pts',(486.598532326518,285.061687801015,19.1716305951976));
#3159=CARTESIAN_POINT('Ctrl Pts',(486.665151857882,284.878209145056,19.2576557125693));
#3160=CARTESIAN_POINT('Ctrl Pts',(486.732048963454,284.694006740991,19.3404972749553));
#3161=CARTESIAN_POINT('Ctrl Pts',(486.748345297367,284.649134487424,19.3606777259766));
#3162=CARTESIAN_POINT('Ctrl Pts',(486.764658076147,284.604219369742,19.3806694829096));
#3163=CARTESIAN_POINT('Ctrl Pts',(486.78098493574,284.559267974589,19.4004704407978));
#3164=CARTESIAN_POINT('Ctrl Pts',(486.88512159339,284.27255710889,19.5267657372704));
#3165=CARTESIAN_POINT('Ctrl Pts',(486.990000507929,283.983892624523,19.6455142350907));
#3166=CARTESIAN_POINT('Ctrl Pts',(487.095611414693,283.693314411187,19.7568178404849));
#3167=CARTESIAN_POINT('Ctrl Pts',(487.201593538284,283.401714830593,19.8685126722451));
#3168=CARTESIAN_POINT('Ctrl Pts',(487.308312944374,283.108187619465,19.9727103755247));
#3169=CARTESIAN_POINT('Ctrl Pts',(487.415766892528,282.812749153549,20.0694677898696));
#3170=CARTESIAN_POINT('Ctrl Pts',(487.523432612346,282.516728433594,20.1664158950077));
#3171=CARTESIAN_POINT('Ctrl Pts',(487.631835912551,282.218788478383,20.2558945153172));
#3172=CARTESIAN_POINT('Ctrl Pts',(487.740979610872,281.918928279766,20.3379119476303));
#3173=CARTESIAN_POINT('Ctrl Pts',(487.764252049237,281.854989838081,20.3554003200027));
#3174=CARTESIAN_POINT('Ctrl Pts',(487.787558166239,281.790964041373,20.3725492809189));
#3175=CARTESIAN_POINT('Ctrl Pts',(487.81089801239,281.726850807131,20.3893586138653));
#3176=CARTESIAN_POINT('Ctrl Pts',(482.370742704834,296.757189628025,2.57175827820944E-15));
#3177=CARTESIAN_POINT('Ctrl Pts',(482.437248373049,296.78394536611,2.57175827820944E-15));
#3178=CARTESIAN_POINT('Ctrl Pts',(482.503842232741,296.810651329602,2.57175827820944E-15));
#3179=CARTESIAN_POINT('Ctrl Pts',(482.928305731157,296.980335986852,2.57175827820944E-15));
#3180=CARTESIAN_POINT('Ctrl Pts',(483.28865976028,297.121968667583,2.57175827820944E-15));
#3181=CARTESIAN_POINT('Ctrl Pts',(484.377919748084,297.543198764415,2.57175827820944E-15));
#3182=CARTESIAN_POINT('Ctrl Pts',(485.115044083127,297.819149760271,2.57175827820944E-15));
#3183=CARTESIAN_POINT('Ctrl Pts',(487.362248879155,298.63558861653,2.57175827820944E-15));
#3184=CARTESIAN_POINT('Ctrl Pts',(488.908374827675,299.164851579126,2.57175827820944E-15));
#3185=CARTESIAN_POINT('Ctrl Pts',(493.704566387811,300.723154054784,2.57175827820944E-15));
#3186=CARTESIAN_POINT('Ctrl Pts',(497.113911982216,301.723664710538,2.57175827820944E-15));
#3187=CARTESIAN_POINT('Ctrl Pts',(507.996098115793,304.657797256732,2.57175827820944E-15));
#3188=CARTESIAN_POINT('Ctrl Pts',(516.127450315558,306.525270385915,2.57175827820944E-15));
#3189=CARTESIAN_POINT('Ctrl Pts',(533.530850406743,310.021416002318,2.57175827820944E-15));
#3190=CARTESIAN_POINT('Ctrl Pts',(542.747222400749,311.655027464985,2.57175827820944E-15));
#3191=CARTESIAN_POINT('Ctrl Pts',(552.447384552089,313.173054573502,2.57175827820944E-15));
#3192=CARTESIAN_POINT('',(496.753325673614,257.259829526113,0.));
#3193=CARTESIAN_POINT('Ctrl Pts',(496.753325673614,257.259829526113,0.));
#3194=CARTESIAN_POINT('Ctrl Pts',(496.942016554937,257.337922645068,0.));
#3195=CARTESIAN_POINT('Ctrl Pts',(497.130707436237,257.416015764004,0.));
#3196=CARTESIAN_POINT('Ctrl Pts',(497.401591322846,257.528125938236,0.));
#3197=CARTESIAN_POINT('Ctrl Pts',(497.4960397807,257.567215373111,0.));
#3198=CARTESIAN_POINT('Ctrl Pts',(497.681599434876,257.64401194088,0.));
#3199=CARTESIAN_POINT('Ctrl Pts',(497.758620115234,257.675538688176,0.));
#3200=CARTESIAN_POINT('Ctrl Pts',(497.95697146959,257.756203263713,0.));
#3201=CARTESIAN_POINT('Ctrl Pts',(498.058036829849,257.796954335335,0.));
#3202=CARTESIAN_POINT('Ctrl Pts',(498.366788795691,257.920381842426,0.));
#3203=CARTESIAN_POINT('Ctrl Pts',(498.580029705564,258.004230738874,0.));
#3204=CARTESIAN_POINT('Ctrl Pts',(499.241126404417,258.259884879699,0.));
#3205=CARTESIAN_POINT('Ctrl Pts',(499.710335687279,258.435776051251,0.));
#3206=CARTESIAN_POINT('Ctrl Pts',(501.197474017139,258.976072831899,0.));
#3207=CARTESIAN_POINT('Ctrl Pts',(502.294699849607,259.352912474213,0.));
#3208=CARTESIAN_POINT('Ctrl Pts',(505.866371062312,260.513363223795,0.));
#3209=CARTESIAN_POINT('Ctrl Pts',(508.619343892478,261.325948600309,0.));
#3210=CARTESIAN_POINT('Ctrl Pts',(517.786849477145,263.797756762395,0.));
#3211=CARTESIAN_POINT('Ctrl Pts',(525.105607025148,265.489780920777,0.));
#3212=CARTESIAN_POINT('Ctrl Pts',(542.68569499281,269.021421126157,0.));
#3213=CARTESIAN_POINT('Ctrl Pts',(553.228200572176,270.845744904177,0.));
#3214=CARTESIAN_POINT('Ctrl Pts',(564.464460847124,272.518345117413,0.));
#3215=CARTESIAN_POINT('',(489.535348768521,276.999999999995,21.));
#3216=CARTESIAN_POINT('Origin',(489.535348768466,277.000000000002,-2.13825654599169E-11));
#3217=CARTESIAN_POINT('Ctrl Pts',(487.81089801239,281.726850807131,20.3893586138653));
#3218=CARTESIAN_POINT('Ctrl Pts',(487.914390500486,281.442562809318,20.4638937962567));
#3219=CARTESIAN_POINT('Ctrl Pts',(488.018546029397,281.156556054117,20.5317545931764));
#3220=CARTESIAN_POINT('Ctrl Pts',(488.123370225126,280.868819515097,20.59289681292));
#3221=CARTESIAN_POINT('Ctrl Pts',(488.239101965521,280.551142377631,20.6604012230746));
#3222=CARTESIAN_POINT('Ctrl Pts',(488.3556671975,280.231311076068,20.7197257810083));
#3223=CARTESIAN_POINT('Ctrl Pts',(488.473054709143,279.909367848686,20.7707376005478));
#3224=CARTESIAN_POINT('Ctrl Pts',(488.589082373922,279.591154093729,20.8211584861643));
#3225=CARTESIAN_POINT('Ctrl Pts',(488.705913525065,279.27087659764,20.8634580761658));
#3226=CARTESIAN_POINT('Ctrl Pts',(488.823535207576,278.948582821695,20.897458478453));
#3227=CARTESIAN_POINT('Ctrl Pts',(488.941846154479,278.624400400569,20.9316581234831));
#3228=CARTESIAN_POINT('Ctrl Pts',(489.060360348984,278.299812443096,20.9572897813358));
#3229=CARTESIAN_POINT('Ctrl Pts',(489.179078843238,277.974820889184,20.9743812319605));
#3230=CARTESIAN_POINT('Ctrl Pts',(489.238438090365,277.812325112228,20.9829269572729));
#3231=CARTESIAN_POINT('Ctrl Pts',(489.2978484161,277.649728382497,20.9893366484701));
#3232=CARTESIAN_POINT('Ctrl Pts',(489.35730995065,277.487030612523,20.9936078941742));
#3233=CARTESIAN_POINT('Ctrl Pts',(489.392046011305,277.39198631794,20.9961030576604));
#3234=CARTESIAN_POINT('Ctrl Pts',(489.426923112643,277.296572211653,20.9978727738216));
#3235=CARTESIAN_POINT('Ctrl Pts',(489.461625149527,277.201648231672,20.9989043376665));
#3236=CARTESIAN_POINT('Ctrl Pts',(489.486326404964,277.134080397414,20.9996386150842));
#3237=CARTESIAN_POINT('Ctrl Pts',(489.510938947534,277.066760935892,21.));
#3238=CARTESIAN_POINT('Ctrl Pts',(489.535348768521,276.999999999995,21.));
#3239=CARTESIAN_POINT('Origin',(331.954968514934,226.75,0.));
#3240=CARTESIAN_POINT('',(338.335017205561,206.742626891437,-2.57175827820944E-15));
#3241=CARTESIAN_POINT('',(338.335017205561,206.742626891437,-2.57175827820944E-15));
#3242=CARTESIAN_POINT('',(489.535348768521,277.000000000001,-21.));
#3243=CARTESIAN_POINT('Origin',(489.535348771612,276.999999991421,-1.07474029675814E-8));
#3244=CARTESIAN_POINT('',(487.810900123204,281.726851431067,-20.3893586254161));
#3245=CARTESIAN_POINT('Ctrl Pts',(489.535348768521,277.000000000001,-21.));
#3246=CARTESIAN_POINT('Ctrl Pts',(489.501489909803,277.092604083465,-21.));
#3247=CARTESIAN_POINT('Ctrl Pts',(489.467251274705,277.186254731525,-20.9993024896468));
#3248=CARTESIAN_POINT('Ctrl Pts',(489.432952840908,277.280081154933,-20.9978862024187));
#3249=CARTESIAN_POINT('Ctrl Pts',(489.407738549151,277.349057097923,-20.9968450271981));
#3250=CARTESIAN_POINT('Ctrl Pts',(489.382491951024,277.418128001738,-20.9954164627564));
#3251=CARTESIAN_POINT('Ctrl Pts',(489.357340135878,277.486948020151,-20.9936100622579));
#3252=CARTESIAN_POINT('Ctrl Pts',(489.297974872461,277.64938236128,-20.9893464558023));
#3253=CARTESIAN_POINT('Ctrl Pts',(489.238749948234,277.811471657545,-20.9829577643819));
#3254=CARTESIAN_POINT('Ctrl Pts',(489.179663878653,277.973219357601,-20.9744653878749));
#3255=CARTESIAN_POINT('Ctrl Pts',(489.06788582133,278.279211003628,-20.9583996492885));
#3256=CARTESIAN_POINT('Ctrl Pts',(488.956604521211,278.583980772124,-20.9348081465369));
#3257=CARTESIAN_POINT('Ctrl Pts',(488.845811786709,278.887544821121,-20.9037959024215));
#3258=CARTESIAN_POINT('Ctrl Pts',(488.839474068656,278.904909708468,-20.9020218974718));
#3259=CARTESIAN_POINT('Ctrl Pts',(488.833137948853,278.92227065183,-20.9002235961138));
#3260=CARTESIAN_POINT('Ctrl Pts',(488.82680342563,278.939627654661,-20.8984010128919));
#3261=CARTESIAN_POINT('Ctrl Pts',(488.709732018283,279.260410873426,-20.8647169651296));
#3262=CARTESIAN_POINT('Ctrl Pts',(488.593205637018,279.579848805482,-20.8227440471201));
#3263=CARTESIAN_POINT('Ctrl Pts',(488.47721859504,279.897947793378,-20.7725434707314));
#3264=CARTESIAN_POINT('Ctrl Pts',(488.361231553062,280.216046781274,-20.7223428943428));
#3265=CARTESIAN_POINT('Ctrl Pts',(488.245783673645,280.53280737921,-20.6639145732286));
#3266=CARTESIAN_POINT('Ctrl Pts',(488.130871022841,280.848230432932,-20.5972597669949));
#3267=CARTESIAN_POINT('Ctrl Pts',(488.023748237428,281.142271131337,-20.535123453413));
#3268=CARTESIAN_POINT('Ctrl Pts',(487.917091585123,281.435145900421,-20.4658384519916));
#3269=CARTESIAN_POINT('Ctrl Pts',(487.810900123204,281.726851431067,-20.3893586254161));
#3270=CARTESIAN_POINT('Ctrl Pts',(487.810900123204,281.726851431067,-20.3893586254161));
#3271=CARTESIAN_POINT('Ctrl Pts',(487.702426601023,282.024825729351,-20.3112352432293));
#3272=CARTESIAN_POINT('Ctrl Pts',(487.59443832208,282.32158048416,-20.2256045349858));
#3273=CARTESIAN_POINT('Ctrl Pts',(487.486939967371,282.617094338132,-20.1323699450313));
#3274=CARTESIAN_POINT('Ctrl Pts',(487.47389607395,282.652952107547,-20.1210568225394));
#3275=CARTESIAN_POINT('Ctrl Pts',(487.460859402367,282.688791580092,-20.1096316877257));
#3276=CARTESIAN_POINT('Ctrl Pts',(487.447829968285,282.724612694724,-20.0980943214512));
#3277=CARTESIAN_POINT('Ctrl Pts',(487.378469760558,282.915300942277,-20.0366769094338));
#3278=CARTESIAN_POINT('Ctrl Pts',(487.309229493465,283.105705646425,-19.9719983824181));
#3279=CARTESIAN_POINT('Ctrl Pts',(487.240275881089,283.295363980157,-19.9041729214726));
#3280=CARTESIAN_POINT('Ctrl Pts',(487.171373745105,283.484880727013,-19.8363980947123));
#3281=CARTESIAN_POINT('Ctrl Pts',(487.102757910878,283.67365198261,-19.7654810957304));
#3282=CARTESIAN_POINT('Ctrl Pts',(487.03459007149,283.861230531218,-19.6915855975321));
#3283=CARTESIAN_POINT('Ctrl Pts',(486.966349885636,284.049008156769,-19.6176116741086));
#3284=CARTESIAN_POINT('Ctrl Pts',(486.898558718181,284.235590316116,-19.5406530203257));
#3285=CARTESIAN_POINT('Ctrl Pts',(486.831373010626,284.420546452838,-19.4609225282834));
#3286=CARTESIAN_POINT('Ctrl Pts',(486.814448120772,284.467139133868,-19.4408374559524));
#3287=CARTESIAN_POINT('Ctrl Pts',(486.797561621686,284.513628726877,-19.4205767202808));
#3288=CARTESIAN_POINT('Ctrl Pts',(486.780715948496,284.560008555185,-19.4001441985065));
#3289=CARTESIAN_POINT('Ctrl Pts',(486.672032185011,284.859238763039,-19.2683190503622));
#3290=CARTESIAN_POINT('Ctrl Pts',(486.564800140194,285.154569963651,-19.1290539748526));
#3291=CARTESIAN_POINT('Ctrl Pts',(486.459003696486,285.446044787691,-18.9824550061615));
#3292=CARTESIAN_POINT('Ctrl Pts',(486.357192319357,285.726540541555,-18.8413780250738));
#3293=CARTESIAN_POINT('Ctrl Pts',(486.256710317919,286.003465316662,-18.6935086831623));
#3294=CARTESIAN_POINT('Ctrl Pts',(486.157548222676,286.276841756753,-18.5388902078376));
#3295=CARTESIAN_POINT('Ctrl Pts',(486.058317018634,286.550408720424,-18.3841639746326));
#3296=CARTESIAN_POINT('Ctrl Pts',(485.960407429065,286.820422815813,-18.2226789727695));
#3297=CARTESIAN_POINT('Ctrl Pts',(485.863816804517,287.086885284737,-18.0544314610689));
#3298=CARTESIAN_POINT('Ctrl Pts',(485.767418567913,287.352817017195,-17.8865190625651));
#3299=CARTESIAN_POINT('Ctrl Pts',(485.672333923039,287.615211647154,-17.7118708033407));
#3300=CARTESIAN_POINT('Ctrl Pts',(485.578568961607,287.874043046907,-17.5304397919673));
#3301=CARTESIAN_POINT('Ctrl Pts',(485.567488053329,287.904631093404,-17.5089987294951));
#3302=CARTESIAN_POINT('Ctrl Pts',(485.55642558694,287.935169340692,-17.4874628927355));
#3303=CARTESIAN_POINT('Ctrl Pts',(485.545381581821,287.965657716398,-17.4658321670924));
#3304=CARTESIAN_POINT('Ctrl Pts',(485.447856856435,288.23488707986,-17.2748207943518));
#3305=CARTESIAN_POINT('Ctrl Pts',(485.351667243416,288.500518928959,-17.076198458728));
#3306=CARTESIAN_POINT('Ctrl Pts',(485.25699560266,288.762034472862,-16.8701785780139));
#3307=CARTESIAN_POINT('Ctrl Pts',(485.162883298145,289.022004938216,-16.6653758979818));
#3308=CARTESIAN_POINT('Ctrl Pts',(485.070271166867,289.277907328226,-16.4532629765292));
#3309=CARTESIAN_POINT('Ctrl Pts',(484.979332987833,289.529250366231,-16.2340967654812));
#3310=CARTESIAN_POINT('Ctrl Pts',(484.893980798568,289.765154348235,-16.0283931091658));
#3311=CARTESIAN_POINT('Ctrl Pts',(484.81058846444,289.995701119726,-15.8176554156109));
#3312=CARTESIAN_POINT('Ctrl Pts',(484.729119404744,290.220985038543,-15.6019857469123));
#3313=CARTESIAN_POINT('Ctrl Pts',(484.647044521455,290.447944222961,-15.3847123064975));
#3314=CARTESIAN_POINT('Ctrl Pts',(484.566921506349,290.669562357226,-15.1624330044979));
#3315=CARTESIAN_POINT('Ctrl Pts',(484.488720905869,290.885910991434,-14.935206454737));
#3316=CARTESIAN_POINT('Ctrl Pts',(484.478646267318,290.913783338671,-14.9059326979622));
#3317=CARTESIAN_POINT('Ctrl Pts',(484.468603547889,290.94156818812,-14.8765767714424));
#3318=CARTESIAN_POINT('Ctrl Pts',(484.458592695642,290.969265658159,-14.8471387494382));
#3319=CARTESIAN_POINT('Ctrl Pts',(484.376168572039,291.197312145867,-14.6047614668298));
#3320=CARTESIAN_POINT('Ctrl Pts',(484.295904152507,291.419430867543,-14.3568299456011));
#3321=CARTESIAN_POINT('Ctrl Pts',(484.217786652736,291.635657004819,-14.103373264445));
#3322=CARTESIAN_POINT('Ctrl Pts',(484.142703416803,291.843484420287,-13.8597614252781));
#3323=CARTESIAN_POINT('Ctrl Pts',(484.069603529759,292.045868209982,-13.6110446785888));
#3324=CARTESIAN_POINT('Ctrl Pts',(483.998487283832,292.242803098563,-13.3572120568862));
#3325=CARTESIAN_POINT('Ctrl Pts',(483.927526985112,292.439306138624,-13.1039360518549));
#3326=CARTESIAN_POINT('Ctrl Pts',(483.858541548233,292.63038442821,-12.8455661984121));
#3327=CARTESIAN_POINT('Ctrl Pts',(483.791544050649,292.815992627055,-12.5820613751041));
#3328=CARTESIAN_POINT('Ctrl Pts',(483.724936865103,293.000519515149,-12.3200916703953));
#3329=CARTESIAN_POINT('Ctrl Pts',(483.660294449817,293.179640093729,-12.0530462439137));
#3330=CARTESIAN_POINT('Ctrl Pts',(483.597643511133,293.353266358551,-11.7808607229828));
#3331=CARTESIAN_POINT('Ctrl Pts',(483.589342547699,293.376271046202,-11.7447973837264));
#3332=CARTESIAN_POINT('Ctrl Pts',(483.581076565674,293.399179215237,-11.7086437804969));
#3333=CARTESIAN_POINT('Ctrl Pts',(483.572845646623,293.421990599971,-11.6723997377771));
#3334=CARTESIAN_POINT('Ctrl Pts',(483.531917084254,293.535421090179,-11.4921748377641));
#3335=CARTESIAN_POINT('Ctrl Pts',(483.491844704694,293.646495548128,-11.3096481361571));
#3336=CARTESIAN_POINT('Ctrl Pts',(483.452726679539,293.754934652839,-11.1252218863818));
#3337=CARTESIAN_POINT('Ctrl Pts',(483.413621291073,293.863338727379,-10.9408552136658));
#3338=CARTESIAN_POINT('Ctrl Pts',(483.375469684669,293.969109012615,-10.7545904349986));
#3339=CARTESIAN_POINT('Ctrl Pts',(483.338356631106,294.072008183922,-10.5668576354363));
#3340=CARTESIAN_POINT('Ctrl Pts',(483.301188455055,294.175060187125,-10.3788460040864));
#3341=CARTESIAN_POINT('Ctrl Pts',(483.265061955666,294.275232426935,-10.1893622189671));
#3342=CARTESIAN_POINT('Ctrl Pts',(483.230048321893,294.372330297579,-9.99886325042658));
#3343=CARTESIAN_POINT('Ctrl Pts',(483.223649261971,294.390075816271,-9.96404783187467));
#3344=CARTESIAN_POINT('Ctrl Pts',(483.217287334441,294.407718768429,-9.92919856682785));
#3345=CARTESIAN_POINT('Ctrl Pts',(483.210962922249,294.425258127982,-9.89431832501572));
#3346=CARTESIAN_POINT('Ctrl Pts',(483.155938677162,294.577855711651,-9.59084996846815));
#3347=CARTESIAN_POINT('Ctrl Pts',(483.1035939955,294.723043449058,-9.28418763046487));
#3348=CARTESIAN_POINT('Ctrl Pts',(483.053896942099,294.860906696261,-8.9743742799665));
#3349=CARTESIAN_POINT('Ctrl Pts',(483.004199888699,294.998769943464,-8.66456092946813));
#3350=CARTESIAN_POINT('Ctrl Pts',(482.957150385546,295.129308945105,-8.35159602240453));
#3351=CARTESIAN_POINT('Ctrl Pts',(482.912732476847,295.252558947098,-8.03549008190193));
#3352=CARTESIAN_POINT('Ctrl Pts',(482.868314568147,295.37580894909,-7.71938414139934));
#3353=CARTESIAN_POINT('Ctrl Pts',(482.826528750025,295.491768395622,-7.40014099212083));
#3354=CARTESIAN_POINT('Ctrl Pts',(482.787380647796,295.60042023365,-7.07774981803895));
#3355=CARTESIAN_POINT('Ctrl Pts',(482.748232545568,295.709072071679,-6.75535864395706));
#3356=CARTESIAN_POINT('Ctrl Pts',(482.711722098273,295.81041649237,-6.42981888497413));
#3357=CARTESIAN_POINT('Ctrl Pts',(482.677872828179,295.904380319136,-6.10110393719999));
#3358=CARTESIAN_POINT('Ctrl Pts',(482.646103001259,295.992571718972,-5.79258274996568));
#3359=CARTESIAN_POINT('Ctrl Pts',(482.6166778335,296.074261840729,-5.48126288691683));
#3360=CARTESIAN_POINT('Ctrl Pts',(482.589633568561,296.149347155694,-5.16709931417218));
#3361=CARTESIAN_POINT('Ctrl Pts',(482.587863429482,296.154261744815,-5.1465362403191));
#3362=CARTESIAN_POINT('Ctrl Pts',(482.586103496177,296.1591480203,-5.12596098269525));
#3363=CARTESIAN_POINT('Ctrl Pts',(482.584353781186,296.164005945662,-5.1053735284189));
#3364=CARTESIAN_POINT('Ctrl Pts',(482.569804567888,296.204400520001,-4.93418492622057));
#3365=CARTESIAN_POINT('Ctrl Pts',(482.555943546025,296.24288725989,-4.76191390778724));
#3366=CARTESIAN_POINT('Ctrl Pts',(482.542821073483,296.279323259761,-4.58909827924632));
#3367=CARTESIAN_POINT('Ctrl Pts',(482.530254633147,296.314215374564,-4.42360528407463));
#3368=CARTESIAN_POINT('Ctrl Pts',(482.518365395893,296.347227120417,-4.2576131078987));
#3369=CARTESIAN_POINT('Ctrl Pts',(482.507184308421,296.378274635115,-4.09160405752869));
#3370=CARTESIAN_POINT('Ctrl Pts',(482.485503789163,296.438476850867,-3.76970670876323));
#3371=CARTESIAN_POINT('Ctrl Pts',(482.466453984688,296.491369226371,-3.44742795342554));
#3372=CARTESIAN_POINT('Ctrl Pts',(482.449992413942,296.537077062045,-3.12479229829765));
#3373=CARTESIAN_POINT('Ctrl Pts',(482.433395927248,296.583159510572,-2.7995123818153));
#3374=CARTESIAN_POINT('Ctrl Pts',(482.419430231121,296.62193930327,-2.47386923496977));
#3375=CARTESIAN_POINT('Ctrl Pts',(482.408066885136,296.653497513887,-2.14786990248536));
#3376=CARTESIAN_POINT('Ctrl Pts',(482.39667624791,296.685131517562,-1.82108762045478));
#3377=CARTESIAN_POINT('Ctrl Pts',(482.387900454687,296.709509276062,-1.4939469593627));
#3378=CARTESIAN_POINT('Ctrl Pts',(482.381726421986,296.726663646272,-1.16644402041846));
#3379=CARTESIAN_POINT('Ctrl Pts',(482.375550107628,296.743824356,-0.838820050449341));
#3380=CARTESIAN_POINT('Ctrl Pts',(482.371977467996,296.753756366232,-0.51083304969479));
#3381=CARTESIAN_POINT('Ctrl Pts',(482.371011180342,296.756443100265,-0.182475379011766));
#3382=CARTESIAN_POINT('Ctrl Pts',(482.370832222222,296.756940687985,-0.12166297907168));
#3383=CARTESIAN_POINT('Ctrl Pts',(482.370742704834,296.757189628025,-0.0608378666878261));
#3384=CARTESIAN_POINT('Ctrl Pts',(482.370742704834,296.757189628025,2.57175827820944E-15));
#3385=CARTESIAN_POINT('Ctrl Pts',(496.57966126981,257.187955385455,0.));
#3386=CARTESIAN_POINT('Ctrl Pts',(496.744047280409,257.255989496015,0.));
#3387=CARTESIAN_POINT('Ctrl Pts',(496.908433291023,257.324023606568,0.));
#3388=CARTESIAN_POINT('Ctrl Pts',(497.155012306936,257.426074772401,0.));
#3389=CARTESIAN_POINT('Ctrl Pts',(497.237205312238,257.46009182768,0.));
#3390=CARTESIAN_POINT('Ctrl Pts',(497.401591322846,257.528125938236,0.));
#3391=CARTESIAN_POINT('Ctrl Pts',(497.4960397807,257.567215373111,0.));
#3392=CARTESIAN_POINT('Ctrl Pts',(497.681599434876,257.64401194088,0.));
#3393=CARTESIAN_POINT('Ctrl Pts',(497.758620115234,257.675538688176,0.));
#3394=CARTESIAN_POINT('Ctrl Pts',(497.95697146959,257.756203263713,0.));
#3395=CARTESIAN_POINT('Ctrl Pts',(498.058036829849,257.796954335335,0.));
#3396=CARTESIAN_POINT('Ctrl Pts',(498.366788795691,257.920381842426,0.));
#3397=CARTESIAN_POINT('Ctrl Pts',(498.580029705564,258.004230738874,0.));
#3398=CARTESIAN_POINT('Ctrl Pts',(499.241126404417,258.259884879699,0.));
#3399=CARTESIAN_POINT('Ctrl Pts',(499.710335687279,258.435776051251,0.));
#3400=CARTESIAN_POINT('Ctrl Pts',(501.197474017139,258.976072831899,0.));
#3401=CARTESIAN_POINT('Ctrl Pts',(502.294699849607,259.352912474213,0.));
#3402=CARTESIAN_POINT('Ctrl Pts',(505.866371062312,260.513363223795,0.));
#3403=CARTESIAN_POINT('Ctrl Pts',(508.619343892478,261.325948600309,0.));
#3404=CARTESIAN_POINT('Ctrl Pts',(517.786849477145,263.797756762395,0.));
#3405=CARTESIAN_POINT('Ctrl Pts',(525.105607025148,265.489780920777,0.));
#3406=CARTESIAN_POINT('Ctrl Pts',(549.593125883752,270.409045619005,0.));
#3407=CARTESIAN_POINT('Ctrl Pts',(569.298408530037,273.485540608107,0.));
#3408=CARTESIAN_POINT('Ctrl Pts',(610.97771703698,278.355725035484,0.));
#3409=CARTESIAN_POINT('Ctrl Pts',(632.975324815922,280.155095478444,0.));
#3410=CARTESIAN_POINT('Ctrl Pts',(664.468465381198,281.3448444462,0.));
#3411=CARTESIAN_POINT('Ctrl Pts',(674.715418051943,281.490210342732,0.));
#3412=CARTESIAN_POINT('Ctrl Pts',(689.279197898113,281.273289728639,0.));
#3413=CARTESIAN_POINT('Ctrl Pts',(693.999058205312,281.128598044314,0.));
#3414=CARTESIAN_POINT('Ctrl Pts',(700.818437772669,280.797890697689,0.));
#3415=CARTESIAN_POINT('Ctrl Pts',(703.048121079651,280.668731250528,0.));
#3416=CARTESIAN_POINT('Ctrl Pts',(706.319715917962,280.44624649528,0.));
#3417=CARTESIAN_POINT('Ctrl Pts',(707.398088633355,280.36729636212,0.));
#3418=CARTESIAN_POINT('Ctrl Pts',(708.996399446743,280.241668921542,0.));
#3419=CARTESIAN_POINT('Ctrl Pts',(709.525961378088,280.198592935024,0.));
#3420=CARTESIAN_POINT('Ctrl Pts',(710.315362700617,280.132178235564,0.));
#3421=CARTESIAN_POINT('Ctrl Pts',(710.577672858603,280.10973989708,0.));
#3422=CARTESIAN_POINT('Ctrl Pts',(711.100624178368,280.064263115041,0.));
#3423=CARTESIAN_POINT('Ctrl Pts',(711.344342414931,280.04274491838,0.));
#3424=CARTESIAN_POINT('Ctrl Pts',(711.621061034961,280.017886292272,0.));
#3425=CARTESIAN_POINT('Ctrl Pts',(496.57966126981,257.187955385455,42.));
#3426=CARTESIAN_POINT('Ctrl Pts',(496.744047280409,257.255989496015,42.));
#3427=CARTESIAN_POINT('Ctrl Pts',(496.908433291023,257.324023606568,42.));
#3428=CARTESIAN_POINT('Ctrl Pts',(497.155012306936,257.426074772401,42.));
#3429=CARTESIAN_POINT('Ctrl Pts',(497.237205312238,257.46009182768,42.));
#3430=CARTESIAN_POINT('Ctrl Pts',(497.401591322846,257.528125938236,42.));
#3431=CARTESIAN_POINT('Ctrl Pts',(497.4960397807,257.567215373111,42.));
#3432=CARTESIAN_POINT('Ctrl Pts',(497.681599434876,257.64401194088,42.));
#3433=CARTESIAN_POINT('Ctrl Pts',(497.758620115234,257.675538688176,42.));
#3434=CARTESIAN_POINT('Ctrl Pts',(497.95697146959,257.756203263713,42.));
#3435=CARTESIAN_POINT('Ctrl Pts',(498.058036829849,257.796954335335,42.));
#3436=CARTESIAN_POINT('Ctrl Pts',(498.366788795691,257.920381842426,42.));
#3437=CARTESIAN_POINT('Ctrl Pts',(498.580029705564,258.004230738874,42.));
#3438=CARTESIAN_POINT('Ctrl Pts',(499.241126404417,258.259884879699,42.));
#3439=CARTESIAN_POINT('Ctrl Pts',(499.710335687278,258.435776051251,42.));
#3440=CARTESIAN_POINT('Ctrl Pts',(501.197474017139,258.976072831899,42.));
#3441=CARTESIAN_POINT('Ctrl Pts',(502.294699849607,259.352912474213,42.));
#3442=CARTESIAN_POINT('Ctrl Pts',(505.866371062312,260.513363223795,42.));
#3443=CARTESIAN_POINT('Ctrl Pts',(508.619343892478,261.325948600309,42.));
#3444=CARTESIAN_POINT('Ctrl Pts',(517.786849477145,263.797756762395,42.));
#3445=CARTESIAN_POINT('Ctrl Pts',(525.105607025148,265.489780920777,42.));
#3446=CARTESIAN_POINT('Ctrl Pts',(549.593125883752,270.409045619005,42.));
#3447=CARTESIAN_POINT('Ctrl Pts',(569.298408530037,273.485540608107,42.));
#3448=CARTESIAN_POINT('Ctrl Pts',(610.97771703698,278.355725035484,42.));
#3449=CARTESIAN_POINT('Ctrl Pts',(632.975324815922,280.155095478444,42.));
#3450=CARTESIAN_POINT('Ctrl Pts',(664.468465381198,281.3448444462,42.));
#3451=CARTESIAN_POINT('Ctrl Pts',(674.715418051943,281.490210342732,42.));
#3452=CARTESIAN_POINT('Ctrl Pts',(689.279197898113,281.273289728639,42.));
#3453=CARTESIAN_POINT('Ctrl Pts',(693.999058205312,281.128598044314,42.));
#3454=CARTESIAN_POINT('Ctrl Pts',(700.818437772669,280.797890697689,42.));
#3455=CARTESIAN_POINT('Ctrl Pts',(703.048121079651,280.668731250528,42.));
#3456=CARTESIAN_POINT('Ctrl Pts',(706.319715917962,280.44624649528,42.));
#3457=CARTESIAN_POINT('Ctrl Pts',(707.398088633355,280.36729636212,42.));
#3458=CARTESIAN_POINT('Ctrl Pts',(708.996399446743,280.241668921542,42.));
#3459=CARTESIAN_POINT('Ctrl Pts',(709.525961378088,280.198592935024,42.));
#3460=CARTESIAN_POINT('Ctrl Pts',(710.315362700617,280.132178235564,42.));
#3461=CARTESIAN_POINT('Ctrl Pts',(710.577672858603,280.10973989708,42.));
#3462=CARTESIAN_POINT('Ctrl Pts',(711.100624178368,280.064263115041,42.));
#3463=CARTESIAN_POINT('Ctrl Pts',(711.344342414931,280.04274491838,42.));
#3464=CARTESIAN_POINT('Ctrl Pts',(711.621061034961,280.017886292272,42.));
#3465=CARTESIAN_POINT('Ctrl Pts',(480.518404139945,295.99563528787,42.));
#3466=CARTESIAN_POINT('Ctrl Pts',(480.682790150544,296.063669398431,42.));
#3467=CARTESIAN_POINT('Ctrl Pts',(480.847176161158,296.131703508983,42.));
#3468=CARTESIAN_POINT('Ctrl Pts',(481.093755177071,296.233754674817,42.));
#3469=CARTESIAN_POINT('Ctrl Pts',(481.175948182373,296.267771730096,42.));
#3470=CARTESIAN_POINT('Ctrl Pts',(481.340334192981,296.335805840651,42.));
#3471=CARTESIAN_POINT('Ctrl Pts',(481.410270014339,296.364750483392,42.));
#3472=CARTESIAN_POINT('Ctrl Pts',(481.66086706505,296.468463407913,42.));
#3473=CARTESIAN_POINT('Ctrl Pts',(481.858135303854,296.549459961273,42.));
#3474=CARTESIAN_POINT('Ctrl Pts',(482.213388195138,296.693932499901,42.));
#3475=CARTESIAN_POINT('Ctrl Pts',(482.391635299175,296.765795187356,42.));
#3476=CARTESIAN_POINT('Ctrl Pts',(482.928305731157,296.980335986852,42.));
#3477=CARTESIAN_POINT('Ctrl Pts',(483.28865976028,297.121968667583,42.));
#3478=CARTESIAN_POINT('Ctrl Pts',(484.377919748084,297.543198764415,42.));
#3479=CARTESIAN_POINT('Ctrl Pts',(485.115044083127,297.819149760271,42.));
#3480=CARTESIAN_POINT('Ctrl Pts',(487.362248879155,298.63558861653,42.));
#3481=CARTESIAN_POINT('Ctrl Pts',(488.908374827675,299.164851579126,42.));
#3482=CARTESIAN_POINT('Ctrl Pts',(493.704566387811,300.723154054784,42.));
#3483=CARTESIAN_POINT('Ctrl Pts',(497.113911982216,301.723664710538,42.));
#3484=CARTESIAN_POINT('Ctrl Pts',(507.996098115793,304.657797256732,42.));
#3485=CARTESIAN_POINT('Ctrl Pts',(516.127450315558,306.525270385915,42.));
#3486=CARTESIAN_POINT('Ctrl Pts',(542.733260306128,311.870075739008,42.));
#3487=CARTESIAN_POINT('Ctrl Pts',(563.414196367725,315.083731695543,42.));
#3488=CARTESIAN_POINT('Ctrl Pts',(607.11294452797,320.18988557425,42.));
#3489=CARTESIAN_POINT('Ctrl Pts',(630.107174721252,322.076702497147,42.));
#3490=CARTESIAN_POINT('Ctrl Pts',(663.52422076151,323.339132832274,42.));
#3491=CARTESIAN_POINT('Ctrl Pts',(674.484401911046,323.498309745904,42.));
#3492=CARTESIAN_POINT('Ctrl Pts',(690.332957112263,323.262253010966,42.));
#3493=CARTESIAN_POINT('Ctrl Pts',(695.517480874509,323.104320316005,42.));
#3494=CARTESIAN_POINT('Ctrl Pts',(703.110839353572,322.736078687893,42.));
#3495=CARTESIAN_POINT('Ctrl Pts',(705.611429052351,322.591419741553,42.));
#3496=CARTESIAN_POINT('Ctrl Pts',(709.312503380561,322.339728240295,42.));
#3497=CARTESIAN_POINT('Ctrl Pts',(710.537896995848,322.250044843588,42.));
#3498=CARTESIAN_POINT('Ctrl Pts',(712.363077989892,322.106585376925,42.));
#3499=CARTESIAN_POINT('Ctrl Pts',(712.969320379191,322.057276292454,42.));
#3500=CARTESIAN_POINT('Ctrl Pts',(713.875402039994,321.981044926441,42.));
#3501=CARTESIAN_POINT('Ctrl Pts',(714.176882293488,321.955256500033,42.));
#3502=CARTESIAN_POINT('Ctrl Pts',(714.778739951318,321.902917881706,42.));
#3503=CARTESIAN_POINT('Ctrl Pts',(715.08220738755,321.876090101346,42.));
#3504=CARTESIAN_POINT('Ctrl Pts',(715.378938965039,321.849433639491,42.));
#3505=CARTESIAN_POINT('Ctrl Pts',(480.518404139945,295.99563528787,2.57175827820944E-15));
#3506=CARTESIAN_POINT('Ctrl Pts',(480.682790150544,296.063669398431,2.57175827820944E-15));
#3507=CARTESIAN_POINT('Ctrl Pts',(480.847176161158,296.131703508983,2.57175827820944E-15));
#3508=CARTESIAN_POINT('Ctrl Pts',(481.093755177071,296.233754674817,2.57175827820944E-15));
#3509=CARTESIAN_POINT('Ctrl Pts',(481.175948182373,296.267771730096,2.57175827820944E-15));
#3510=CARTESIAN_POINT('Ctrl Pts',(481.340334192981,296.335805840652,2.57175827820944E-15));
#3511=CARTESIAN_POINT('Ctrl Pts',(481.410270014339,296.364750483392,2.57175827820944E-15));
#3512=CARTESIAN_POINT('Ctrl Pts',(481.66086706505,296.468463407913,2.57175827820944E-15));
#3513=CARTESIAN_POINT('Ctrl Pts',(481.858135303854,296.549459961273,2.57175827820944E-15));
#3514=CARTESIAN_POINT('Ctrl Pts',(482.213388195138,296.693932499901,2.57175827820944E-15));
#3515=CARTESIAN_POINT('Ctrl Pts',(482.391635299175,296.765795187356,2.57175827820944E-15));
#3516=CARTESIAN_POINT('Ctrl Pts',(482.928305731157,296.980335986852,2.57175827820944E-15));
#3517=CARTESIAN_POINT('Ctrl Pts',(483.28865976028,297.121968667583,2.57175827820944E-15));
#3518=CARTESIAN_POINT('Ctrl Pts',(484.377919748084,297.543198764415,2.57175827820944E-15));
#3519=CARTESIAN_POINT('Ctrl Pts',(485.115044083127,297.819149760271,2.57175827820944E-15));
#3520=CARTESIAN_POINT('Ctrl Pts',(487.362248879155,298.63558861653,2.57175827820944E-15));
#3521=CARTESIAN_POINT('Ctrl Pts',(488.908374827675,299.164851579126,2.57175827820944E-15));
#3522=CARTESIAN_POINT('Ctrl Pts',(493.704566387811,300.723154054784,2.57175827820944E-15));
#3523=CARTESIAN_POINT('Ctrl Pts',(497.113911982216,301.723664710538,2.57175827820944E-15));
#3524=CARTESIAN_POINT('Ctrl Pts',(507.996098115793,304.657797256732,2.57175827820944E-15));
#3525=CARTESIAN_POINT('Ctrl Pts',(516.127450315558,306.525270385915,2.57175827820944E-15));
#3526=CARTESIAN_POINT('Ctrl Pts',(542.733260306128,311.870075739008,2.57175827820944E-15));
#3527=CARTESIAN_POINT('Ctrl Pts',(563.414196367725,315.083731695543,2.57175827820944E-15));
#3528=CARTESIAN_POINT('Ctrl Pts',(607.11294452797,320.18988557425,2.57175827820944E-15));
#3529=CARTESIAN_POINT('Ctrl Pts',(630.107174721252,322.076702497147,2.57175827820944E-15));
#3530=CARTESIAN_POINT('Ctrl Pts',(663.52422076151,323.339132832274,2.57175827820944E-15));
#3531=CARTESIAN_POINT('Ctrl Pts',(674.484401911046,323.498309745904,2.57175827820944E-15));
#3532=CARTESIAN_POINT('Ctrl Pts',(690.332957112263,323.262253010966,2.57175827820944E-15));
#3533=CARTESIAN_POINT('Ctrl Pts',(695.517480874509,323.104320316005,2.57175827820944E-15));
#3534=CARTESIAN_POINT('Ctrl Pts',(703.110839353572,322.736078687893,2.57175827820944E-15));
#3535=CARTESIAN_POINT('Ctrl Pts',(705.611429052351,322.591419741553,2.57175827820944E-15));
#3536=CARTESIAN_POINT('Ctrl Pts',(709.312503380561,322.339728240295,2.57175827820944E-15));
#3537=CARTESIAN_POINT('Ctrl Pts',(710.537896995848,322.250044843588,2.57175827820944E-15));
#3538=CARTESIAN_POINT('Ctrl Pts',(712.363077989892,322.106585376925,2.57175827820944E-15));
#3539=CARTESIAN_POINT('Ctrl Pts',(712.969320379191,322.057276292454,2.57175827820944E-15));
#3540=CARTESIAN_POINT('Ctrl Pts',(713.875402039995,321.981044926441,2.57175827820944E-15));
#3541=CARTESIAN_POINT('Ctrl Pts',(714.176882293488,321.955256500033,2.57175827820944E-15));
#3542=CARTESIAN_POINT('Ctrl Pts',(714.778739951318,321.902917881706,2.57175827820944E-15));
#3543=CARTESIAN_POINT('Ctrl Pts',(715.08220738755,321.876090101346,2.57175827820944E-15));
#3544=CARTESIAN_POINT('Ctrl Pts',(715.378938965039,321.849433639491,2.57175827820944E-15));
#3545=CARTESIAN_POINT('Ctrl Pts',(480.518404139945,295.99563528787,-42.));
#3546=CARTESIAN_POINT('Ctrl Pts',(480.682790150544,296.063669398431,-42.));
#3547=CARTESIAN_POINT('Ctrl Pts',(480.847176161158,296.131703508983,-42.));
#3548=CARTESIAN_POINT('Ctrl Pts',(481.093755177071,296.233754674817,-42.));
#3549=CARTESIAN_POINT('Ctrl Pts',(481.175948182373,296.267771730096,-42.));
#3550=CARTESIAN_POINT('Ctrl Pts',(481.340334192981,296.335805840651,-42.));
#3551=CARTESIAN_POINT('Ctrl Pts',(481.410270014339,296.364750483392,-42.));
#3552=CARTESIAN_POINT('Ctrl Pts',(481.66086706505,296.468463407913,-42.));
#3553=CARTESIAN_POINT('Ctrl Pts',(481.858135303854,296.549459961273,-42.));
#3554=CARTESIAN_POINT('Ctrl Pts',(482.213388195138,296.693932499901,-42.));
#3555=CARTESIAN_POINT('Ctrl Pts',(482.391635299175,296.765795187356,-42.));
#3556=CARTESIAN_POINT('Ctrl Pts',(482.928305731157,296.980335986852,-42.));
#3557=CARTESIAN_POINT('Ctrl Pts',(483.28865976028,297.121968667583,-42.));
#3558=CARTESIAN_POINT('Ctrl Pts',(484.377919748084,297.543198764415,-42.));
#3559=CARTESIAN_POINT('Ctrl Pts',(485.115044083127,297.819149760271,-42.));
#3560=CARTESIAN_POINT('Ctrl Pts',(487.362248879155,298.63558861653,-42.));
#3561=CARTESIAN_POINT('Ctrl Pts',(488.908374827675,299.164851579126,-42.));
#3562=CARTESIAN_POINT('Ctrl Pts',(493.704566387811,300.723154054784,-42.));
#3563=CARTESIAN_POINT('Ctrl Pts',(497.113911982216,301.723664710538,-42.));
#3564=CARTESIAN_POINT('Ctrl Pts',(507.996098115793,304.657797256732,-42.));
#3565=CARTESIAN_POINT('Ctrl Pts',(516.127450315558,306.525270385915,-42.));
#3566=CARTESIAN_POINT('Ctrl Pts',(542.733260306128,311.870075739008,-42.));
#3567=CARTESIAN_POINT('Ctrl Pts',(563.414196367725,315.083731695543,-42.));
#3568=CARTESIAN_POINT('Ctrl Pts',(607.11294452797,320.18988557425,-42.));
#3569=CARTESIAN_POINT('Ctrl Pts',(630.107174721252,322.076702497147,-42.));
#3570=CARTESIAN_POINT('Ctrl Pts',(663.52422076151,323.339132832274,-42.));
#3571=CARTESIAN_POINT('Ctrl Pts',(674.484401911046,323.498309745904,-42.));
#3572=CARTESIAN_POINT('Ctrl Pts',(690.332957112263,323.262253010966,-42.));
#3573=CARTESIAN_POINT('Ctrl Pts',(695.517480874509,323.104320316005,-42.));
#3574=CARTESIAN_POINT('Ctrl Pts',(703.110839353572,322.736078687893,-42.));
#3575=CARTESIAN_POINT('Ctrl Pts',(705.611429052351,322.591419741553,-42.));
#3576=CARTESIAN_POINT('Ctrl Pts',(709.312503380561,322.339728240295,-42.));
#3577=CARTESIAN_POINT('Ctrl Pts',(710.537896995848,322.250044843588,-42.));
#3578=CARTESIAN_POINT('Ctrl Pts',(712.363077989892,322.106585376925,-42.));
#3579=CARTESIAN_POINT('Ctrl Pts',(712.969320379191,322.057276292454,-42.));
#3580=CARTESIAN_POINT('Ctrl Pts',(713.875402039994,321.981044926441,-42.));
#3581=CARTESIAN_POINT('Ctrl Pts',(714.176882293488,321.955256500033,-42.));
#3582=CARTESIAN_POINT('Ctrl Pts',(714.778739951318,321.902917881706,-42.));
#3583=CARTESIAN_POINT('Ctrl Pts',(715.08220738755,321.876090101346,-42.));
#3584=CARTESIAN_POINT('Ctrl Pts',(715.378938965039,321.849433639491,-42.));
#3585=CARTESIAN_POINT('Ctrl Pts',(496.57966126981,257.187955385455,-42.));
#3586=CARTESIAN_POINT('Ctrl Pts',(496.744047280409,257.255989496015,-42.));
#3587=CARTESIAN_POINT('Ctrl Pts',(496.908433291023,257.324023606568,-42.));
#3588=CARTESIAN_POINT('Ctrl Pts',(497.155012306936,257.426074772401,-42.));
#3589=CARTESIAN_POINT('Ctrl Pts',(497.237205312238,257.46009182768,-42.));
#3590=CARTESIAN_POINT('Ctrl Pts',(497.401591322846,257.528125938236,-42.));
#3591=CARTESIAN_POINT('Ctrl Pts',(497.4960397807,257.567215373111,-42.));
#3592=CARTESIAN_POINT('Ctrl Pts',(497.681599434876,257.64401194088,-42.));
#3593=CARTESIAN_POINT('Ctrl Pts',(497.758620115234,257.675538688176,-42.));
#3594=CARTESIAN_POINT('Ctrl Pts',(497.95697146959,257.756203263713,-42.));
#3595=CARTESIAN_POINT('Ctrl Pts',(498.058036829849,257.796954335335,-42.));
#3596=CARTESIAN_POINT('Ctrl Pts',(498.366788795691,257.920381842426,-42.));
#3597=CARTESIAN_POINT('Ctrl Pts',(498.580029705564,258.004230738874,-42.));
#3598=CARTESIAN_POINT('Ctrl Pts',(499.241126404417,258.259884879699,-42.));
#3599=CARTESIAN_POINT('Ctrl Pts',(499.710335687278,258.435776051251,-42.));
#3600=CARTESIAN_POINT('Ctrl Pts',(501.197474017139,258.976072831899,-42.));
#3601=CARTESIAN_POINT('Ctrl Pts',(502.294699849607,259.352912474213,-42.));
#3602=CARTESIAN_POINT('Ctrl Pts',(505.866371062312,260.513363223795,-42.));
#3603=CARTESIAN_POINT('Ctrl Pts',(508.619343892478,261.325948600309,-42.));
#3604=CARTESIAN_POINT('Ctrl Pts',(517.786849477145,263.797756762395,-42.));
#3605=CARTESIAN_POINT('Ctrl Pts',(525.105607025148,265.489780920777,-42.));
#3606=CARTESIAN_POINT('Ctrl Pts',(549.593125883752,270.409045619005,-42.));
#3607=CARTESIAN_POINT('Ctrl Pts',(569.298408530037,273.485540608107,-42.));
#3608=CARTESIAN_POINT('Ctrl Pts',(610.97771703698,278.355725035484,-42.));
#3609=CARTESIAN_POINT('Ctrl Pts',(632.975324815922,280.155095478444,-42.));
#3610=CARTESIAN_POINT('Ctrl Pts',(664.468465381198,281.3448444462,-42.));
#3611=CARTESIAN_POINT('Ctrl Pts',(674.715418051943,281.490210342732,-42.));
#3612=CARTESIAN_POINT('Ctrl Pts',(689.279197898113,281.273289728639,-42.));
#3613=CARTESIAN_POINT('Ctrl Pts',(693.999058205312,281.128598044314,-42.));
#3614=CARTESIAN_POINT('Ctrl Pts',(700.818437772669,280.797890697689,-42.));
#3615=CARTESIAN_POINT('Ctrl Pts',(703.048121079651,280.668731250528,-42.));
#3616=CARTESIAN_POINT('Ctrl Pts',(706.319715917962,280.44624649528,-42.));
#3617=CARTESIAN_POINT('Ctrl Pts',(707.398088633355,280.36729636212,-42.));
#3618=CARTESIAN_POINT('Ctrl Pts',(708.996399446743,280.241668921542,-42.));
#3619=CARTESIAN_POINT('Ctrl Pts',(709.525961378088,280.198592935024,-42.));
#3620=CARTESIAN_POINT('Ctrl Pts',(710.315362700617,280.132178235564,-42.));
#3621=CARTESIAN_POINT('Ctrl Pts',(710.577672858603,280.10973989708,-42.));
#3622=CARTESIAN_POINT('Ctrl Pts',(711.100624178368,280.064263115041,-42.));
#3623=CARTESIAN_POINT('Ctrl Pts',(711.344342414931,280.04274491838,-42.));
#3624=CARTESIAN_POINT('Ctrl Pts',(711.621061034961,280.017886292272,-42.));
#3625=CARTESIAN_POINT('Ctrl Pts',(496.57966126981,257.187955385455,0.));
#3626=CARTESIAN_POINT('Ctrl Pts',(496.744047280409,257.255989496015,0.));
#3627=CARTESIAN_POINT('Ctrl Pts',(496.908433291023,257.324023606568,0.));
#3628=CARTESIAN_POINT('Ctrl Pts',(497.155012306936,257.426074772401,0.));
#3629=CARTESIAN_POINT('Ctrl Pts',(497.237205312238,257.46009182768,0.));
#3630=CARTESIAN_POINT('Ctrl Pts',(497.401591322846,257.528125938236,0.));
#3631=CARTESIAN_POINT('Ctrl Pts',(497.4960397807,257.567215373111,0.));
#3632=CARTESIAN_POINT('Ctrl Pts',(497.681599434876,257.64401194088,0.));
#3633=CARTESIAN_POINT('Ctrl Pts',(497.758620115234,257.675538688176,0.));
#3634=CARTESIAN_POINT('Ctrl Pts',(497.95697146959,257.756203263713,0.));
#3635=CARTESIAN_POINT('Ctrl Pts',(498.058036829849,257.796954335335,0.));
#3636=CARTESIAN_POINT('Ctrl Pts',(498.366788795691,257.920381842426,0.));
#3637=CARTESIAN_POINT('Ctrl Pts',(498.580029705564,258.004230738874,0.));
#3638=CARTESIAN_POINT('Ctrl Pts',(499.241126404417,258.259884879699,0.));
#3639=CARTESIAN_POINT('Ctrl Pts',(499.710335687279,258.435776051251,0.));
#3640=CARTESIAN_POINT('Ctrl Pts',(501.197474017139,258.976072831899,0.));
#3641=CARTESIAN_POINT('Ctrl Pts',(502.294699849607,259.352912474213,0.));
#3642=CARTESIAN_POINT('Ctrl Pts',(505.866371062312,260.513363223795,0.));
#3643=CARTESIAN_POINT('Ctrl Pts',(508.619343892478,261.325948600309,0.));
#3644=CARTESIAN_POINT('Ctrl Pts',(517.786849477145,263.797756762395,0.));
#3645=CARTESIAN_POINT('Ctrl Pts',(525.105607025148,265.489780920777,0.));
#3646=CARTESIAN_POINT('Ctrl Pts',(549.593125883752,270.409045619005,0.));
#3647=CARTESIAN_POINT('Ctrl Pts',(569.298408530037,273.485540608107,0.));
#3648=CARTESIAN_POINT('Ctrl Pts',(610.97771703698,278.355725035484,0.));
#3649=CARTESIAN_POINT('Ctrl Pts',(632.975324815922,280.155095478444,0.));
#3650=CARTESIAN_POINT('Ctrl Pts',(664.468465381198,281.3448444462,0.));
#3651=CARTESIAN_POINT('Ctrl Pts',(674.715418051943,281.490210342732,0.));
#3652=CARTESIAN_POINT('Ctrl Pts',(689.279197898113,281.273289728639,0.));
#3653=CARTESIAN_POINT('Ctrl Pts',(693.999058205312,281.128598044314,0.));
#3654=CARTESIAN_POINT('Ctrl Pts',(700.818437772669,280.797890697689,0.));
#3655=CARTESIAN_POINT('Ctrl Pts',(703.048121079651,280.668731250528,0.));
#3656=CARTESIAN_POINT('Ctrl Pts',(706.319715917962,280.44624649528,0.));
#3657=CARTESIAN_POINT('Ctrl Pts',(707.398088633355,280.36729636212,0.));
#3658=CARTESIAN_POINT('Ctrl Pts',(708.996399446743,280.241668921542,0.));
#3659=CARTESIAN_POINT('Ctrl Pts',(709.525961378088,280.198592935024,0.));
#3660=CARTESIAN_POINT('Ctrl Pts',(710.315362700617,280.132178235564,0.));
#3661=CARTESIAN_POINT('Ctrl Pts',(710.577672858603,280.10973989708,0.));
#3662=CARTESIAN_POINT('Ctrl Pts',(711.100624178368,280.064263115041,0.));
#3663=CARTESIAN_POINT('Ctrl Pts',(711.344342414931,280.04274491838,0.));
#3664=CARTESIAN_POINT('Ctrl Pts',(711.621061034961,280.017886292272,0.));
#3665=CARTESIAN_POINT('Ctrl Pts',(457.224941906083,249.458954210344,12.5208317147658));
#3666=CARTESIAN_POINT('Ctrl Pts',(458.408556941063,248.803811875419,11.0477926894992));
#3667=CARTESIAN_POINT('Ctrl Pts',(459.592171976043,248.148669540495,9.57475366423265));
#3668=CARTESIAN_POINT('Ctrl Pts',(460.775787011023,247.49352720557,8.10171463896608));
#3669=CARTESIAN_POINT('Ctrl Pts',(455.771898938443,248.998081431525,11.5582596374269));
#3670=CARTESIAN_POINT('Ctrl Pts',(457.064589895593,248.285977634648,10.1975435542604));
#3671=CARTESIAN_POINT('Ctrl Pts',(458.358064915273,247.573501145491,8.83958996620664));
#3672=CARTESIAN_POINT('Ctrl Pts',(459.650755872423,246.861397348613,7.47887388304021));
#3673=CARTESIAN_POINT('Ctrl Pts',(453.578040329297,248.245722972841,9.70526869985949));
#3674=CARTESIAN_POINT('Ctrl Pts',(455.034592188221,247.449823148636,8.56289314710515));
#3675=CARTESIAN_POINT('Ctrl Pts',(456.491233738982,246.653893057276,7.42225529771689));
#3676=CARTESIAN_POINT('Ctrl Pts',(457.947785597906,245.857993233071,6.27987974496254));
#3677=CARTESIAN_POINT('Ctrl Pts',(451.293931979309,247.408183582676,6.71349289649696));
#3678=CARTESIAN_POINT('Ctrl Pts',(452.91971376089,246.527694477916,5.92363132618201));
#3679=CARTESIAN_POINT('Ctrl Pts',(454.545642581943,245.647134966473,5.13388638557865));
#3680=CARTESIAN_POINT('Ctrl Pts',(456.171424363523,244.766645861712,4.3440248152637));
#3681=CARTESIAN_POINT('Ctrl Pts',(450.311584598335,247.033852064532,4.61662706125274));
#3682=CARTESIAN_POINT('Ctrl Pts',(452.009978705907,246.117598598902,4.07276521244836));
#3683=CARTESIAN_POINT('Ctrl Pts',(453.708274860878,245.201417725949,3.53109112373244));
#3684=CARTESIAN_POINT('Ctrl Pts',(455.40666896845,244.285164260319,2.98722927492806));
#3685=CARTESIAN_POINT('Ctrl Pts',(449.969658969548,246.902481160506,3.47272430945193));
#3686=CARTESIAN_POINT('Ctrl Pts',(451.693250792354,245.973872854635,3.06416850833994));
#3687=CARTESIAN_POINT('Ctrl Pts',(453.416842615161,245.045264548764,2.65561270722795));
#3688=CARTESIAN_POINT('Ctrl Pts',(455.140434437967,244.116656242893,2.24705690611596));
#3689=CARTESIAN_POINT('',(449.969658969548,246.902481160506,3.47272430945198));
#3690=CARTESIAN_POINT('',(455.140434437967,244.116656242893,2.24705690611598));
#3691=CARTESIAN_POINT('',(455.140434437967,244.116656242893,2.24705690611598));
#3692=CARTESIAN_POINT('',(457.224941906083,249.458954210344,12.5208317147658));
#3693=CARTESIAN_POINT('Ctrl Pts',(457.224941906083,249.458954210344,12.5208317147658));
#3694=CARTESIAN_POINT('Ctrl Pts',(455.771898938443,248.998081431525,11.5582596374269));
#3695=CARTESIAN_POINT('Ctrl Pts',(453.578040329297,248.245722972841,9.70526869985949));
#3696=CARTESIAN_POINT('Ctrl Pts',(451.293931979309,247.408183582676,6.71349289649696));
#3697=CARTESIAN_POINT('Ctrl Pts',(450.311584598335,247.033852064532,4.61662706125274));
#3698=CARTESIAN_POINT('Ctrl Pts',(449.969658969548,246.902481160506,3.47272430945193));
#3699=CARTESIAN_POINT('',(460.775787011023,247.49352720557,8.10171463896608));
#3700=CARTESIAN_POINT('',(460.775787011023,247.49352720557,8.10171463896608));
#3701=CARTESIAN_POINT('Ctrl Pts',(460.775787011023,247.49352720557,8.10171463896608));
#3702=CARTESIAN_POINT('Ctrl Pts',(459.650755872423,246.861397348613,7.47887388304022));
#3703=CARTESIAN_POINT('Ctrl Pts',(458.628973707713,246.259354879288,6.75947740019363));
#3704=CARTESIAN_POINT('Ctrl Pts',(457.763482238702,245.737905710351,5.97392753941815));
#3705=CARTESIAN_POINT('Ctrl Pts',(457.186487926028,245.39027293106,5.45022763223449));
#3706=CARTESIAN_POINT('Ctrl Pts',(456.678956144775,245.078459396386,4.89712622374911));
#3707=CARTESIAN_POINT('Ctrl Pts',(456.234001405381,244.802182228701,4.2813766344225));
#3708=CARTESIAN_POINT('Ctrl Pts',(455.789046665987,244.525905061016,3.6656270450959));
#3709=CARTESIAN_POINT('Ctrl Pts',(455.40666896845,244.285164260319,2.98722927492808));
#3710=CARTESIAN_POINT('Ctrl Pts',(455.140434437967,244.116656242893,2.24705690611598));
#3711=CARTESIAN_POINT('Ctrl Pts',(465.010106010197,251.565718377339,16.0016158333222));
#3712=CARTESIAN_POINT('Ctrl Pts',(465.597152357819,251.231939571468,14.1190727941078));
#3713=CARTESIAN_POINT('Ctrl Pts',(466.184198705442,250.898160765598,12.2365297548934));
#3714=CARTESIAN_POINT('Ctrl Pts',(466.771245053065,250.564381959727,10.353986715679));
#3715=CARTESIAN_POINT('Ctrl Pts',(462.172074809035,250.9450245888,15.2266633413244));
#3716=CARTESIAN_POINT('Ctrl Pts',(462.981451759649,250.487820858913,13.4354174700731));
#3717=CARTESIAN_POINT('Ctrl Pts',(463.79058334413,250.030921554703,11.6437927391351));
#3718=CARTESIAN_POINT('Ctrl Pts',(464.599960294744,249.573717824816,9.85254686788376));
#3719=CARTESIAN_POINT('Ctrl Pts',(459.516521377274,250.185603119121,14.0389784948772));
#3720=CARTESIAN_POINT('Ctrl Pts',(460.528070302974,249.62036132579,12.3877406163025));
#3721=CARTESIAN_POINT('Ctrl Pts',(461.538611600616,249.055749827187,10.7352827870258));
#3722=CARTESIAN_POINT('Ctrl Pts',(462.550160526316,248.490508033856,9.08404490845104));
#3723=CARTESIAN_POINT('Ctrl Pts',(457.224941906083,249.458954210344,12.5208317147657));
#3724=CARTESIAN_POINT('Ctrl Pts',(458.408556941063,248.803811875419,11.0477926894992));
#3725=CARTESIAN_POINT('Ctrl Pts',(459.592171976043,248.148669540495,9.57475366423261));
#3726=CARTESIAN_POINT('Ctrl Pts',(460.775787011023,247.49352720557,8.10171463896605));
#3727=CARTESIAN_POINT('',(465.010106010197,251.565718377339,16.0016158333222));
#3728=CARTESIAN_POINT('Ctrl Pts',(465.010106010197,251.565718377339,16.0016158333222));
#3729=CARTESIAN_POINT('Ctrl Pts',(462.172074809035,250.9450245888,15.2266633413244));
#3730=CARTESIAN_POINT('Ctrl Pts',(459.516521377274,250.185603119121,14.0389784948772));
#3731=CARTESIAN_POINT('Ctrl Pts',(457.224941906083,249.458954210344,12.5208317147657));
#3732=CARTESIAN_POINT('',(466.771245053065,250.564381959727,10.353986715679));
#3733=CARTESIAN_POINT('',(466.771245053065,250.564381959727,10.353986715679));
#3734=CARTESIAN_POINT('Ctrl Pts',(466.771245053065,250.564381959727,10.3539867156791));
#3735=CARTESIAN_POINT('Ctrl Pts',(464.599960294744,249.573717824816,9.85254686788378));
#3736=CARTESIAN_POINT('Ctrl Pts',(462.550160526316,248.490508033856,9.08404490845104));
#3737=CARTESIAN_POINT('Ctrl Pts',(460.775787011023,247.49352720557,8.10171463896605));
#3738=CARTESIAN_POINT('Ctrl Pts',(471.027169158891,252.591797723344,16.968668834214));
#3739=CARTESIAN_POINT('Ctrl Pts',(471.13221022302,252.530995863801,14.9723548537182));
#3740=CARTESIAN_POINT('Ctrl Pts',(471.23725128715,252.470194004259,12.9760408732224));
#3741=CARTESIAN_POINT('Ctrl Pts',(471.342292351279,252.409392144717,10.9797268927267));
#3742=CARTESIAN_POINT('Ctrl Pts',(468.948029106683,252.345285689533,16.8667777011108));
#3743=CARTESIAN_POINT('Ctrl Pts',(469.223293349543,252.186308430314,14.8825963397604));
#3744=CARTESIAN_POINT('Ctrl Pts',(469.500265042574,252.026307629393,12.8979786973633));
#3745=CARTESIAN_POINT('Ctrl Pts',(469.775529285434,251.867330370174,10.9137973360129));
#3746=CARTESIAN_POINT('Ctrl Pts',(466.950597043695,251.990268040609,16.5314589622141));
#3747=CARTESIAN_POINT('Ctrl Pts',(467.385051073095,251.741102631026,14.5865726813277));
#3748=CARTESIAN_POINT('Ctrl Pts',(467.821321136087,251.490874805952,12.641712668224));
#3749=CARTESIAN_POINT('Ctrl Pts',(468.255775165486,251.241709396369,10.6968263873377));
#3750=CARTESIAN_POINT('Ctrl Pts',(465.010106010197,251.565718377339,16.0016158333222));
#3751=CARTESIAN_POINT('Ctrl Pts',(465.597152357819,251.231939571468,14.1190727941078));
#3752=CARTESIAN_POINT('Ctrl Pts',(466.184198705442,250.898160765598,12.2365297548934));
#3753=CARTESIAN_POINT('Ctrl Pts',(466.771245053065,250.564381959727,10.3539867156791));
#3754=CARTESIAN_POINT('',(471.027169158891,252.591797723344,16.968668834214));
#3755=CARTESIAN_POINT('Ctrl Pts',(471.027169158891,252.591797723344,16.968668834214));
#3756=CARTESIAN_POINT('Ctrl Pts',(468.948029106683,252.345285689533,16.8667777011108));
#3757=CARTESIAN_POINT('Ctrl Pts',(466.950597043695,251.990268040609,16.5314589622141));
#3758=CARTESIAN_POINT('Ctrl Pts',(465.010106010197,251.565718377339,16.0016158333222));
#3759=CARTESIAN_POINT('',(471.342292351279,252.409392144717,10.9797268927267));
#3760=CARTESIAN_POINT('',(471.342292351279,252.409392144717,10.9797268927267));
#3761=CARTESIAN_POINT('Ctrl Pts',(471.342292351279,252.409392144717,10.9797268927267));
#3762=CARTESIAN_POINT('Ctrl Pts',(469.775529285434,251.867330370174,10.9137973360129));
#3763=CARTESIAN_POINT('Ctrl Pts',(468.255775165486,251.241709396369,10.6968263873377));
#3764=CARTESIAN_POINT('Ctrl Pts',(466.771245053065,250.564381959727,10.3539867156791));
#3765=CARTESIAN_POINT('Ctrl Pts',(478.060762372526,252.930941898147,16.2869104338045));
#3766=CARTESIAN_POINT('Ctrl Pts',(477.566753683618,253.221611743211,14.3708033239451));
#3767=CARTESIAN_POINT('Ctrl Pts',(477.07274499471,253.512281588276,12.4546962140858));
#3768=CARTESIAN_POINT('Ctrl Pts',(476.578736305802,253.80295143334,10.5385891042264));
#3769=CARTESIAN_POINT('Ctrl Pts',(475.699024062167,252.994724548706,16.9054869910864));
#3770=CARTESIAN_POINT('Ctrl Pts',(475.414231560512,253.160917553048,14.9167316847125));
#3771=CARTESIAN_POINT('Ctrl Pts',(475.129037419053,253.327398640468,12.9275998300184));
#3772=CARTESIAN_POINT('Ctrl Pts',(474.844244917398,253.49359164481,10.9388445236445));
#3773=CARTESIAN_POINT('Ctrl Pts',(473.309693096523,252.862409222088,17.0805275213512));
#3774=CARTESIAN_POINT('Ctrl Pts',(473.227343866434,252.909685586107,15.0711639742839));
#3775=CARTESIAN_POINT('Ctrl Pts',(473.144674073529,252.957205035289,13.0614695902945));
#3776=CARTESIAN_POINT('Ctrl Pts',(473.06232484344,253.004481399308,11.0521060432272));
#3777=CARTESIAN_POINT('Ctrl Pts',(471.027169158891,252.591797723344,16.9686688342139));
#3778=CARTESIAN_POINT('Ctrl Pts',(471.13221022302,252.530995863802,14.9723548537182));
#3779=CARTESIAN_POINT('Ctrl Pts',(471.23725128715,252.470194004259,12.9760408732224));
#3780=CARTESIAN_POINT('Ctrl Pts',(471.342292351279,252.409392144717,10.9797268927267));
#3781=CARTESIAN_POINT('',(478.060762372526,252.930941898147,16.2869104338045));
#3782=CARTESIAN_POINT('Ctrl Pts',(478.060762372526,252.930941898147,16.2869104338045));
#3783=CARTESIAN_POINT('Ctrl Pts',(475.699024062167,252.994724548706,16.9054869910864));
#3784=CARTESIAN_POINT('Ctrl Pts',(473.309693096523,252.862409222088,17.0805275213512));
#3785=CARTESIAN_POINT('Ctrl Pts',(471.027169158891,252.591797723344,16.9686688342139));
#3786=CARTESIAN_POINT('',(476.578736305802,253.80295143334,10.5385891042264));
#3787=CARTESIAN_POINT('',(476.578736305802,253.80295143334,10.5385891042264));
#3788=CARTESIAN_POINT('Ctrl Pts',(476.578736305802,253.80295143334,10.5385891042264));
#3789=CARTESIAN_POINT('Ctrl Pts',(474.844244917398,253.49359164481,10.9388445236445));
#3790=CARTESIAN_POINT('Ctrl Pts',(473.06232484344,253.004481399308,11.0521060432272));
#3791=CARTESIAN_POINT('Ctrl Pts',(471.342292351279,252.409392144717,10.9797268927267));
#3792=CARTESIAN_POINT('Ctrl Pts',(490.804112856123,250.638526633823,-9.72914715804186E-15));
#3793=CARTESIAN_POINT('Ctrl Pts',(489.088278496408,251.666102640755,-5.28335649535065E-15));
#3794=CARTESIAN_POINT('Ctrl Pts',(487.372444136694,252.693678647687,-8.37565832659446E-16));
#3795=CARTESIAN_POINT('Ctrl Pts',(485.656609776979,253.721254654619,3.60822483003176E-15));
#3796=CARTESIAN_POINT('Ctrl Pts',(490.804112856123,250.638526633823,1.08550361840213));
#3797=CARTESIAN_POINT('Ctrl Pts',(489.088427768625,251.666008203786,0.95808847929832));
#3798=CARTESIAN_POINT('Ctrl Pts',(487.372294864477,252.693773084655,0.829799823940489));
#3799=CARTESIAN_POINT('Ctrl Pts',(485.656609776979,253.721254654619,0.702384684836677));
#3800=CARTESIAN_POINT('Ctrl Pts',(490.504492418379,250.73802535426,4.3365410130676));
#3801=CARTESIAN_POINT('Ctrl Pts',(488.819667476338,251.746783161491,3.82602141744584));
#3802=CARTESIAN_POINT('Ctrl Pts',(487.134803118474,252.755558767262,3.31651668411462));
#3803=CARTESIAN_POINT('Ctrl Pts',(485.449978176433,253.764316574493,2.80599708849286));
#3804=CARTESIAN_POINT('Ctrl Pts',(488.900084336551,251.262569252462,8.39774106498162));
#3805=CARTESIAN_POINT('Ctrl Pts',(487.380558333687,252.170947294022,7.41011029198198));
#3806=CARTESIAN_POINT('Ctrl Pts',(485.861651623893,253.07895496873,6.4214631610916));
#3807=CARTESIAN_POINT('Ctrl Pts',(484.34212562103,253.98733301029,5.43383238809196));
#3808=CARTESIAN_POINT('Ctrl Pts',(486.296642370659,251.922925049281,11.6843057314687));
#3809=CARTESIAN_POINT('Ctrl Pts',(485.036398460035,252.674138956682,10.3095045550903));
#3810=CARTESIAN_POINT('Ctrl Pts',(483.775799629335,253.425571933178,8.93523423741585));
#3811=CARTESIAN_POINT('Ctrl Pts',(482.51555571871,254.17678584058,7.56043306103743));
#3812=CARTESIAN_POINT('Ctrl Pts',(483.977302910732,252.384804489647,13.6733420145182));
#3813=CARTESIAN_POINT('Ctrl Pts',(482.941058608693,253.000563863913,12.0648879793333));
#3814=CARTESIAN_POINT('Ctrl Pts',(481.905706521163,253.615790710568,10.4559105956314));
#3815=CARTESIAN_POINT('Ctrl Pts',(480.869462219124,254.231550084833,8.84745656044654));
#3816=CARTESIAN_POINT('Ctrl Pts',(481.26632768373,252.759686658329,15.2442069815998));
#3817=CARTESIAN_POINT('Ctrl Pts',(480.484596864362,253.222150163983,13.4507456991657));
#3818=CARTESIAN_POINT('Ctrl Pts',(479.702937901893,253.684571971985,11.6573599097365));
#3819=CARTESIAN_POINT('Ctrl Pts',(478.921207082524,254.147035477638,9.86389862730243));
#3820=CARTESIAN_POINT('Ctrl Pts',(479.167733562154,252.901046265739,15.9969771925841));
#3821=CARTESIAN_POINT('Ctrl Pts',(478.575286838906,253.250276815716,14.1151328533538));
#3822=CARTESIAN_POINT('Ctrl Pts',(477.984157113161,253.598721021398,12.2328295814905));
#3823=CARTESIAN_POINT('Ctrl Pts',(477.391710389913,253.947951571376,10.3509852422601));
#3824=CARTESIAN_POINT('Ctrl Pts',(478.060762372526,252.930941898147,16.2869104338045));
#3825=CARTESIAN_POINT('Ctrl Pts',(477.566753683618,253.221611743211,14.3708033239451));
#3826=CARTESIAN_POINT('Ctrl Pts',(477.07274499471,253.512281588276,12.4546962140858));
#3827=CARTESIAN_POINT('Ctrl Pts',(476.578736305802,253.80295143334,10.5385891042264));
#3828=CARTESIAN_POINT('',(490.804112856123,250.638526633823,1.66250950917667E-14));
#3829=CARTESIAN_POINT('Ctrl Pts',(490.804112856123,250.638526633823,-9.72914715804186E-15));
#3830=CARTESIAN_POINT('Ctrl Pts',(490.804112856123,250.638526633823,1.08550361840213));
#3831=CARTESIAN_POINT('Ctrl Pts',(490.504492418379,250.73802535426,4.3365410130676));
#3832=CARTESIAN_POINT('Ctrl Pts',(488.900084336551,251.262569252462,8.39774106498162));
#3833=CARTESIAN_POINT('Ctrl Pts',(486.296642370659,251.922925049281,11.6843057314687));
#3834=CARTESIAN_POINT('Ctrl Pts',(483.977302910732,252.384804489647,13.6733420145182));
#3835=CARTESIAN_POINT('Ctrl Pts',(481.26632768373,252.759686658329,15.2442069815998));
#3836=CARTESIAN_POINT('Ctrl Pts',(479.167733562154,252.901046265739,15.9969771925841));
#3837=CARTESIAN_POINT('Ctrl Pts',(478.060762372526,252.930941898147,16.2869104338045));
#3838=CARTESIAN_POINT('',(485.656609776979,253.721254654619,0.));
#3839=CARTESIAN_POINT('',(485.656609776979,253.721254654619,0.));
#3840=CARTESIAN_POINT('Ctrl Pts',(485.656609776979,253.721254654619,8.26484474332615E-15));
#3841=CARTESIAN_POINT('Ctrl Pts',(485.656609776979,253.721254654619,0.70238468483668));
#3842=CARTESIAN_POINT('Ctrl Pts',(485.587732576797,253.73560862791,1.40358881938874));
#3843=CARTESIAN_POINT('Ctrl Pts',(485.449493397059,253.763762646421,2.09004451739004));
#3844=CARTESIAN_POINT('Ctrl Pts',(485.173015037582,253.820070683442,3.46295591339264));
#3845=CARTESIAN_POINT('Ctrl Pts',(484.619088759881,253.931578901341,4.77687356319219));
#3846=CARTESIAN_POINT('Ctrl Pts',(483.825590033207,254.031899250737,5.9237130041072));
#3847=CARTESIAN_POINT('Ctrl Pts',(483.42884066987,254.082059425435,6.4971327245647));
#3848=CARTESIAN_POINT('Ctrl Pts',(482.97219819429,254.129422633007,7.02878289280107));
#3849=CARTESIAN_POINT('Ctrl Pts',(482.469528039902,254.162231610836,7.50911189348744));
#3850=CARTESIAN_POINT('Ctrl Pts',(481.966857885515,254.195040588664,7.98944089417381));
#3851=CARTESIAN_POINT('Ctrl Pts',(481.418160052319,254.213295336749,8.41844872731018));
#3852=CARTESIAN_POINT('Ctrl Pts',(480.819101946288,254.208336942925,8.80235965502101));
#3853=CARTESIAN_POINT('Ctrl Pts',(480.220043840257,254.203378549102,9.18627058273185));
#3854=CARTESIAN_POINT('Ctrl Pts',(479.57062546139,254.17520701337,9.52508460501715));
#3855=CARTESIAN_POINT('Ctrl Pts',(478.863542098804,254.111350268939,9.81626326989922));
#3856=CARTESIAN_POINT('Ctrl Pts',(478.156458736219,254.047493524507,10.1074419347813));
#3857=CARTESIAN_POINT('Ctrl Pts',(477.391710389913,253.947951571376,10.3509852422602));
#3858=CARTESIAN_POINT('Ctrl Pts',(476.578736305802,253.80295143334,10.5385891042264));
#3859=CARTESIAN_POINT('Ctrl Pts',(412.702567616491,161.02348906235,-1.39899857303539E-11));
#3860=CARTESIAN_POINT('Ctrl Pts',(414.601588798565,160.396019102883,-1.23425779999635E-11));
#3861=CARTESIAN_POINT('Ctrl Pts',(416.500609980639,159.768549143416,-1.06951702695731E-11));
#3862=CARTESIAN_POINT('Ctrl Pts',(418.399631162714,159.141079183949,-9.04776253918271E-12));
#3863=CARTESIAN_POINT('Ctrl Pts',(412.702567616489,161.02348906235,1.47642776593706));
#3864=CARTESIAN_POINT('Ctrl Pts',(414.601503068982,160.396040823376,1.30269988199634));
#3865=CARTESIAN_POINT('Ctrl Pts',(416.50069571022,159.768527422922,1.12906017028869));
#3866=CARTESIAN_POINT('Ctrl Pts',(418.399631162713,159.141079183949,0.955332286347971));
#3867=CARTESIAN_POINT('Ctrl Pts',(412.981484927393,161.053459739308,3.41347501400391));
#3868=CARTESIAN_POINT('Ctrl Pts',(414.851871470752,160.435002216864,3.011733699051));
#3869=CARTESIAN_POINT('Ctrl Pts',(416.722144637093,159.816555788843,2.61045284020955));
#3870=CARTESIAN_POINT('Ctrl Pts',(418.592531180451,159.198098266399,2.20871152525665));
#3871=CARTESIAN_POINT('Ctrl Pts',(414.228136835816,161.186958603522,7.09936305842106));
#3872=CARTESIAN_POINT('Ctrl Pts',(415.970347976589,160.608990160761,6.26413679567643));
#3873=CARTESIAN_POINT('Ctrl Pts',(417.712774711871,160.030998640428,5.42891903102972));
#3874=CARTESIAN_POINT('Ctrl Pts',(419.454985852643,159.453030197666,4.59369276828508));
#3875=CARTESIAN_POINT('Ctrl Pts',(416.50988662122,161.430355990741,10.7876867990329));
#3876=CARTESIAN_POINT('Ctrl Pts',(418.018099268052,160.926796128288,9.51852087167117));
#3877=CARTESIAN_POINT('Ctrl Pts',(419.525871526807,160.423353818971,8.24942112803358));
#3878=CARTESIAN_POINT('Ctrl Pts',(421.034084173639,159.919793956519,6.9802552006719));
#3879=CARTESIAN_POINT('Ctrl Pts',(422.265967751209,162.036415054243,15.5510960846208));
#3880=CARTESIAN_POINT('Ctrl Pts',(423.184907561477,161.723727521119,13.7217061586493));
#3881=CARTESIAN_POINT('Ctrl Pts',(424.103326818003,161.411343507772,11.8918618716049));
#3882=CARTESIAN_POINT('Ctrl Pts',(425.02226662827,161.098655974647,10.0624719456334));
#3883=CARTESIAN_POINT('Ctrl Pts',(431.14975535525,162.947852661287,17.9185501817941));
#3884=CARTESIAN_POINT('Ctrl Pts',(431.163482809899,162.939412586457,15.8104080779617));
#3885=CARTESIAN_POINT('Ctrl Pts',(431.177882231993,162.930684686921,13.7024991543351));
#3886=CARTESIAN_POINT('Ctrl Pts',(431.191609686642,162.92224461209,11.5943570505027));
#3887=CARTESIAN_POINT('Ctrl Pts',(438.243862320934,163.643796009817,16.1364656888362));
#3888=CARTESIAN_POINT('Ctrl Pts',(437.542842487718,163.890141556604,14.2382569560773));
#3889=CARTESIAN_POINT('Ctrl Pts',(436.838483272922,164.137837981849,12.3394512373007));
#3890=CARTESIAN_POINT('Ctrl Pts',(436.137463439706,164.384183528635,10.4412425045418));
#3891=CARTESIAN_POINT('Ctrl Pts',(441.369028315929,163.944757973711,14.3149375570157));
#3892=CARTESIAN_POINT('Ctrl Pts',(440.352617694178,164.306257548602,12.6308272561903));
#3893=CARTESIAN_POINT('Ctrl Pts',(439.336207072428,164.667757123492,10.946716955365));
#3894=CARTESIAN_POINT('Ctrl Pts',(438.319796450677,165.029256698383,9.26260665453957));
#3895=CARTESIAN_POINT('',(441.369028315929,163.944757973711,14.3149375570157));
#3896=CARTESIAN_POINT('',(438.319796450677,165.029256698383,9.26260665453957));
#3897=CARTESIAN_POINT('',(438.319796450677,165.029256698383,9.26260665453957));
#3898=CARTESIAN_POINT('',(412.702567616491,161.02348906235,-1.69273548643903E-15));
#3899=CARTESIAN_POINT('Ctrl Pts',(412.702567616491,161.02348906235,-1.39899857303539E-11));
#3900=CARTESIAN_POINT('Ctrl Pts',(412.702567616489,161.02348906235,1.47642776593706));
#3901=CARTESIAN_POINT('Ctrl Pts',(412.981484927393,161.053459739308,3.41347501400391));
#3902=CARTESIAN_POINT('Ctrl Pts',(414.228136835816,161.186958603522,7.09936305842106));
#3903=CARTESIAN_POINT('Ctrl Pts',(416.50988662122,161.430355990741,10.7876867990329));
#3904=CARTESIAN_POINT('Ctrl Pts',(422.265967751209,162.036415054243,15.5510960846208));
#3905=CARTESIAN_POINT('Ctrl Pts',(431.14975535525,162.947852661287,17.9185501817941));
#3906=CARTESIAN_POINT('Ctrl Pts',(438.243862320934,163.643796009817,16.1364656888362));
#3907=CARTESIAN_POINT('Ctrl Pts',(441.369028315929,163.944757973711,14.3149375570157));
#3908=CARTESIAN_POINT('',(418.399631162714,159.141079183949,1.34711147906209E-15));
#3909=CARTESIAN_POINT('',(418.399631162714,159.141079183949,1.34711147906209E-15));
#3910=CARTESIAN_POINT('Ctrl Pts',(418.399631162714,159.141079183949,-9.04776253918271E-12));
#3911=CARTESIAN_POINT('Ctrl Pts',(418.399631162713,159.141079183949,0.955332286347971));
#3912=CARTESIAN_POINT('Ctrl Pts',(418.592531180451,159.198098266399,2.20871152525665));
#3913=CARTESIAN_POINT('Ctrl Pts',(419.454985852643,159.453030197666,4.59369276828508));
#3914=CARTESIAN_POINT('Ctrl Pts',(421.034084173639,159.919793956519,6.9802552006719));
#3915=CARTESIAN_POINT('Ctrl Pts',(425.02226662827,161.098655974647,10.0624719456334));
#3916=CARTESIAN_POINT('Ctrl Pts',(431.191609686642,162.92224461209,11.5943570505027));
#3917=CARTESIAN_POINT('Ctrl Pts',(436.137463439706,164.384183528635,10.4412425045418));
#3918=CARTESIAN_POINT('Ctrl Pts',(438.319796450677,165.029256698383,9.26260665453957));
#3919=CARTESIAN_POINT('Ctrl Pts',(471.027169158891,252.591797723344,-16.9686688342139));
#3920=CARTESIAN_POINT('Ctrl Pts',(471.13221022302,252.530995863801,-14.9723548537182));
#3921=CARTESIAN_POINT('Ctrl Pts',(471.237251287149,252.470194004259,-12.9760408732224));
#3922=CARTESIAN_POINT('Ctrl Pts',(471.342292351279,252.409392144717,-10.9797268927267));
#3923=CARTESIAN_POINT('Ctrl Pts',(473.309655222513,252.862404731821,-17.0805256652756));
#3924=CARTESIAN_POINT('Ctrl Pts',(473.22730909363,252.909679304462,-15.0711623682745));
#3925=CARTESIAN_POINT('Ctrl Pts',(473.144642431756,252.957196952328,-13.0614681392383));
#3926=CARTESIAN_POINT('Ctrl Pts',(473.062296302873,253.004471524968,-11.0521048422372));
#3927=CARTESIAN_POINT('Ctrl Pts',(475.698988602321,252.994725506357,-16.90549627858));
#3928=CARTESIAN_POINT('Ctrl Pts',(475.414199239149,253.160916640922,-14.9167399247642));
#3929=CARTESIAN_POINT('Ctrl Pts',(475.129008238396,253.327395865425,-12.9276068870151));
#3930=CARTESIAN_POINT('Ctrl Pts',(474.844218875224,253.49358699999,-10.9388505331992));
#3931=CARTESIAN_POINT('Ctrl Pts',(478.060762372526,252.930941898147,-16.2869104338044));
#3932=CARTESIAN_POINT('Ctrl Pts',(477.566753683618,253.221611743211,-14.370803323945));
#3933=CARTESIAN_POINT('Ctrl Pts',(477.07274499471,253.512281588276,-12.4546962140857));
#3934=CARTESIAN_POINT('Ctrl Pts',(476.578736305802,253.80295143334,-10.5385891042264));
#3935=CARTESIAN_POINT('',(478.060762372526,252.930941898147,-16.2869104338044));
#3936=CARTESIAN_POINT('',(476.578736305802,253.80295143334,-10.5385891042264));
#3937=CARTESIAN_POINT('',(476.578736305802,253.80295143334,-10.5385891042264));
#3938=CARTESIAN_POINT('',(471.027169158891,252.591797723344,-16.9686688342139));
#3939=CARTESIAN_POINT('Ctrl Pts',(471.027169158891,252.591797723344,-16.9686688342139));
#3940=CARTESIAN_POINT('Ctrl Pts',(473.309655222513,252.862404731821,-17.0805256652756));
#3941=CARTESIAN_POINT('Ctrl Pts',(475.698988602321,252.994725506357,-16.90549627858));
#3942=CARTESIAN_POINT('Ctrl Pts',(478.060762372526,252.930941898147,-16.2869104338044));
#3943=CARTESIAN_POINT('',(471.342292351279,252.409392144717,-10.9797268927267));
#3944=CARTESIAN_POINT('',(471.342292351279,252.409392144717,-10.9797268927267));
#3945=CARTESIAN_POINT('Ctrl Pts',(471.342292351279,252.409392144717,-10.9797268927267));
#3946=CARTESIAN_POINT('Ctrl Pts',(473.062293330288,253.004470496527,-11.0521047171505));
#3947=CARTESIAN_POINT('Ctrl Pts',(474.844219045426,253.493587030347,-10.9388504939231));
#3948=CARTESIAN_POINT('Ctrl Pts',(476.578736305802,253.80295143334,-10.5385891042264));
#3949=CARTESIAN_POINT('Ctrl Pts',(465.010106010196,251.565718377339,-16.0016158333221));
#3950=CARTESIAN_POINT('Ctrl Pts',(465.597152357819,251.231939571468,-14.1190727941077));
#3951=CARTESIAN_POINT('Ctrl Pts',(466.184198705442,250.898160765598,-12.2365297548934));
#3952=CARTESIAN_POINT('Ctrl Pts',(466.771245053065,250.564381959727,-10.353986715679));
#3953=CARTESIAN_POINT('Ctrl Pts',(466.950603825671,251.990269524401,-16.5314608140048));
#3954=CARTESIAN_POINT('Ctrl Pts',(467.385059933182,251.741102892161,-14.5865743235899));
#3955=CARTESIAN_POINT('Ctrl Pts',(467.821324246377,251.490878395854,-12.6417140759701));
#3956=CARTESIAN_POINT('Ctrl Pts',(468.255780353888,251.241711763614,-10.6968275855552));
#3957=CARTESIAN_POINT('Ctrl Pts',(468.948107339571,252.34529496517,-16.8667815350216));
#3958=CARTESIAN_POINT('Ctrl Pts',(469.223359761959,252.186324465811,-14.8825983643222));
#3959=CARTESIAN_POINT('Ctrl Pts',(469.500335816457,252.026321265974,-12.897982987478));
#3960=CARTESIAN_POINT('Ctrl Pts',(469.775588238845,251.867350766615,-10.9137998167787));
#3961=CARTESIAN_POINT('Ctrl Pts',(471.027169158891,252.591797723344,-16.9686688342139));
#3962=CARTESIAN_POINT('Ctrl Pts',(471.13221022302,252.530995863801,-14.9723548537182));
#3963=CARTESIAN_POINT('Ctrl Pts',(471.237251287149,252.470194004259,-12.9760408732224));
#3964=CARTESIAN_POINT('Ctrl Pts',(471.342292351279,252.409392144717,-10.9797268927267));
#3965=CARTESIAN_POINT('',(465.010106010196,251.565718377339,-16.0016158333221));
#3966=CARTESIAN_POINT('Ctrl Pts',(465.010106010196,251.565718377339,-16.0016158333221));
#3967=CARTESIAN_POINT('Ctrl Pts',(466.950603825671,251.990269524401,-16.5314608140048));
#3968=CARTESIAN_POINT('Ctrl Pts',(468.948107339571,252.34529496517,-16.8667815350216));
#3969=CARTESIAN_POINT('Ctrl Pts',(471.027169158891,252.591797723344,-16.9686688342139));
#3970=CARTESIAN_POINT('',(466.771245053065,250.564381959727,-10.353986715679));
#3971=CARTESIAN_POINT('',(466.771245053065,250.564381959727,-10.353986715679));
#3972=CARTESIAN_POINT('Ctrl Pts',(466.771245053065,250.564381959727,-10.353986715679));
#3973=CARTESIAN_POINT('Ctrl Pts',(468.255780353888,251.241711763614,-10.6968275855552));
#3974=CARTESIAN_POINT('Ctrl Pts',(469.775588238845,251.867350766615,-10.9137998167787));
#3975=CARTESIAN_POINT('Ctrl Pts',(471.342292351279,252.409392144717,-10.9797268927267));
#3976=CARTESIAN_POINT('Ctrl Pts',(457.224941906083,249.458954210344,-12.5208317147657));
#3977=CARTESIAN_POINT('Ctrl Pts',(458.408556941063,248.80381187542,-11.0477926894992));
#3978=CARTESIAN_POINT('Ctrl Pts',(459.592171976043,248.148669540495,-9.57475366423266));
#3979=CARTESIAN_POINT('Ctrl Pts',(460.775787011023,247.49352720557,-8.10171463896611));
#3980=CARTESIAN_POINT('Ctrl Pts',(459.516530509414,250.185606014879,-14.038984544822));
#3981=CARTESIAN_POINT('Ctrl Pts',(460.528080227128,249.620363849909,-12.3877481950745));
#3982=CARTESIAN_POINT('Ctrl Pts',(461.538617879632,249.05575417188,-10.7352851728687));
#3983=CARTESIAN_POINT('Ctrl Pts',(462.550167597346,248.49051200691,-9.08404882312125));
#3984=CARTESIAN_POINT('Ctrl Pts',(462.171995019585,250.945007138388,-15.2266415540261));
#3985=CARTESIAN_POINT('Ctrl Pts',(462.981380309547,250.487798856429,-13.435400213761));
#3986=CARTESIAN_POINT('Ctrl Pts',(463.790513960487,250.03089825488,-11.6437741104852));
#3987=CARTESIAN_POINT('Ctrl Pts',(464.599899250449,249.573689972921,-9.8525327702201));
#3988=CARTESIAN_POINT('Ctrl Pts',(465.010106010197,251.565718377338,-16.0016158333222));
#3989=CARTESIAN_POINT('Ctrl Pts',(465.597152357819,251.231939571468,-14.1190727941078));
#3990=CARTESIAN_POINT('Ctrl Pts',(466.184198705442,250.898160765598,-12.2365297548934));
#3991=CARTESIAN_POINT('Ctrl Pts',(466.771245053065,250.564381959727,-10.353986715679));
#3992=CARTESIAN_POINT('',(457.224941906083,249.458954210344,-12.5208317147657));
#3993=CARTESIAN_POINT('Ctrl Pts',(457.224941906083,249.458954210344,-12.5208317147657));
#3994=CARTESIAN_POINT('Ctrl Pts',(459.516530509414,250.185606014879,-14.038984544822));
#3995=CARTESIAN_POINT('Ctrl Pts',(462.171995019585,250.945007138388,-15.2266415540261));
#3996=CARTESIAN_POINT('Ctrl Pts',(465.010106010197,251.565718377338,-16.0016158333222));
#3997=CARTESIAN_POINT('',(460.775787011023,247.49352720557,-8.10171463896611));
#3998=CARTESIAN_POINT('',(460.775787011023,247.49352720557,-8.10171463896611));
#3999=CARTESIAN_POINT('Ctrl Pts',(460.775787011023,247.49352720557,-8.10171463896611));
#4000=CARTESIAN_POINT('Ctrl Pts',(462.550167597346,248.49051200691,-9.08404882312125));
#4001=CARTESIAN_POINT('Ctrl Pts',(464.599899250449,249.573689972921,-9.8525327702201));
#4002=CARTESIAN_POINT('Ctrl Pts',(466.771245053065,250.564381959727,-10.353986715679));
#4003=CARTESIAN_POINT('Ctrl Pts',(449.969658969548,246.902481160506,-3.47272430945157));
#4004=CARTESIAN_POINT('Ctrl Pts',(451.693250792354,245.973872854635,-3.06416850833962));
#4005=CARTESIAN_POINT('Ctrl Pts',(453.416842615161,245.045264548764,-2.65561270722767));
#4006=CARTESIAN_POINT('Ctrl Pts',(455.140434437967,244.116656242893,-2.24705690611572));
#4007=CARTESIAN_POINT('Ctrl Pts',(450.140635048884,246.96817170903,-4.04472006284997));
#4008=CARTESIAN_POINT('Ctrl Pts',(451.852136582428,246.045492408246,-3.56985385872848));
#4009=CARTESIAN_POINT('Ctrl Pts',(453.562060498184,245.123596089628,-3.0920380094949));
#4010=CARTESIAN_POINT('Ctrl Pts',(455.273562031729,244.200916788844,-2.61717180537341));
#4011=CARTESIAN_POINT('Ctrl Pts',(450.776164315868,247.211205994506,-5.70599696712345));
#4012=CARTESIAN_POINT('Ctrl Pts',(452.439967725712,246.311979711633,-5.03419966619859));
#4013=CARTESIAN_POINT('Ctrl Pts',(454.104546638043,245.412368457337,-4.36391298552884));
#4014=CARTESIAN_POINT('Ctrl Pts',(455.768350047886,244.513142174464,-3.69211568460398));
#4015=CARTESIAN_POINT('Ctrl Pts',(452.21122163961,247.748752450737,-8.04291632476829));
#4016=CARTESIAN_POINT('Ctrl Pts',(453.769319748457,246.901937881846,-7.09699231470593));
#4017=CARTESIAN_POINT('Ctrl Pts',(455.326942119006,246.055359762525,-6.15016398385768));
#4018=CARTESIAN_POINT('Ctrl Pts',(456.885040227854,245.208545193634,-5.20423997379533));
#4019=CARTESIAN_POINT('Ctrl Pts',(454.43736834302,248.54440625035,-10.4656292720112));
#4020=CARTESIAN_POINT('Ctrl Pts',(455.830034774302,247.781048710605,-9.23452990243513));
#4021=CARTESIAN_POINT('Ctrl Pts',(457.222439330282,247.017822707805,-8.00297713223024));
#4022=CARTESIAN_POINT('Ctrl Pts',(458.615105761564,246.25446516806,-6.77187776265417));
#4023=CARTESIAN_POINT('Ctrl Pts',(456.25632915678,249.151731878099,-11.8791716902537));
#4024=CARTESIAN_POINT('Ctrl Pts',(457.512422019112,248.458737759676,-10.480887540805));
#4025=CARTESIAN_POINT('Ctrl Pts',(458.769737314325,247.765137337216,-9.08480700784772));
#4026=CARTESIAN_POINT('Ctrl Pts',(460.025830176656,247.072143218792,-7.68652285839902));
#4027=CARTESIAN_POINT('Ctrl Pts',(457.224941906083,249.458954210344,-12.5208317147657));
#4028=CARTESIAN_POINT('Ctrl Pts',(458.408556941063,248.80381187542,-11.0477926894991));
#4029=CARTESIAN_POINT('Ctrl Pts',(459.592171976043,248.148669540495,-9.57475366423259));
#4030=CARTESIAN_POINT('Ctrl Pts',(460.775787011023,247.49352720557,-8.10171463896604));
#4031=CARTESIAN_POINT('',(449.969658969548,246.902481160506,-3.47272430945157));
#4032=CARTESIAN_POINT('Ctrl Pts',(449.969658969548,246.902481160506,-3.47272430945157));
#4033=CARTESIAN_POINT('Ctrl Pts',(450.140635048884,246.96817170903,-4.04472006284997));
#4034=CARTESIAN_POINT('Ctrl Pts',(450.776164315868,247.211205994506,-5.70599696712345));
#4035=CARTESIAN_POINT('Ctrl Pts',(452.21122163961,247.748752450737,-8.04291632476829));
#4036=CARTESIAN_POINT('Ctrl Pts',(454.43736834302,248.54440625035,-10.4656292720112));
#4037=CARTESIAN_POINT('Ctrl Pts',(456.25632915678,249.151731878099,-11.8791716902537));
#4038=CARTESIAN_POINT('Ctrl Pts',(457.224941906083,249.458954210344,-12.5208317147657));
#4039=CARTESIAN_POINT('',(455.140434437967,244.116656242893,-2.24705690611572));
#4040=CARTESIAN_POINT('',(455.140434437967,244.116656242893,-2.24705690611572));
#4041=CARTESIAN_POINT('Ctrl Pts',(455.140434437967,244.116656242893,-2.24705690611572));
#4042=CARTESIAN_POINT('Ctrl Pts',(455.273562031729,244.200916788844,-2.61717180537341));
#4043=CARTESIAN_POINT('Ctrl Pts',(455.768350047886,244.513142174464,-3.69211568460398));
#4044=CARTESIAN_POINT('Ctrl Pts',(456.885040227854,245.208545193634,-5.20423997379533));
#4045=CARTESIAN_POINT('Ctrl Pts',(458.615105761564,246.25446516806,-6.77187776265417));
#4046=CARTESIAN_POINT('Ctrl Pts',(460.025830176656,247.072143218792,-7.68652285839902));
#4047=CARTESIAN_POINT('Ctrl Pts',(460.775787011023,247.49352720557,-8.10171463896604));
#4048=CARTESIAN_POINT('Ctrl Pts',(449.455709899665,246.703976039449,1.38777878078145E-16));
#4049=CARTESIAN_POINT('Ctrl Pts',(451.217208878507,245.756811139584,1.38777878078145E-16));
#4050=CARTESIAN_POINT('Ctrl Pts',(452.97870785735,244.809646239719,1.38777878078145E-16));
#4051=CARTESIAN_POINT('Ctrl Pts',(454.740206836192,243.862481339854,1.38777878078145E-16));
#4052=CARTESIAN_POINT('Ctrl Pts',(449.455709899665,246.703976039449,-1.1941683885656));
#4053=CARTESIAN_POINT('Ctrl Pts',(451.217313897747,245.756762307156,-1.05396316990126));
#4054=CARTESIAN_POINT('Ctrl Pts',(452.97860283811,244.809695072147,-0.912902411194547));
#4055=CARTESIAN_POINT('Ctrl Pts',(454.740206836192,243.862481339854,-0.772697192530211));
#4056=CARTESIAN_POINT('Ctrl Pts',(449.641379131213,246.776353120289,-2.37447310857246));
#4057=CARTESIAN_POINT('Ctrl Pts',(451.389232875162,245.835843012857,-2.09474474589836));
#4058=CARTESIAN_POINT('Ctrl Pts',(453.13697120942,244.895383251015,-1.81615213880943));
#4059=CARTESIAN_POINT('Ctrl Pts',(454.884824953369,243.954873143582,-1.53642377613533));
#4060=CARTESIAN_POINT('Ctrl Pts',(449.969658969548,246.902481160506,-3.47272430945151));
#4061=CARTESIAN_POINT('Ctrl Pts',(451.693250792354,245.973872854635,-3.06416850833958));
#4062=CARTESIAN_POINT('Ctrl Pts',(453.416842615161,245.045264548764,-2.65561270722765));
#4063=CARTESIAN_POINT('Ctrl Pts',(455.140434437967,244.116656242893,-2.24705690611572));
#4064=CARTESIAN_POINT('',(449.455709899665,246.703976039449,1.34711147906209E-15));
#4065=CARTESIAN_POINT('Ctrl Pts',(449.455709899665,246.703976039449,1.38777878078145E-16));
#4066=CARTESIAN_POINT('Ctrl Pts',(449.455709899665,246.703976039449,-1.1941683885656));
#4067=CARTESIAN_POINT('Ctrl Pts',(449.641379131213,246.776353120289,-2.37447310857246));
#4068=CARTESIAN_POINT('Ctrl Pts',(449.969658969548,246.902481160506,-3.47272430945151));
#4069=CARTESIAN_POINT('',(454.740206836192,243.862481339854,1.34711147906209E-15));
#4070=CARTESIAN_POINT('',(454.740206836192,243.862481339854,1.34711147906209E-15));
#4071=CARTESIAN_POINT('Ctrl Pts',(454.740206836192,243.862481339854,1.38777878078145E-16));
#4072=CARTESIAN_POINT('Ctrl Pts',(454.740206836192,243.862481339854,-0.772697192530211));
#4073=CARTESIAN_POINT('Ctrl Pts',(454.884824953369,243.954873143582,-1.53642377613533));
#4074=CARTESIAN_POINT('Ctrl Pts',(455.140434437967,244.116656242893,-2.24705690611572));
#4075=CARTESIAN_POINT('Ctrl Pts',(449.983423227787,164.759359743127,1.39054712643137E-11));
#4076=CARTESIAN_POINT('Ctrl Pts',(448.103880046576,165.442965938215,1.22785559800164E-11));
#4077=CARTESIAN_POINT('Ctrl Pts',(446.224336865365,166.126572133303,1.06516406957191E-11));
#4078=CARTESIAN_POINT('Ctrl Pts',(444.344793684154,166.810178328391,9.02472541142174E-12));
#4079=CARTESIAN_POINT('Ctrl Pts',(449.983423227789,164.759359743127,-1.73513953994703));
#4080=CARTESIAN_POINT('Ctrl Pts',(448.103580268923,165.443081876974,-1.53196737282835));
#4081=CARTESIAN_POINT('Ctrl Pts',(446.224636643022,166.126456194545,-1.32590941326144));
#4082=CARTESIAN_POINT('Ctrl Pts',(444.344793684155,166.810178328392,-1.12273724614276));
#4083=CARTESIAN_POINT('Ctrl Pts',(449.54234520032,164.718477652445,-4.29826191427495));
#4084=CARTESIAN_POINT('Ctrl Pts',(447.706948804446,165.385212169755,-3.79240488218656));
#4085=CARTESIAN_POINT('Ctrl Pts',(445.871168643754,166.052100539264,-3.28708507733174));
#4086=CARTESIAN_POINT('Ctrl Pts',(444.03577224788,166.718835056574,-2.78122804524335));
#4087=CARTESIAN_POINT('Ctrl Pts',(447.156411905931,164.495984575132,-9.76703611504613));
#4088=CARTESIAN_POINT('Ctrl Pts',(445.559025553423,165.072420285451,-8.61858478529877));
#4089=CARTESIAN_POINT('Ctrl Pts',(443.962418734824,165.648547374312,-7.46829800660783));
#4090=CARTESIAN_POINT('Ctrl Pts',(442.365032382317,166.224983084632,-6.31984667686048));
#4091=CARTESIAN_POINT('Ctrl Pts',(444.124420989173,164.210112677504,-12.7089354048781));
#4092=CARTESIAN_POINT('Ctrl Pts',(442.831584798883,164.672449865166,-11.212586245636));
#4093=CARTESIAN_POINT('Ctrl Pts',(441.536748690054,165.135666641661,-9.7197779506332));
#4094=CARTESIAN_POINT('Ctrl Pts',(440.243912499764,165.598003829323,-8.22342879139101));
#4095=CARTESIAN_POINT('Ctrl Pts',(441.369028315929,163.944757973711,-14.3149375570159));
#4096=CARTESIAN_POINT('Ctrl Pts',(440.352617694178,164.306257548602,-12.6308272561905));
#4097=CARTESIAN_POINT('Ctrl Pts',(439.336207072427,164.667757123492,-10.9467169553651));
#4098=CARTESIAN_POINT('Ctrl Pts',(438.319796450677,165.029256698383,-9.26260665453968));
#4099=CARTESIAN_POINT('',(441.369028315929,163.944757973711,-14.314937557016));
#4100=CARTESIAN_POINT('',(438.319796450677,165.029256698383,-9.26260665453975));
#4101=CARTESIAN_POINT('',(438.319796450677,165.029256698383,-9.26260665453975));
#4102=CARTESIAN_POINT('',(449.983423227788,164.759359743127,-1.48995006264076E-14));
#4103=CARTESIAN_POINT('Ctrl Pts',(449.983423227788,164.759359743127,1.39449563008043E-11));
#4104=CARTESIAN_POINT('Ctrl Pts',(449.98342322779,164.759359743127,-3.28439034110863));
#4105=CARTESIAN_POINT('Ctrl Pts',(448.89323932236,164.658591878297,-6.47938434478255));
#4106=CARTESIAN_POINT('Ctrl Pts',(447.103304479197,164.490362876238,-9.06124340906197));
#4107=CARTESIAN_POINT('Ctrl Pts',(445.583567696232,164.347528737126,-11.253360179906));
#4108=CARTESIAN_POINT('Ctrl Pts',(443.583168001863,164.157987974002,-13.0244089382555));
#4109=CARTESIAN_POINT('Ctrl Pts',(441.369028315929,163.944757973711,-14.3149375570159));
#4110=CARTESIAN_POINT('',(444.344793684155,166.810178328391,0.));
#4111=CARTESIAN_POINT('',(444.344793684155,166.810178328391,0.));
#4112=CARTESIAN_POINT('Ctrl Pts',(444.344793684154,166.810178328391,9.02472541142174E-12));
#4113=CARTESIAN_POINT('Ctrl Pts',(444.344793684155,166.810178328392,-1.12273724614276));
#4114=CARTESIAN_POINT('Ctrl Pts',(444.03577224788,166.718835056574,-2.78122804524335));
#4115=CARTESIAN_POINT('Ctrl Pts',(442.365032382317,166.224983084632,-6.31984667686048));
#4116=CARTESIAN_POINT('Ctrl Pts',(440.243912499764,165.598003829323,-8.22342879139101));
#4117=CARTESIAN_POINT('Ctrl Pts',(438.319796450677,165.029256698383,-9.26260665453968));
#4118=CARTESIAN_POINT('Ctrl Pts',(487.213298461486,256.306681618669,0.));
#4119=CARTESIAN_POINT('Ctrl Pts',(485.90928185764,254.152150284025,0.));
#4120=CARTESIAN_POINT('Ctrl Pts',(484.618210519554,251.991761072917,0.));
#4121=CARTESIAN_POINT('Ctrl Pts',(482.704379590044,248.739104754029,0.));
#4122=CARTESIAN_POINT('Ctrl Pts',(482.070231365416,247.652873799112,0.));
#4123=CARTESIAN_POINT('Ctrl Pts',(480.810078346075,245.475838176902,0.));
#4124=CARTESIAN_POINT('Ctrl Pts',(480.178462049034,244.375164034019,0.));
#4125=CARTESIAN_POINT('Ctrl Pts',(478.662212563806,241.708401774793,0.));
#4126=CARTESIAN_POINT('Ctrl Pts',(477.786157145442,240.146594162587,0.));
#4127=CARTESIAN_POINT('Ctrl Pts',(476.033336737864,236.979855459438,0.));
#4128=CARTESIAN_POINT('Ctrl Pts',(475.16477184843,235.389346543856,0.));
#4129=CARTESIAN_POINT('Ctrl Pts',(472.582908661481,230.597144871462,0.));
#4130=CARTESIAN_POINT('Ctrl Pts',(470.893442385276,227.374776970563,0.));
#4131=CARTESIAN_POINT('Ctrl Pts',(465.922715518852,217.63093131574,0.));
#4132=CARTESIAN_POINT('Ctrl Pts',(462.739134901503,211.032708716537,0.));
#4133=CARTESIAN_POINT('Ctrl Pts',(453.597559399739,190.978847335369,0.));
#4134=CARTESIAN_POINT('Ctrl Pts',(448.048845723025,177.263976753633,0.));
#4135=CARTESIAN_POINT('Ctrl Pts',(433.182953534843,135.466276918699,0.));
#4136=CARTESIAN_POINT('Ctrl Pts',(425.648003272735,106.729721728688,0.));
#4137=CARTESIAN_POINT('Ctrl Pts',(420.848038197366,78.1527739463858,0.));
#4138=CARTESIAN_POINT('Ctrl Pts',(420.743826829013,77.5323438422093,0.));
#4139=CARTESIAN_POINT('Ctrl Pts',(420.63961546066,76.9119137380329,0.));
#4140=CARTESIAN_POINT('Ctrl Pts',(420.535404092306,76.2914836338564,0.));
#4141=CARTESIAN_POINT('Ctrl Pts',(487.213298461486,256.306681618669,22.));
#4142=CARTESIAN_POINT('Ctrl Pts',(485.90928185764,254.152150284025,22.));
#4143=CARTESIAN_POINT('Ctrl Pts',(484.618210519554,251.991761072917,22.));
#4144=CARTESIAN_POINT('Ctrl Pts',(482.704379590044,248.739104754029,22.));
#4145=CARTESIAN_POINT('Ctrl Pts',(482.070231365416,247.652873799112,22.));
#4146=CARTESIAN_POINT('Ctrl Pts',(480.810078346075,245.475838176902,22.));
#4147=CARTESIAN_POINT('Ctrl Pts',(480.178462049034,244.375164034019,22.));
#4148=CARTESIAN_POINT('Ctrl Pts',(478.662212563806,241.708401774793,22.));
#4149=CARTESIAN_POINT('Ctrl Pts',(477.786157145442,240.146594162587,22.));
#4150=CARTESIAN_POINT('Ctrl Pts',(476.033336737864,236.979855459438,22.));
#4151=CARTESIAN_POINT('Ctrl Pts',(475.16477184843,235.389346543856,22.));
#4152=CARTESIAN_POINT('Ctrl Pts',(472.582908661481,230.597144871462,22.));
#4153=CARTESIAN_POINT('Ctrl Pts',(470.893442385276,227.374776970563,22.));
#4154=CARTESIAN_POINT('Ctrl Pts',(465.922715518852,217.63093131574,22.));
#4155=CARTESIAN_POINT('Ctrl Pts',(462.739134901503,211.032708716537,22.));
#4156=CARTESIAN_POINT('Ctrl Pts',(453.597559399739,190.978847335369,22.));
#4157=CARTESIAN_POINT('Ctrl Pts',(448.048845723025,177.263976753633,22.));
#4158=CARTESIAN_POINT('Ctrl Pts',(433.182953534843,135.466276918699,22.));
#4159=CARTESIAN_POINT('Ctrl Pts',(425.648003272735,106.729721728688,22.));
#4160=CARTESIAN_POINT('Ctrl Pts',(420.848038197366,78.1527739463858,22.));
#4161=CARTESIAN_POINT('Ctrl Pts',(420.743826829013,77.5323438422093,22.));
#4162=CARTESIAN_POINT('Ctrl Pts',(420.63961546066,76.9119137380329,22.));
#4163=CARTESIAN_POINT('Ctrl Pts',(420.535404092307,76.2914836338564,22.));
#4164=CARTESIAN_POINT('Ctrl Pts',(468.392134833831,267.698073092104,22.));
#4165=CARTESIAN_POINT('Ctrl Pts',(467.045583400394,265.473264567099,22.));
#4166=CARTESIAN_POINT('Ctrl Pts',(465.707687356873,263.234631136436,22.));
#4167=CARTESIAN_POINT('Ctrl Pts',(463.717737022258,259.852605885036,22.));
#4168=CARTESIAN_POINT('Ctrl Pts',(463.057236459734,258.721251715143,22.));
#4169=CARTESIAN_POINT('Ctrl Pts',(461.742526644635,256.449963977618,22.));
#4170=CARTESIAN_POINT('Ctrl Pts',(461.082443308275,255.299699070353,22.));
#4171=CARTESIAN_POINT('Ctrl Pts',(459.495284875028,252.508222964227,22.));
#4172=CARTESIAN_POINT('Ctrl Pts',(458.578511331796,250.873818375237,22.));
#4173=CARTESIAN_POINT('Ctrl Pts',(456.744673598218,247.560709456065,22.));
#4174=CARTESIAN_POINT('Ctrl Pts',(455.836192768857,245.897101367398,22.));
#4175=CARTESIAN_POINT('Ctrl Pts',(453.136298885289,240.885822671371,22.));
#4176=CARTESIAN_POINT('Ctrl Pts',(451.370433895977,237.517697849213,22.));
#4177=CARTESIAN_POINT('Ctrl Pts',(446.17692753045,227.337149653106,22.));
#4178=CARTESIAN_POINT('Ctrl Pts',(442.853366755003,220.448555447282,22.));
#4179=CARTESIAN_POINT('Ctrl Pts',(433.314482175947,199.523117698897,22.));
#4180=CARTESIAN_POINT('Ctrl Pts',(427.530841264209,185.226657249895,22.));
#4181=CARTESIAN_POINT('Ctrl Pts',(412.034900677215,141.657481236611,22.));
#4182=CARTESIAN_POINT('Ctrl Pts',(404.17560373891,111.705608857236,22.));
#4183=CARTESIAN_POINT('Ctrl Pts',(399.151961802634,81.7969842962333,22.));
#4184=CARTESIAN_POINT('Ctrl Pts',(399.042894217334,81.1476423443385,22.));
#4185=CARTESIAN_POINT('Ctrl Pts',(398.933826632033,80.4983003924437,22.));
#4186=CARTESIAN_POINT('Ctrl Pts',(398.824759046733,79.8489584405488,22.));
#4187=CARTESIAN_POINT('Ctrl Pts',(468.392134833831,267.698073092104,1.34711147906209E-15));
#4188=CARTESIAN_POINT('Ctrl Pts',(467.045583400394,265.473264567099,1.34711147906209E-15));
#4189=CARTESIAN_POINT('Ctrl Pts',(465.707687356873,263.234631136436,1.34711147906209E-15));
#4190=CARTESIAN_POINT('Ctrl Pts',(463.717737022258,259.852605885036,1.34711147906209E-15));
#4191=CARTESIAN_POINT('Ctrl Pts',(463.057236459734,258.721251715143,1.34711147906209E-15));
#4192=CARTESIAN_POINT('Ctrl Pts',(461.742526644635,256.449963977618,1.34711147906209E-15));
#4193=CARTESIAN_POINT('Ctrl Pts',(461.082443308275,255.299699070353,1.34711147906209E-15));
#4194=CARTESIAN_POINT('Ctrl Pts',(459.495284875028,252.508222964227,1.34711147906209E-15));
#4195=CARTESIAN_POINT('Ctrl Pts',(458.578511331796,250.873818375237,1.34711147906209E-15));
#4196=CARTESIAN_POINT('Ctrl Pts',(456.744673598218,247.560709456065,1.34711147906209E-15));
#4197=CARTESIAN_POINT('Ctrl Pts',(455.836192768857,245.897101367398,1.34711147906209E-15));
#4198=CARTESIAN_POINT('Ctrl Pts',(453.136298885289,240.885822671371,1.34711147906209E-15));
#4199=CARTESIAN_POINT('Ctrl Pts',(451.370433895977,237.517697849213,1.34711147906209E-15));
#4200=CARTESIAN_POINT('Ctrl Pts',(446.17692753045,227.337149653106,1.34711147906209E-15));
#4201=CARTESIAN_POINT('Ctrl Pts',(442.853366755003,220.448555447282,1.34711147906209E-15));
#4202=CARTESIAN_POINT('Ctrl Pts',(433.314482175947,199.523117698897,1.34711147906209E-15));
#4203=CARTESIAN_POINT('Ctrl Pts',(427.530841264209,185.226657249895,1.34711147906209E-15));
#4204=CARTESIAN_POINT('Ctrl Pts',(412.034900677215,141.657481236611,1.34711147906209E-15));
#4205=CARTESIAN_POINT('Ctrl Pts',(404.17560373891,111.705608857236,1.34711147906209E-15));
#4206=CARTESIAN_POINT('Ctrl Pts',(399.151961802634,81.7969842962333,1.34711147906209E-15));
#4207=CARTESIAN_POINT('Ctrl Pts',(399.042894217334,81.1476423443385,1.34711147906209E-15));
#4208=CARTESIAN_POINT('Ctrl Pts',(398.933826632033,80.4983003924437,1.34711147906209E-15));
#4209=CARTESIAN_POINT('Ctrl Pts',(398.824759046733,79.8489584405488,1.34711147906209E-15));
#4210=CARTESIAN_POINT('Ctrl Pts',(468.392134833831,267.698073092104,-22.));
#4211=CARTESIAN_POINT('Ctrl Pts',(467.045583400394,265.473264567099,-22.));
#4212=CARTESIAN_POINT('Ctrl Pts',(465.707687356873,263.234631136436,-22.));
#4213=CARTESIAN_POINT('Ctrl Pts',(463.717737022258,259.852605885036,-22.));
#4214=CARTESIAN_POINT('Ctrl Pts',(463.057236459734,258.721251715143,-22.));
#4215=CARTESIAN_POINT('Ctrl Pts',(461.742526644635,256.449963977618,-22.));
#4216=CARTESIAN_POINT('Ctrl Pts',(461.082443308275,255.299699070353,-22.));
#4217=CARTESIAN_POINT('Ctrl Pts',(459.495284875028,252.508222964227,-22.));
#4218=CARTESIAN_POINT('Ctrl Pts',(458.578511331796,250.873818375237,-22.));
#4219=CARTESIAN_POINT('Ctrl Pts',(456.744673598218,247.560709456065,-22.));
#4220=CARTESIAN_POINT('Ctrl Pts',(455.836192768857,245.897101367398,-22.));
#4221=CARTESIAN_POINT('Ctrl Pts',(453.136298885289,240.885822671371,-22.));
#4222=CARTESIAN_POINT('Ctrl Pts',(451.370433895977,237.517697849213,-22.));
#4223=CARTESIAN_POINT('Ctrl Pts',(446.17692753045,227.337149653106,-22.));
#4224=CARTESIAN_POINT('Ctrl Pts',(442.853366755003,220.448555447282,-22.));
#4225=CARTESIAN_POINT('Ctrl Pts',(433.314482175947,199.523117698897,-22.));
#4226=CARTESIAN_POINT('Ctrl Pts',(427.530841264209,185.226657249895,-22.));
#4227=CARTESIAN_POINT('Ctrl Pts',(412.034900677215,141.657481236611,-22.));
#4228=CARTESIAN_POINT('Ctrl Pts',(404.17560373891,111.705608857236,-22.));
#4229=CARTESIAN_POINT('Ctrl Pts',(399.151961802634,81.7969842962333,-22.));
#4230=CARTESIAN_POINT('Ctrl Pts',(399.042894217334,81.1476423443385,-22.));
#4231=CARTESIAN_POINT('Ctrl Pts',(398.933826632033,80.4983003924437,-22.));
#4232=CARTESIAN_POINT('Ctrl Pts',(398.824759046733,79.8489584405488,-22.));
#4233=CARTESIAN_POINT('Ctrl Pts',(487.213298461486,256.306681618669,-22.));
#4234=CARTESIAN_POINT('Ctrl Pts',(485.90928185764,254.152150284025,-22.));
#4235=CARTESIAN_POINT('Ctrl Pts',(484.618210519554,251.991761072917,-22.));
#4236=CARTESIAN_POINT('Ctrl Pts',(482.704379590044,248.739104754029,-22.));
#4237=CARTESIAN_POINT('Ctrl Pts',(482.070231365416,247.652873799112,-22.));
#4238=CARTESIAN_POINT('Ctrl Pts',(480.810078346075,245.475838176902,-22.));
#4239=CARTESIAN_POINT('Ctrl Pts',(480.178462049034,244.375164034019,-22.));
#4240=CARTESIAN_POINT('Ctrl Pts',(478.662212563806,241.708401774793,-22.));
#4241=CARTESIAN_POINT('Ctrl Pts',(477.786157145442,240.146594162587,-22.));
#4242=CARTESIAN_POINT('Ctrl Pts',(476.033336737864,236.979855459438,-22.));
#4243=CARTESIAN_POINT('Ctrl Pts',(475.16477184843,235.389346543856,-22.));
#4244=CARTESIAN_POINT('Ctrl Pts',(472.582908661481,230.597144871462,-22.));
#4245=CARTESIAN_POINT('Ctrl Pts',(470.893442385276,227.374776970563,-22.));
#4246=CARTESIAN_POINT('Ctrl Pts',(465.922715518852,217.63093131574,-22.));
#4247=CARTESIAN_POINT('Ctrl Pts',(462.739134901503,211.032708716537,-22.));
#4248=CARTESIAN_POINT('Ctrl Pts',(453.597559399739,190.978847335369,-22.));
#4249=CARTESIAN_POINT('Ctrl Pts',(448.048845723025,177.263976753633,-22.));
#4250=CARTESIAN_POINT('Ctrl Pts',(433.182953534843,135.466276918699,-22.));
#4251=CARTESIAN_POINT('Ctrl Pts',(425.648003272735,106.729721728688,-22.));
#4252=CARTESIAN_POINT('Ctrl Pts',(420.848038197366,78.1527739463858,-22.));
#4253=CARTESIAN_POINT('Ctrl Pts',(420.743826829013,77.5323438422093,-22.));
#4254=CARTESIAN_POINT('Ctrl Pts',(420.63961546066,76.9119137380329,-22.));
#4255=CARTESIAN_POINT('Ctrl Pts',(420.535404092307,76.2914836338564,-22.));
#4256=CARTESIAN_POINT('Ctrl Pts',(487.213298461486,256.306681618669,0.));
#4257=CARTESIAN_POINT('Ctrl Pts',(485.90928185764,254.152150284025,0.));
#4258=CARTESIAN_POINT('Ctrl Pts',(484.618210519554,251.991761072917,0.));
#4259=CARTESIAN_POINT('Ctrl Pts',(482.704379590044,248.739104754029,0.));
#4260=CARTESIAN_POINT('Ctrl Pts',(482.070231365416,247.652873799112,0.));
#4261=CARTESIAN_POINT('Ctrl Pts',(480.810078346075,245.475838176902,0.));
#4262=CARTESIAN_POINT('Ctrl Pts',(480.178462049034,244.375164034019,0.));
#4263=CARTESIAN_POINT('Ctrl Pts',(478.662212563806,241.708401774793,0.));
#4264=CARTESIAN_POINT('Ctrl Pts',(477.786157145442,240.146594162587,0.));
#4265=CARTESIAN_POINT('Ctrl Pts',(476.033336737864,236.979855459438,0.));
#4266=CARTESIAN_POINT('Ctrl Pts',(475.16477184843,235.389346543856,0.));
#4267=CARTESIAN_POINT('Ctrl Pts',(472.582908661481,230.597144871462,0.));
#4268=CARTESIAN_POINT('Ctrl Pts',(470.893442385276,227.374776970563,0.));
#4269=CARTESIAN_POINT('Ctrl Pts',(465.922715518852,217.63093131574,0.));
#4270=CARTESIAN_POINT('Ctrl Pts',(462.739134901503,211.032708716537,0.));
#4271=CARTESIAN_POINT('Ctrl Pts',(453.597559399739,190.978847335369,0.));
#4272=CARTESIAN_POINT('Ctrl Pts',(448.048845723025,177.263976753633,0.));
#4273=CARTESIAN_POINT('Ctrl Pts',(433.182953534843,135.466276918699,0.));
#4274=CARTESIAN_POINT('Ctrl Pts',(425.648003272735,106.729721728688,0.));
#4275=CARTESIAN_POINT('Ctrl Pts',(420.848038197366,78.1527739463858,0.));
#4276=CARTESIAN_POINT('Ctrl Pts',(420.743826829013,77.5323438422093,0.));
#4277=CARTESIAN_POINT('Ctrl Pts',(420.63961546066,76.9119137380329,0.));
#4278=CARTESIAN_POINT('Ctrl Pts',(420.535404092306,76.2914836338564,0.));
#4279=CARTESIAN_POINT('Ctrl Pts',(485.656609776979,253.721254654619,0.));
#4280=CARTESIAN_POINT('Ctrl Pts',(484.880029457987,252.424529949666,0.));
#4281=CARTESIAN_POINT('Ctrl Pts',(484.108439048638,251.125377647665,0.));
#4282=CARTESIAN_POINT('Ctrl Pts',(482.704379590044,248.739104754029,0.));
#4283=CARTESIAN_POINT('Ctrl Pts',(482.070231365416,247.652873799112,0.));
#4284=CARTESIAN_POINT('Ctrl Pts',(480.810078346075,245.475838176902,0.));
#4285=CARTESIAN_POINT('Ctrl Pts',(480.178462049034,244.375164034019,0.));
#4286=CARTESIAN_POINT('Ctrl Pts',(478.662212563806,241.708401774793,0.));
#4287=CARTESIAN_POINT('Ctrl Pts',(477.786157145442,240.146594162587,0.));
#4288=CARTESIAN_POINT('Ctrl Pts',(476.033336737864,236.979855459438,0.));
#4289=CARTESIAN_POINT('Ctrl Pts',(475.16477184843,235.389346543856,0.));
#4290=CARTESIAN_POINT('Ctrl Pts',(472.582908661481,230.597144871462,0.));
#4291=CARTESIAN_POINT('Ctrl Pts',(470.893442385276,227.374776970563,0.));
#4292=CARTESIAN_POINT('Ctrl Pts',(465.922715518852,217.63093131574,0.));
#4293=CARTESIAN_POINT('Ctrl Pts',(462.739134901503,211.032708716537,0.));
#4294=CARTESIAN_POINT('Ctrl Pts',(454.105459193656,192.093026402292,0.));
#4295=CARTESIAN_POINT('Ctrl Pts',(448.977484026036,179.547543210846,0.));
#4296=CARTESIAN_POINT('Ctrl Pts',(444.344793684155,166.810178328391,0.));
#4297=CARTESIAN_POINT('Ctrl Pts',(476.578736305802,253.80295143334,-10.5385891042264));
#4298=CARTESIAN_POINT('Ctrl Pts',(477.3916490848,253.947940637141,-10.350999389176));
#4299=CARTESIAN_POINT('Ctrl Pts',(478.157082988223,254.047526115205,-10.10761145048));
#4300=CARTESIAN_POINT('Ctrl Pts',(478.864183926634,254.11148351859,-9.81636327166495));
#4301=CARTESIAN_POINT('Ctrl Pts',(479.571284865045,254.175440921976,-9.52511509284994));
#4302=CARTESIAN_POINT('Ctrl Pts',(480.220052838445,254.203770250682,-9.18600667391598));
#4303=CARTESIAN_POINT('Ctrl Pts',(480.819369598427,254.208721407935,-8.80237330960899));
#4304=CARTESIAN_POINT('Ctrl Pts',(481.418686358409,254.213672565188,-8.41873994530201));
#4305=CARTESIAN_POINT('Ctrl Pts',(481.968551904973,254.195245550986,-7.99058163562199));
#4306=CARTESIAN_POINT('Ctrl Pts',(482.47068833103,254.162613878072,-7.51006228186482));
#4307=CARTESIAN_POINT('Ctrl Pts',(483.474961183145,254.097350532243,-6.54902357435049));
#4308=CARTESIAN_POINT('Ctrl Pts',(484.288317553233,253.975268551561,-5.37854069052753));
#4309=CARTESIAN_POINT('Ctrl Pts',(484.833729701691,253.881244582155,-4.09246851084316));
#4310=CARTESIAN_POINT('Ctrl Pts',(485.37914185015,253.787220612749,-2.80639633115879));
#4311=CARTESIAN_POINT('Ctrl Pts',(485.656609776979,253.721254654619,-1.40473485561301));
#4312=CARTESIAN_POINT('Ctrl Pts',(485.656609776979,253.721254654619,3.33066907387547E-15));
#4313=CARTESIAN_POINT('Ctrl Pts',(454.740206836192,243.862481339854,1.34711147906209E-15));
#4314=CARTESIAN_POINT('Ctrl Pts',(453.00804875832,240.641083792499,1.34711147906209E-15));
#4315=CARTESIAN_POINT('Ctrl Pts',(451.307546336184,237.394422784478,1.34711147906209E-15));
#4316=CARTESIAN_POINT('Ctrl Pts',(446.17692753045,227.337149653106,1.34711147906209E-15));
#4317=CARTESIAN_POINT('Ctrl Pts',(442.853366755003,220.448555447282,1.34711147906209E-15));
#4318=CARTESIAN_POINT('Ctrl Pts',(433.314482175947,199.523117698897,1.34711147906209E-15));
#4319=CARTESIAN_POINT('Ctrl Pts',(427.530841264209,185.226657249895,1.34711147906209E-15));
#4320=CARTESIAN_POINT('Ctrl Pts',(421.000109124315,166.864518049548,1.34711147906209E-15));
#4321=CARTESIAN_POINT('Ctrl Pts',(419.677863195647,163.009614513048,1.34711147906209E-15));
#4322=CARTESIAN_POINT('Ctrl Pts',(418.399631162714,159.141079183949,1.34711147906209E-15));
#4323=CARTESIAN_POINT('Ctrl Pts',(438.319796450677,165.029256698383,-9.26260665453975));
#4324=CARTESIAN_POINT('Ctrl Pts',(436.138776084038,164.384571531582,-10.4405335707269));
#4325=CARTESIAN_POINT('Ctrl Pts',(432.422494124024,163.286080251117,-11.3028681079491));
#4326=CARTESIAN_POINT('Ctrl Pts',(426.278063145118,161.469855345049,-10.5238321549906));
#4327=CARTESIAN_POINT('Ctrl Pts',(422.610639095298,160.385805915044,-8.52043154477854));
#4328=CARTESIAN_POINT('Ctrl Pts',(420.165133904063,159.662941999494,-5.6661338525308));
#4329=CARTESIAN_POINT('Ctrl Pts',(418.866980282957,159.27922234398,-3.49603227910122));
#4330=CARTESIAN_POINT('Ctrl Pts',(418.399631162712,159.141079183949,-1.2736607099157));
#4331=CARTESIAN_POINT('Ctrl Pts',(418.399631162714,159.141079183949,9.06302810577131E-12));
#4332=CARTESIAN_POINT('Ctrl Pts',(487.213298461486,256.306681618669,0.));
#4333=CARTESIAN_POINT('Ctrl Pts',(485.90928185764,254.152150284025,0.));
#4334=CARTESIAN_POINT('Ctrl Pts',(484.618210519554,251.991761072917,0.));
#4335=CARTESIAN_POINT('Ctrl Pts',(482.704379590044,248.739104754029,0.));
#4336=CARTESIAN_POINT('Ctrl Pts',(482.070231365416,247.652873799112,0.));
#4337=CARTESIAN_POINT('Ctrl Pts',(480.810078346075,245.475838176902,0.));
#4338=CARTESIAN_POINT('Ctrl Pts',(480.178462049034,244.375164034019,0.));
#4339=CARTESIAN_POINT('Ctrl Pts',(478.662212563806,241.708401774793,0.));
#4340=CARTESIAN_POINT('Ctrl Pts',(477.786157145442,240.146594162587,0.));
#4341=CARTESIAN_POINT('Ctrl Pts',(476.033336737864,236.979855459438,0.));
#4342=CARTESIAN_POINT('Ctrl Pts',(475.16477184843,235.389346543856,0.));
#4343=CARTESIAN_POINT('Ctrl Pts',(472.582908661481,230.597144871462,0.));
#4344=CARTESIAN_POINT('Ctrl Pts',(470.893442385276,227.374776970563,0.));
#4345=CARTESIAN_POINT('Ctrl Pts',(465.922715518852,217.63093131574,0.));
#4346=CARTESIAN_POINT('Ctrl Pts',(462.739134901503,211.032708716537,0.));
#4347=CARTESIAN_POINT('Ctrl Pts',(453.597559399739,190.978847335369,0.));
#4348=CARTESIAN_POINT('Ctrl Pts',(448.048845723025,177.263976753633,0.));
#4349=CARTESIAN_POINT('Ctrl Pts',(433.182953534843,135.466276918699,0.));
#4350=CARTESIAN_POINT('Ctrl Pts',(425.648003272735,106.729721728688,0.));
#4351=CARTESIAN_POINT('Ctrl Pts',(420.848038197366,78.1527739463858,0.));
#4352=CARTESIAN_POINT('Ctrl Pts',(420.743826829013,77.5323438422093,0.));
#4353=CARTESIAN_POINT('Ctrl Pts',(420.63961546066,76.9119137380329,0.));
#4354=CARTESIAN_POINT('Ctrl Pts',(420.535404092306,76.2914836338564,0.));
#4355=CARTESIAN_POINT('Ctrl Pts',(487.213298461486,256.306681618669,22.));
#4356=CARTESIAN_POINT('Ctrl Pts',(485.90928185764,254.152150284025,22.));
#4357=CARTESIAN_POINT('Ctrl Pts',(484.618210519554,251.991761072917,22.));
#4358=CARTESIAN_POINT('Ctrl Pts',(482.704379590044,248.739104754029,22.));
#4359=CARTESIAN_POINT('Ctrl Pts',(482.070231365416,247.652873799112,22.));
#4360=CARTESIAN_POINT('Ctrl Pts',(480.810078346075,245.475838176902,22.));
#4361=CARTESIAN_POINT('Ctrl Pts',(480.178462049034,244.375164034019,22.));
#4362=CARTESIAN_POINT('Ctrl Pts',(478.662212563806,241.708401774793,22.));
#4363=CARTESIAN_POINT('Ctrl Pts',(477.786157145442,240.146594162587,22.));
#4364=CARTESIAN_POINT('Ctrl Pts',(476.033336737864,236.979855459438,22.));
#4365=CARTESIAN_POINT('Ctrl Pts',(475.16477184843,235.389346543856,22.));
#4366=CARTESIAN_POINT('Ctrl Pts',(472.582908661481,230.597144871462,22.));
#4367=CARTESIAN_POINT('Ctrl Pts',(470.893442385276,227.374776970563,22.));
#4368=CARTESIAN_POINT('Ctrl Pts',(465.922715518852,217.63093131574,22.));
#4369=CARTESIAN_POINT('Ctrl Pts',(462.739134901503,211.032708716537,22.));
#4370=CARTESIAN_POINT('Ctrl Pts',(453.597559399739,190.978847335369,22.));
#4371=CARTESIAN_POINT('Ctrl Pts',(448.048845723025,177.263976753633,22.));
#4372=CARTESIAN_POINT('Ctrl Pts',(433.182953534843,135.466276918699,22.));
#4373=CARTESIAN_POINT('Ctrl Pts',(425.648003272735,106.729721728688,22.));
#4374=CARTESIAN_POINT('Ctrl Pts',(420.848038197366,78.1527739463858,22.));
#4375=CARTESIAN_POINT('Ctrl Pts',(420.743826829013,77.5323438422093,22.));
#4376=CARTESIAN_POINT('Ctrl Pts',(420.63961546066,76.9119137380329,22.));
#4377=CARTESIAN_POINT('Ctrl Pts',(420.535404092307,76.2914836338564,22.));
#4378=CARTESIAN_POINT('Ctrl Pts',(468.392134833831,267.698073092104,22.));
#4379=CARTESIAN_POINT('Ctrl Pts',(467.045583400394,265.473264567099,22.));
#4380=CARTESIAN_POINT('Ctrl Pts',(465.707687356873,263.234631136436,22.));
#4381=CARTESIAN_POINT('Ctrl Pts',(463.717737022258,259.852605885036,22.));
#4382=CARTESIAN_POINT('Ctrl Pts',(463.057236459734,258.721251715143,22.));
#4383=CARTESIAN_POINT('Ctrl Pts',(461.742526644635,256.449963977618,22.));
#4384=CARTESIAN_POINT('Ctrl Pts',(461.082443308275,255.299699070353,22.));
#4385=CARTESIAN_POINT('Ctrl Pts',(459.495284875028,252.508222964227,22.));
#4386=CARTESIAN_POINT('Ctrl Pts',(458.578511331796,250.873818375237,22.));
#4387=CARTESIAN_POINT('Ctrl Pts',(456.744673598218,247.560709456065,22.));
#4388=CARTESIAN_POINT('Ctrl Pts',(455.836192768857,245.897101367398,22.));
#4389=CARTESIAN_POINT('Ctrl Pts',(453.136298885289,240.885822671371,22.));
#4390=CARTESIAN_POINT('Ctrl Pts',(451.370433895977,237.517697849213,22.));
#4391=CARTESIAN_POINT('Ctrl Pts',(446.17692753045,227.337149653106,22.));
#4392=CARTESIAN_POINT('Ctrl Pts',(442.853366755003,220.448555447282,22.));
#4393=CARTESIAN_POINT('Ctrl Pts',(433.314482175947,199.523117698897,22.));
#4394=CARTESIAN_POINT('Ctrl Pts',(427.530841264209,185.226657249895,22.));
#4395=CARTESIAN_POINT('Ctrl Pts',(412.034900677215,141.657481236611,22.));
#4396=CARTESIAN_POINT('Ctrl Pts',(404.17560373891,111.705608857236,22.));
#4397=CARTESIAN_POINT('Ctrl Pts',(399.151961802634,81.7969842962333,22.));
#4398=CARTESIAN_POINT('Ctrl Pts',(399.042894217334,81.1476423443385,22.));
#4399=CARTESIAN_POINT('Ctrl Pts',(398.933826632033,80.4983003924437,22.));
#4400=CARTESIAN_POINT('Ctrl Pts',(398.824759046733,79.8489584405488,22.));
#4401=CARTESIAN_POINT('Ctrl Pts',(468.392134833831,267.698073092104,1.34711147906209E-15));
#4402=CARTESIAN_POINT('Ctrl Pts',(467.045583400394,265.473264567099,1.34711147906209E-15));
#4403=CARTESIAN_POINT('Ctrl Pts',(465.707687356873,263.234631136436,1.34711147906209E-15));
#4404=CARTESIAN_POINT('Ctrl Pts',(463.717737022258,259.852605885036,1.34711147906209E-15));
#4405=CARTESIAN_POINT('Ctrl Pts',(463.057236459734,258.721251715143,1.34711147906209E-15));
#4406=CARTESIAN_POINT('Ctrl Pts',(461.742526644635,256.449963977618,1.34711147906209E-15));
#4407=CARTESIAN_POINT('Ctrl Pts',(461.082443308275,255.299699070353,1.34711147906209E-15));
#4408=CARTESIAN_POINT('Ctrl Pts',(459.495284875028,252.508222964227,1.34711147906209E-15));
#4409=CARTESIAN_POINT('Ctrl Pts',(458.578511331796,250.873818375237,1.34711147906209E-15));
#4410=CARTESIAN_POINT('Ctrl Pts',(456.744673598218,247.560709456065,1.34711147906209E-15));
#4411=CARTESIAN_POINT('Ctrl Pts',(455.836192768857,245.897101367398,1.34711147906209E-15));
#4412=CARTESIAN_POINT('Ctrl Pts',(453.136298885289,240.885822671371,1.34711147906209E-15));
#4413=CARTESIAN_POINT('Ctrl Pts',(451.370433895977,237.517697849213,1.34711147906209E-15));
#4414=CARTESIAN_POINT('Ctrl Pts',(446.17692753045,227.337149653106,1.34711147906209E-15));
#4415=CARTESIAN_POINT('Ctrl Pts',(442.853366755003,220.448555447282,1.34711147906209E-15));
#4416=CARTESIAN_POINT('Ctrl Pts',(433.314482175947,199.523117698897,1.34711147906209E-15));
#4417=CARTESIAN_POINT('Ctrl Pts',(427.530841264209,185.226657249895,1.34711147906209E-15));
#4418=CARTESIAN_POINT('Ctrl Pts',(412.034900677215,141.657481236611,1.34711147906209E-15));
#4419=CARTESIAN_POINT('Ctrl Pts',(404.17560373891,111.705608857236,1.34711147906209E-15));
#4420=CARTESIAN_POINT('Ctrl Pts',(399.151961802634,81.7969842962333,1.34711147906209E-15));
#4421=CARTESIAN_POINT('Ctrl Pts',(399.042894217334,81.1476423443385,1.34711147906209E-15));
#4422=CARTESIAN_POINT('Ctrl Pts',(398.933826632033,80.4983003924437,1.34711147906209E-15));
#4423=CARTESIAN_POINT('Ctrl Pts',(398.824759046733,79.8489584405488,1.34711147906209E-15));
#4424=CARTESIAN_POINT('Ctrl Pts',(468.392134833831,267.698073092104,-22.));
#4425=CARTESIAN_POINT('Ctrl Pts',(467.045583400394,265.473264567099,-22.));
#4426=CARTESIAN_POINT('Ctrl Pts',(465.707687356873,263.234631136436,-22.));
#4427=CARTESIAN_POINT('Ctrl Pts',(463.717737022258,259.852605885036,-22.));
#4428=CARTESIAN_POINT('Ctrl Pts',(463.057236459734,258.721251715143,-22.));
#4429=CARTESIAN_POINT('Ctrl Pts',(461.742526644635,256.449963977618,-22.));
#4430=CARTESIAN_POINT('Ctrl Pts',(461.082443308275,255.299699070353,-22.));
#4431=CARTESIAN_POINT('Ctrl Pts',(459.495284875028,252.508222964227,-22.));
#4432=CARTESIAN_POINT('Ctrl Pts',(458.578511331796,250.873818375237,-22.));
#4433=CARTESIAN_POINT('Ctrl Pts',(456.744673598218,247.560709456065,-22.));
#4434=CARTESIAN_POINT('Ctrl Pts',(455.836192768857,245.897101367398,-22.));
#4435=CARTESIAN_POINT('Ctrl Pts',(453.136298885289,240.885822671371,-22.));
#4436=CARTESIAN_POINT('Ctrl Pts',(451.370433895977,237.517697849213,-22.));
#4437=CARTESIAN_POINT('Ctrl Pts',(446.17692753045,227.337149653106,-22.));
#4438=CARTESIAN_POINT('Ctrl Pts',(442.853366755003,220.448555447282,-22.));
#4439=CARTESIAN_POINT('Ctrl Pts',(433.314482175947,199.523117698897,-22.));
#4440=CARTESIAN_POINT('Ctrl Pts',(427.530841264209,185.226657249895,-22.));
#4441=CARTESIAN_POINT('Ctrl Pts',(412.034900677215,141.657481236611,-22.));
#4442=CARTESIAN_POINT('Ctrl Pts',(404.17560373891,111.705608857236,-22.));
#4443=CARTESIAN_POINT('Ctrl Pts',(399.151961802634,81.7969842962333,-22.));
#4444=CARTESIAN_POINT('Ctrl Pts',(399.042894217334,81.1476423443385,-22.));
#4445=CARTESIAN_POINT('Ctrl Pts',(398.933826632033,80.4983003924437,-22.));
#4446=CARTESIAN_POINT('Ctrl Pts',(398.824759046733,79.8489584405488,-22.));
#4447=CARTESIAN_POINT('Ctrl Pts',(487.213298461486,256.306681618669,-22.));
#4448=CARTESIAN_POINT('Ctrl Pts',(485.90928185764,254.152150284025,-22.));
#4449=CARTESIAN_POINT('Ctrl Pts',(484.618210519554,251.991761072917,-22.));
#4450=CARTESIAN_POINT('Ctrl Pts',(482.704379590044,248.739104754029,-22.));
#4451=CARTESIAN_POINT('Ctrl Pts',(482.070231365416,247.652873799112,-22.));
#4452=CARTESIAN_POINT('Ctrl Pts',(480.810078346075,245.475838176902,-22.));
#4453=CARTESIAN_POINT('Ctrl Pts',(480.178462049034,244.375164034019,-22.));
#4454=CARTESIAN_POINT('Ctrl Pts',(478.662212563806,241.708401774793,-22.));
#4455=CARTESIAN_POINT('Ctrl Pts',(477.786157145442,240.146594162587,-22.));
#4456=CARTESIAN_POINT('Ctrl Pts',(476.033336737864,236.979855459438,-22.));
#4457=CARTESIAN_POINT('Ctrl Pts',(475.16477184843,235.389346543856,-22.));
#4458=CARTESIAN_POINT('Ctrl Pts',(472.582908661481,230.597144871462,-22.));
#4459=CARTESIAN_POINT('Ctrl Pts',(470.893442385276,227.374776970563,-22.));
#4460=CARTESIAN_POINT('Ctrl Pts',(465.922715518852,217.63093131574,-22.));
#4461=CARTESIAN_POINT('Ctrl Pts',(462.739134901503,211.032708716537,-22.));
#4462=CARTESIAN_POINT('Ctrl Pts',(453.597559399739,190.978847335369,-22.));
#4463=CARTESIAN_POINT('Ctrl Pts',(448.048845723025,177.263976753633,-22.));
#4464=CARTESIAN_POINT('Ctrl Pts',(433.182953534843,135.466276918699,-22.));
#4465=CARTESIAN_POINT('Ctrl Pts',(425.648003272735,106.729721728688,-22.));
#4466=CARTESIAN_POINT('Ctrl Pts',(420.848038197366,78.1527739463858,-22.));
#4467=CARTESIAN_POINT('Ctrl Pts',(420.743826829013,77.5323438422093,-22.));
#4468=CARTESIAN_POINT('Ctrl Pts',(420.63961546066,76.9119137380329,-22.));
#4469=CARTESIAN_POINT('Ctrl Pts',(420.535404092307,76.2914836338564,-22.));
#4470=CARTESIAN_POINT('Ctrl Pts',(487.213298461486,256.306681618669,0.));
#4471=CARTESIAN_POINT('Ctrl Pts',(485.90928185764,254.152150284025,0.));
#4472=CARTESIAN_POINT('Ctrl Pts',(484.618210519554,251.991761072917,0.));
#4473=CARTESIAN_POINT('Ctrl Pts',(482.704379590044,248.739104754029,0.));
#4474=CARTESIAN_POINT('Ctrl Pts',(482.070231365416,247.652873799112,0.));
#4475=CARTESIAN_POINT('Ctrl Pts',(480.810078346075,245.475838176902,0.));
#4476=CARTESIAN_POINT('Ctrl Pts',(480.178462049034,244.375164034019,0.));
#4477=CARTESIAN_POINT('Ctrl Pts',(478.662212563806,241.708401774793,0.));
#4478=CARTESIAN_POINT('Ctrl Pts',(477.786157145442,240.146594162587,0.));
#4479=CARTESIAN_POINT('Ctrl Pts',(476.033336737864,236.979855459438,0.));
#4480=CARTESIAN_POINT('Ctrl Pts',(475.16477184843,235.389346543856,0.));
#4481=CARTESIAN_POINT('Ctrl Pts',(472.582908661481,230.597144871462,0.));
#4482=CARTESIAN_POINT('Ctrl Pts',(470.893442385276,227.374776970563,0.));
#4483=CARTESIAN_POINT('Ctrl Pts',(465.922715518852,217.63093131574,0.));
#4484=CARTESIAN_POINT('Ctrl Pts',(462.739134901503,211.032708716537,0.));
#4485=CARTESIAN_POINT('Ctrl Pts',(453.597559399739,190.978847335369,0.));
#4486=CARTESIAN_POINT('Ctrl Pts',(448.048845723025,177.263976753633,0.));
#4487=CARTESIAN_POINT('Ctrl Pts',(433.182953534843,135.466276918699,0.));
#4488=CARTESIAN_POINT('Ctrl Pts',(425.648003272735,106.729721728688,0.));
#4489=CARTESIAN_POINT('Ctrl Pts',(420.848038197366,78.1527739463858,0.));
#4490=CARTESIAN_POINT('Ctrl Pts',(420.743826829013,77.5323438422093,0.));
#4491=CARTESIAN_POINT('Ctrl Pts',(420.63961546066,76.9119137380329,0.));
#4492=CARTESIAN_POINT('Ctrl Pts',(420.535404092306,76.2914836338564,0.));
#4493=CARTESIAN_POINT('Ctrl Pts',(455.140434437967,244.116656242893,2.247056906116));
#4494=CARTESIAN_POINT('Ctrl Pts',(454.884823165894,243.954872012235,1.53641880668588));
#4495=CARTESIAN_POINT('Ctrl Pts',(454.740206836192,243.862481339854,0.772695075559263));
#4496=CARTESIAN_POINT('Ctrl Pts',(454.740206836192,243.862481339854,8.60422844084496E-15));
#4497=CARTESIAN_POINT('Ctrl Pts',(438.319796450677,165.029256698383,9.26260665453956));
#4498=CARTESIAN_POINT('Ctrl Pts',(440.240823654118,165.597090801183,8.22509701718189));
#4499=CARTESIAN_POINT('Ctrl Pts',(442.357716857878,166.222820697629,6.32517419890285));
#4500=CARTESIAN_POINT('Ctrl Pts',(444.03173746918,166.717642421228,2.79517998498475));
#4501=CARTESIAN_POINT('Ctrl Pts',(444.344793684156,166.810178328392,1.12161115253323));
#4502=CARTESIAN_POINT('Ctrl Pts',(444.344793684154,166.810178328391,-9.0065455093935E-12));
#4503=CARTESIAN_POINT('Ctrl Pts',(461.634929240805,268.107321213985,1.39573591153201E-11));
#4504=CARTESIAN_POINT('Ctrl Pts',(460.823267824591,266.752019057629,1.39526459125281E-11));
#4505=CARTESIAN_POINT('Ctrl Pts',(460.014694429063,265.390626263845,1.39804778021528E-11));
#4506=CARTESIAN_POINT('Ctrl Pts',(458.539561992026,262.883561105265,1.39783586715438E-11));
#4507=CARTESIAN_POINT('Ctrl Pts',(457.871874002295,261.739899874161,1.39350124336574E-11));
#4508=CARTESIAN_POINT('Ctrl Pts',(456.542145253676,259.44266548351,1.39426372802028E-11));
#4509=CARTESIAN_POINT('Ctrl Pts',(455.874581824563,258.27937032688,1.39196427126944E-11));
#4510=CARTESIAN_POINT('Ctrl Pts',(454.268149153226,255.453994911168,1.39898476965645E-11));
#4511=CARTESIAN_POINT('Ctrl Pts',(453.339858831171,253.799057067571,1.40214749297735E-11));
#4512=CARTESIAN_POINT('Ctrl Pts',(451.484129157786,250.446397003984,1.40029084411381E-11));
#4513=CARTESIAN_POINT('Ctrl Pts',(450.564762060053,248.762852588709,1.39695915788097E-11));
#4514=CARTESIAN_POINT('Ctrl Pts',(447.832678427512,243.691826432146,1.39745578157023E-11));
#4515=CARTESIAN_POINT('Ctrl Pts',(446.045976666393,240.283948274862,1.40021334180741E-11));
#4516=CARTESIAN_POINT('Ctrl Pts',(440.791715377332,229.984305504946,1.39700345952448E-11));
#4517=CARTESIAN_POINT('Ctrl Pts',(437.429972985612,223.016508257251,1.393965559488E-11));
#4518=CARTESIAN_POINT('Ctrl Pts',(427.78275178109,201.85341260523,1.39335482433722E-11));
#4519=CARTESIAN_POINT('Ctrl Pts',(421.935007646764,187.398257404569,1.39846746388091E-11));
#4520=CARTESIAN_POINT('Ctrl Pts',(415.331887450343,168.832588256599,1.39659152935587E-11));
#4521=CARTESIAN_POINT('Ctrl Pts',(413.994989557925,164.934969772991,1.40138138973367E-11));
#4522=CARTESIAN_POINT('Ctrl Pts',(412.702567616491,161.023489062349,1.40106929672567E-11));
#4523=CARTESIAN_POINT('Ctrl Pts',(461.634929240804,268.107321213985,-1.6190476407556));
#4524=CARTESIAN_POINT('Ctrl Pts',(460.823267824589,266.75201905763,-1.61904765146105));
#4525=CARTESIAN_POINT('Ctrl Pts',(460.014694429062,265.390626263845,-1.61904762248967));
#4526=CARTESIAN_POINT('Ctrl Pts',(458.539561992025,262.883561105265,-1.61904762057984));
#4527=CARTESIAN_POINT('Ctrl Pts',(457.871874002294,261.739899874162,-1.61904762057118));
#4528=CARTESIAN_POINT('Ctrl Pts',(456.542145253675,259.44266548351,-1.61904759745259));
#4529=CARTESIAN_POINT('Ctrl Pts',(455.874581824562,258.27937032688,-1.61904759679063));
#4530=CARTESIAN_POINT('Ctrl Pts',(454.268149153225,255.453994911169,-1.61904766942992));
#4531=CARTESIAN_POINT('Ctrl Pts',(453.33985883117,253.799057067571,-1.6190476690264));
#4532=CARTESIAN_POINT('Ctrl Pts',(451.484129157785,250.446397003984,-1.61904761960291));
#4533=CARTESIAN_POINT('Ctrl Pts',(450.564762060052,248.76285258871,-1.61904761960086));
#4534=CARTESIAN_POINT('Ctrl Pts',(447.832678427511,243.691826432147,-1.61904762772673));
#4535=CARTESIAN_POINT('Ctrl Pts',(446.045976666391,240.283948274863,-1.61904762765741));
#4536=CARTESIAN_POINT('Ctrl Pts',(440.791715377331,229.984305504946,-1.619047747415));
#4537=CARTESIAN_POINT('Ctrl Pts',(437.429972985611,223.016508257252,-1.61904774576062));
#4538=CARTESIAN_POINT('Ctrl Pts',(427.782751781088,201.85341260523,-1.61904946324736));
#4539=CARTESIAN_POINT('Ctrl Pts',(421.935007646762,187.39825740457,-1.61904944354688));
#4540=CARTESIAN_POINT('Ctrl Pts',(415.331887450341,168.8325882566,-1.61904762763158));
#4541=CARTESIAN_POINT('Ctrl Pts',(413.994989557924,164.934969772992,-1.61905006757112));
#4542=CARTESIAN_POINT('Ctrl Pts',(412.70256761649,161.02348906235,-1.61905325730039));
#4543=CARTESIAN_POINT('Ctrl Pts',(462.000285455,267.888517231919,-5.33188770347745));
#4544=CARTESIAN_POINT('Ctrl Pts',(461.189157643063,266.534106034313,-5.33188773927462));
#4545=CARTESIAN_POINT('Ctrl Pts',(460.381146756503,265.17365994278,-5.33188763792017));
#4546=CARTESIAN_POINT('Ctrl Pts',(458.907095244281,262.668431890601,-5.33188763214902));
#4547=CARTESIAN_POINT('Ctrl Pts',(458.239917389472,261.525644165787,-5.331887632123));
#4548=CARTESIAN_POINT('Ctrl Pts',(456.911247883846,259.230239152235,-5.33188756227426));
#4549=CARTESIAN_POINT('Ctrl Pts',(456.244228005146,258.067890838347,-5.33188756025971));
#4550=CARTESIAN_POINT('Ctrl Pts',(454.63916673208,255.244929315975,-5.33188777976247));
#4551=CARTESIAN_POINT('Ctrl Pts',(453.711674326349,253.591414073436,-5.33188777852268));
#4552=CARTESIAN_POINT('Ctrl Pts',(451.857508762694,250.241578496576,-5.3318876291981));
#4553=CARTESIAN_POINT('Ctrl Pts',(450.938914341277,248.559449105,-5.33188762919208));
#4554=CARTESIAN_POINT('Ctrl Pts',(448.209115498569,243.492663669429,-5.33188765374167));
#4555=CARTESIAN_POINT('Ctrl Pts',(446.423892659029,240.087607066472,-5.33188765353319));
#4556=CARTESIAN_POINT('Ctrl Pts',(441.173944205041,229.796417248652,-5.33188801536137));
#4557=CARTESIAN_POINT('Ctrl Pts',(437.814911717689,222.834241385466,-5.33188801036383));
#4558=CARTESIAN_POINT('Ctrl Pts',(428.175388235115,201.688012362827,-5.33189319947116));
#4559=CARTESIAN_POINT('Ctrl Pts',(422.332193148747,187.244119183054,-5.3318931399543));
#4560=CARTESIAN_POINT('Ctrl Pts',(415.73420330703,168.692900807136,-5.33188765345451));
#4561=CARTESIAN_POINT('Ctrl Pts',(414.398348024409,164.79831391161,-5.3318961901673));
#4562=CARTESIAN_POINT('Ctrl Pts',(413.106936535395,160.889880664955,-5.33190735436363));
#4563=CARTESIAN_POINT('Ctrl Pts',(464.385587296851,266.460011243034,-10.4807638523755));
#4564=CARTESIAN_POINT('Ctrl Pts',(463.577943094655,265.111416824059,-10.4807638978931));
#4565=CARTESIAN_POINT('Ctrl Pts',(462.773604681695,263.757151443508,-10.4807637689501));
#4566=CARTESIAN_POINT('Ctrl Pts',(461.306610278129,261.263917333719,-10.480763761621));
#4567=CARTESIAN_POINT('Ctrl Pts',(460.642762939837,260.126832466054,-10.4807637615879));
#4568=CARTESIAN_POINT('Ctrl Pts',(459.321010960167,257.84337813051,-10.4807636728834));
#4569=CARTESIAN_POINT('Ctrl Pts',(458.657542256285,256.687216043118,-10.4807636703243));
#4570=CARTESIAN_POINT('Ctrl Pts',(457.061432076894,253.879997667992,-10.4807639490837));
#4571=CARTESIAN_POINT('Ctrl Pts',(456.139152824995,252.235777006791,-10.4807639475091));
#4572=CARTESIAN_POINT('Ctrl Pts',(454.295192935156,248.904379497384,-10.4807637578735));
#4573=CARTESIAN_POINT('Ctrl Pts',(453.381643086652,247.231488372769,-10.4807637578658));
#4574=CARTESIAN_POINT('Ctrl Pts',(450.666760753117,242.192389431981,-10.4807637890427));
#4575=CARTESIAN_POINT('Ctrl Pts',(448.89119334925,238.80575390646,-10.480763788778));
#4576=CARTESIAN_POINT('Ctrl Pts',(443.669399054971,228.569752095092,-10.4807642482833));
#4577=CARTESIAN_POINT('Ctrl Pts',(440.328058740309,221.644276477446,-10.4807642419367));
#4578=CARTESIAN_POINT('Ctrl Pts',(430.738746977142,200.608180170219,-10.4807708318591));
#4579=CARTESIAN_POINT('Ctrl Pts',(424.925251735481,186.237812594597,-10.480770756275));
#4580=CARTESIAN_POINT('Ctrl Pts',(418.360803523942,167.780923403111,-10.4807637886777));
#4581=CARTESIAN_POINT('Ctrl Pts',(417.03175284482,163.906129818575,-10.4807746491864));
#4582=CARTESIAN_POINT('Ctrl Pts',(415.746935455992,160.017593541518,-10.4807888521931));
#4583=CARTESIAN_POINT('Ctrl Pts',(468.01211623117,264.288161116725,-14.2836064415722));
#4584=CARTESIAN_POINT('Ctrl Pts',(467.209768271992,262.948410225166,-14.2836064697061));
#4585=CARTESIAN_POINT('Ctrl Pts',(466.411013322314,261.60354153223,-14.2836063875961));
#4586=CARTESIAN_POINT('Ctrl Pts',(464.954748489082,259.12854288806,-14.2836063833972));
#4587=CARTESIAN_POINT('Ctrl Pts',(464.29596469475,258.000128347314,-14.2836063833784));
#4588=CARTESIAN_POINT('Ctrl Pts',(462.984730255314,255.734844408496,-14.2836063325658));
#4589=CARTESIAN_POINT('Ctrl Pts',(462.326660954603,254.588088229088,-14.2836063310908));
#4590=CARTESIAN_POINT('Ctrl Pts',(460.744159202349,251.804803094946,-14.2836064907946));
#4591=CARTESIAN_POINT('Ctrl Pts',(459.829806343708,250.174714482906,-14.2836064898804));
#4592=CARTESIAN_POINT('Ctrl Pts',(458.001362148485,246.871349222139,-14.2836063812509));
#4593=CARTESIAN_POINT('Ctrl Pts',(457.095481877534,245.212503608605,-14.2836063812467));
#4594=CARTESIAN_POINT('Ctrl Pts',(454.403278085106,240.215498371482,-14.2836063991049));
#4595=CARTESIAN_POINT('Ctrl Pts',(452.642390366153,236.856869412535,-14.2836063989539));
#4596=CARTESIAN_POINT('Ctrl Pts',(447.463400294439,226.704774638837,-14.2836066621741));
#4597=CARTESIAN_POINT('Ctrl Pts',(444.148957856127,219.8350953433,-14.2836066585391));
#4598=CARTESIAN_POINT('Ctrl Pts',(434.635977559482,198.966451177327,-14.283610433462));
#4599=CARTESIAN_POINT('Ctrl Pts',(428.867632688917,184.70785846563,-14.2836103901673));
#4600=CARTESIAN_POINT('Ctrl Pts',(422.354196052379,166.394390904625,-14.2836063988959));
#4601=CARTESIAN_POINT('Ctrl Pts',(421.035484550856,162.549696581563,-14.2836133152384));
#4602=CARTESIAN_POINT('Ctrl Pts',(419.760683340351,158.691415958438,-14.2836223621688));
#4603=CARTESIAN_POINT('Ctrl Pts',(471.985346536035,261.908679065853,-16.6949867548246));
#4604=CARTESIAN_POINT('Ctrl Pts',(471.188801081383,260.578617080044,-16.6949867579653));
#4605=CARTESIAN_POINT('Ctrl Pts',(470.396163344009,259.24404322242,-16.694986743743));
#4606=CARTESIAN_POINT('Ctrl Pts',(468.95165398271,256.789023614164,-16.6949867439684));
#4607=CARTESIAN_POINT('Ctrl Pts',(468.298417770211,255.670108220328,-16.6949867439697));
#4608=CARTESIAN_POINT('Ctrl Pts',(466.998706332027,253.42473147593,-16.694986746713));
#4609=CARTESIAN_POINT('Ctrl Pts',(466.346552493722,252.288280180432,-16.6949867467728));
#4610=CARTESIAN_POINT('Ctrl Pts',(464.778960157806,249.531217215545,-16.6949867381994));
#4611=CARTESIAN_POINT('Ctrl Pts',(463.873291274088,247.916611347659,-16.6949867382209));
#4612=CARTESIAN_POINT('Ctrl Pts',(462.061846474548,244.643958338314,-16.6949867440851));
#4613=CARTESIAN_POINT('Ctrl Pts',(461.164368993123,243.000500987376,-16.6949867440857));
#4614=CARTESIAN_POINT('Ctrl Pts',(458.497011883119,238.049613760968,-16.6949867431198));
#4615=CARTESIAN_POINT('Ctrl Pts',(456.75220716932,234.721668686395,-16.6949867431292));
#4616=CARTESIAN_POINT('Ctrl Pts',(451.6201137074,224.661503271309,-16.6949867289212));
#4617=CARTESIAN_POINT('Ctrl Pts',(448.335140078393,217.852953380664,-16.6949867291187));
#4618=CARTESIAN_POINT('Ctrl Pts',(438.905789558524,197.167775366997,-16.6949865253499));
#4619=CARTESIAN_POINT('Ctrl Pts',(433.186908081008,183.031634899284,-16.694986527693));
#4620=CARTESIAN_POINT('Ctrl Pts',(426.729364275809,164.875308494179,-16.6949867431314));
#4621=CARTESIAN_POINT('Ctrl Pts',(425.421976308336,161.063595547198,-16.6949879419091));
#4622=CARTESIAN_POINT('Ctrl Pts',(424.15814267062,157.238466648095,-16.6949895142746));
#4623=CARTESIAN_POINT('Ctrl Pts',(476.713838720278,259.076887096103,-17.2301541798666));
#4624=CARTESIAN_POINT('Ctrl Pts',(475.924198603496,257.758355559465,-17.2301541748601));
#4625=CARTESIAN_POINT('Ctrl Pts',(475.138840724359,256.436033047142,-17.2301541828438));
#4626=CARTESIAN_POINT('Ctrl Pts',(473.708321741228,254.004790802827,-17.2301541845011));
#4627=CARTESIAN_POINT('Ctrl Pts',(473.061687531526,252.897180045041,-17.2301541845089));
#4628=CARTESIAN_POINT('Ctrl Pts',(471.775689617194,250.675494801907,-17.2301542045838));
#4629=CARTESIAN_POINT('Ctrl Pts',(471.130575699662,249.551307224966,-17.2301542051409));
#4630=CARTESIAN_POINT('Ctrl Pts',(469.580726734584,246.825450843636,-17.2301541421087));
#4631=CARTESIAN_POINT('Ctrl Pts',(468.685392563746,245.22927083593,-17.2301541424333));
#4632=CARTESIAN_POINT('Ctrl Pts',(466.894178576557,241.993168067013,-17.2301541853501));
#4633=CARTESIAN_POINT('Ctrl Pts',(466.006701125297,240.368024049953,-17.2301541853523));
#4634=CARTESIAN_POINT('Ctrl Pts',(463.368913830991,235.472021509893,-17.2301541782945));
#4635=CARTESIAN_POINT('Ctrl Pts',(461.643249114156,232.180592586582,-17.2301541783558));
#4636=CARTESIAN_POINT('Ctrl Pts',(456.566967165612,222.229832822714,-17.2301540743664));
#4637=CARTESIAN_POINT('Ctrl Pts',(453.317062710449,215.494029593497,-17.2301540758042));
#4638=CARTESIAN_POINT('Ctrl Pts',(443.987239177614,195.027205411253,-17.2301525844521));
#4639=CARTESIAN_POINT('Ctrl Pts',(438.327215457912,181.036773889896,-17.2301526015649));
#4640=CARTESIAN_POINT('Ctrl Pts',(431.9362016461,163.067478301945,-17.2301541783777));
#4641=CARTESIAN_POINT('Ctrl Pts',(430.642286344174,159.295024783828,-17.2301535069028));
#4642=CARTESIAN_POINT('Ctrl Pts',(429.391498865103,155.509355226823,-17.2301526342807));
#4643=CARTESIAN_POINT('Ctrl Pts',(480.796335609974,256.631967878644,-16.3032393277387));
#4644=CARTESIAN_POINT('Ctrl Pts',(480.012657353014,255.323391381326,-16.3032393351686));
#4645=CARTESIAN_POINT('Ctrl Pts',(479.233584612108,254.011646212856,-16.3032393095471));
#4646=CARTESIAN_POINT('Ctrl Pts',(477.815144904969,251.60093331396,-16.3032393089788));
#4647=CARTESIAN_POINT('Ctrl Pts',(477.174210675322,250.503082654938,-16.3032393089765));
#4648=CARTESIAN_POINT('Ctrl Pts',(475.900052879493,248.301852554239,-16.3032393021111));
#4649=CARTESIAN_POINT('Ctrl Pts',(475.261017160892,247.188253359879,-16.3032393018963));
#4650=CARTESIAN_POINT('Ctrl Pts',(473.726487486664,244.489339692298,-16.3032393235123));
#4651=CARTESIAN_POINT('Ctrl Pts',(472.840076223511,242.909068426261,-16.3032393233672));
#4652=CARTESIAN_POINT('Ctrl Pts',(471.066328974873,239.704522470748,-16.3032393086894));
#4653=CARTESIAN_POINT('Ctrl Pts',(470.187485355795,238.095189831132,-16.3032393086892));
#4654=CARTESIAN_POINT('Ctrl Pts',(467.575228189115,233.246573903723,-16.3032393111007));
#4655=CARTESIAN_POINT('Ctrl Pts',(465.866088478399,229.986672133935,-16.3032393110813));
#4656=CARTESIAN_POINT('Ctrl Pts',(460.837993656601,220.130372346388,-16.303239346648));
#4657=CARTESIAN_POINT('Ctrl Pts',(457.618366418497,213.45737545654,-16.3032393461578));
#4658=CARTESIAN_POINT('Ctrl Pts',(448.374475046718,193.179082066544,-16.303239856226));
#4659=CARTESIAN_POINT('Ctrl Pts',(442.765262619374,179.314439552203,-16.3032398503806));
#4660=CARTESIAN_POINT('Ctrl Pts',(436.431695966238,161.506637123765,-16.3032393110727));
#4661=CARTESIAN_POINT('Ctrl Pts',(435.149415296529,157.768083805254,-16.3032414698518));
#4662=CARTESIAN_POINT('Ctrl Pts',(433.909893791605,154.016484783631,-16.3032442969943));
#4663=CARTESIAN_POINT('Ctrl Pts',(484.059123021759,254.677955029397,-14.571758174418));
#4664=CARTESIAN_POINT('Ctrl Pts',(483.280209521043,253.37733464146,-14.5717582000488));
#4665=CARTESIAN_POINT('Ctrl Pts',(482.506159830795,252.07404288479,-14.5717581250211));
#4666=CARTESIAN_POINT('Ctrl Pts',(481.097374185563,249.679737560747,-14.5717581212264));
#4667=CARTESIAN_POINT('Ctrl Pts',(480.460995412785,248.58968722882,-14.5717581212094));
#4668=CARTESIAN_POINT('Ctrl Pts',(479.19630038893,246.404805148082,-14.5717580752893));
#4669=CARTESIAN_POINT('Ctrl Pts',(478.562122409375,245.299668262105,-14.5717580739543));
#4670=CARTESIAN_POINT('Ctrl Pts',(477.039836228111,242.622287732369,-14.5717582182853));
#4671=CARTESIAN_POINT('Ctrl Pts',(476.160556222643,241.054730857306,-14.5717582174582));
#4672=CARTESIAN_POINT('Ctrl Pts',(474.400768656698,237.875405609952,-14.5717581192867));
#4673=CARTESIAN_POINT('Ctrl Pts',(473.528825303451,236.278709619426,-14.5717581192829));
#4674=CARTESIAN_POINT('Ctrl Pts',(470.936972219162,231.467965803403,-14.5717581354218));
#4675=CARTESIAN_POINT('Ctrl Pts',(469.241039438657,228.233260812215,-14.5717581352854));
#4676=CARTESIAN_POINT('Ctrl Pts',(464.251456883191,218.452455313699,-14.5717583731639));
#4677=CARTESIAN_POINT('Ctrl Pts',(461.056027058029,211.829652968528,-14.5717583698789));
#4678=CARTESIAN_POINT('Ctrl Pts',(451.880817852183,191.702039889271,-14.5717617813692));
#4679=CARTESIAN_POINT('Ctrl Pts',(446.312211121282,177.937921383019,-14.5717617422415));
#4680=CARTESIAN_POINT('Ctrl Pts',(440.024558202871,160.259196180727,-14.5717581352325));
#4681=CARTESIAN_POINT('Ctrl Pts',(438.751579227793,156.547738493245,-14.5717644550589));
#4682=CARTESIAN_POINT('Ctrl Pts',(437.521065008393,152.823369733158,-14.5717727218891));
#4683=CARTESIAN_POINT('Ctrl Pts',(487.894936501496,252.380769336731,-10.8373117201983));
#4684=CARTESIAN_POINT('Ctrl Pts',(487.121624525318,251.089502225576,-10.8373117675002));
#4685=CARTESIAN_POINT('Ctrl Pts',(486.353479885303,249.796148339793,-10.8373116348048));
#4686=CARTESIAN_POINT('Ctrl Pts',(484.956043963817,247.421132468283,-10.8373116270095));
#4687=CARTESIAN_POINT('Ctrl Pts',(484.325020641896,246.340252296401,-10.8373116269743));
#4688=CARTESIAN_POINT('Ctrl Pts',(483.071450163151,244.174589040572,-10.8373115326262));
#4689=CARTESIAN_POINT('Ctrl Pts',(482.44298290671,243.079400374055,-10.8373115299054));
#4690=CARTESIAN_POINT('Ctrl Pts',(480.935090766061,240.427335580566,-10.837311826395));
#4691=CARTESIAN_POINT('Ctrl Pts',(480.064194220933,238.874725658804,-10.8373118247279));
#4692=CARTESIAN_POINT('Ctrl Pts',(478.320818245431,235.725050699668,-10.8373116230233));
#4693=CARTESIAN_POINT('Ctrl Pts',(477.456987001205,234.143210640455,-10.8373116230151));
#4694=CARTESIAN_POINT('Ctrl Pts',(474.889121544221,229.376990309953,-10.8373116561764));
#4695=CARTESIAN_POINT('Ctrl Pts',(473.208715055294,226.171907080532,-10.8373116558946));
#4696=CARTESIAN_POINT('Ctrl Pts',(468.264409269332,216.479855172357,-10.8373121446409));
#4697=CARTESIAN_POINT('Ctrl Pts',(465.097425823617,209.916061345426,-10.83731213789));
#4698=CARTESIAN_POINT('Ctrl Pts',(456.002969378533,189.965595454453,-10.8373191471701));
#4699=CARTESIAN_POINT('Ctrl Pts',(450.482095450906,176.319645162633,-10.8373190667701));
#4700=CARTESIAN_POINT('Ctrl Pts',(444.248417833557,158.79267968677,-10.8373116557868));
#4701=CARTESIAN_POINT('Ctrl Pts',(442.986380349686,155.113078173705,-10.8373228321508));
#4702=CARTESIAN_POINT('Ctrl Pts',(441.766462506757,151.42072182985,-10.837337447052));
#4703=CARTESIAN_POINT('Ctrl Pts',(490.430493628705,250.862279101057,-5.34378581768854));
#4704=CARTESIAN_POINT('Ctrl Pts',(489.660884353993,249.577194612842,-5.3437858528596));
#4705=CARTESIAN_POINT('Ctrl Pts',(488.896642931806,248.290409758637,-5.34378575300552));
#4706=CARTESIAN_POINT('Ctrl Pts',(487.50670955985,245.928144873683,-5.34378574737271));
#4707=CARTESIAN_POINT('Ctrl Pts',(486.879226265019,244.853326304428,-5.34378574734726));
#4708=CARTESIAN_POINT('Ctrl Pts',(485.633009329009,242.700367174011,-5.34378567917462));
#4709=CARTESIAN_POINT('Ctrl Pts',(485.008316963673,241.611754462831,-5.34378567720401));
#4710=CARTESIAN_POINT('Ctrl Pts',(483.509939777059,238.976423905266,-5.34378589144833));
#4711=CARTESIAN_POINT('Ctrl Pts',(482.644584860013,237.433694208125,-5.3437858902379));
#4712=CARTESIAN_POINT('Ctrl Pts',(480.912057227257,234.303618829344,-5.34378574449257));
#4713=CARTESIAN_POINT('Ctrl Pts',(480.053588254832,232.731598847926,-5.34378574448666));
#4714=CARTESIAN_POINT('Ctrl Pts',(477.501579209214,227.99480959526,-5.34378576844755));
#4715=CARTESIAN_POINT('Ctrl Pts',(475.831435862146,224.809306852796,-5.34378576824423));
#4716=CARTESIAN_POINT('Ctrl Pts',(470.917059589187,215.175923515794,-5.34378612139698));
#4717=CARTESIAN_POINT('Ctrl Pts',(467.768879290819,208.651134517994,-5.34378611651925));
#4718=CARTESIAN_POINT('Ctrl Pts',(458.727808013622,188.817769717644,-5.34379118121108));
#4719=CARTESIAN_POINT('Ctrl Pts',(453.238483289325,175.249923367225,-5.34379112311728));
#4720=CARTESIAN_POINT('Ctrl Pts',(447.04048355654,157.823284558615,-5.34378576816585));
#4721=CARTESIAN_POINT('Ctrl Pts',(445.785685036565,154.164741560636,-5.34379417854745));
#4722=CARTESIAN_POINT('Ctrl Pts',(444.572779330699,150.49354533336,-5.34380517776465));
#4723=CARTESIAN_POINT('Ctrl Pts',(490.804112859818,250.638526639989,-1.61904764075562));
#4724=CARTESIAN_POINT('Ctrl Pts',(490.035049205249,249.354353173132,-1.61904765146104));
#4725=CARTESIAN_POINT('Ctrl Pts',(489.271382921527,248.068536274476,-1.61904762248971));
#4726=CARTESIAN_POINT('Ctrl Pts',(487.882555059639,245.708150280517,-1.61904762057983));
#4727=CARTESIAN_POINT('Ctrl Pts',(487.255593392704,244.634224896962,-1.61904762057118));
#4728=CARTESIAN_POINT('Ctrl Pts',(486.010459669954,242.483136555122,-1.61904759745298));
#4729=CARTESIAN_POINT('Ctrl Pts',(485.386323138789,241.395492084602,-1.61904759678996));
#4730=CARTESIAN_POINT('Ctrl Pts',(483.889348394928,238.762630020124,-1.61904766943));
#4731=CARTESIAN_POINT('Ctrl Pts',(483.024809435512,237.221355089853,-1.61904766902683));
#4732=CARTESIAN_POINT('Ctrl Pts',(481.293881285216,234.094168104685,-1.61904761960294));
#4733=CARTESIAN_POINT('Ctrl Pts',(480.436202453392,232.523595129802,-1.61904761960088));
#4734=CARTESIAN_POINT('Ctrl Pts',(477.886529917975,227.791142593181,-1.61904762772673));
#4735=CARTESIAN_POINT('Ctrl Pts',(476.217898860886,224.608525066934,-1.61904762765749));
#4736=CARTESIAN_POINT('Ctrl Pts',(471.307933300913,214.983786498008,-1.61904774741504));
#4737=CARTESIAN_POINT('Ctrl Pts',(468.16252365084,208.464744894084,-1.61904774576059));
#4738=CARTESIAN_POINT('Ctrl Pts',(459.129326451999,188.648632844322,-1.61904946324799));
#4739=CARTESIAN_POINT('Ctrl Pts',(453.644650298492,175.092294943054,-1.61904944354623));
#4740=CARTESIAN_POINT('Ctrl Pts',(447.451899927688,157.680442504265,-1.61904762763112));
#4741=CARTESIAN_POINT('Ctrl Pts',(446.198168514949,154.02500250432,-1.61905006756865));
#4742=CARTESIAN_POINT('Ctrl Pts',(444.986296561768,150.356924175176,-1.61905325729571));
#4743=CARTESIAN_POINT('Ctrl Pts',(490.804112859816,250.63852663999,1.39294464671422E-11));
#4744=CARTESIAN_POINT('Ctrl Pts',(490.035049205248,249.354353173133,1.39331744780389E-11));
#4745=CARTESIAN_POINT('Ctrl Pts',(489.271382921526,248.068536274477,1.39390598692921E-11));
#4746=CARTESIAN_POINT('Ctrl Pts',(487.882555059638,245.708150280518,1.3969835042329E-11));
#4747=CARTESIAN_POINT('Ctrl Pts',(487.255593392702,244.634224896963,1.39503065711946E-11));
#4748=CARTESIAN_POINT('Ctrl Pts',(486.010459669953,242.483136555122,1.39577160709981E-11));
#4749=CARTESIAN_POINT('Ctrl Pts',(485.386323138788,241.395492084602,1.39686206381101E-11));
#4750=CARTESIAN_POINT('Ctrl Pts',(483.889348394927,238.762630020124,1.39157813734845E-11));
#4751=CARTESIAN_POINT('Ctrl Pts',(483.024809435511,237.221355089853,1.39042866504243E-11));
#4752=CARTESIAN_POINT('Ctrl Pts',(481.293881285215,234.094168104685,1.39643799630334E-11));
#4753=CARTESIAN_POINT('Ctrl Pts',(480.436202453391,232.523595129803,1.39520711492979E-11));
#4754=CARTESIAN_POINT('Ctrl Pts',(477.886529917974,227.791142593182,1.39704308962839E-11));
#4755=CARTESIAN_POINT('Ctrl Pts',(476.217898860884,224.608525066935,1.39216637524076E-11));
#4756=CARTESIAN_POINT('Ctrl Pts',(471.307933300912,214.983786498009,1.39411679778669E-11));
#4757=CARTESIAN_POINT('Ctrl Pts',(468.162523650839,208.464744894084,1.39640060768245E-11));
#4758=CARTESIAN_POINT('Ctrl Pts',(459.129326451997,188.648632844322,1.39387598690898E-11));
#4759=CARTESIAN_POINT('Ctrl Pts',(453.644650298491,175.092294943055,1.39617683340213E-11));
#4760=CARTESIAN_POINT('Ctrl Pts',(447.451899927686,157.680442504265,1.40004059864073E-11));
#4761=CARTESIAN_POINT('Ctrl Pts',(446.198168514948,154.02500250432,1.39217574221499E-11));
#4762=CARTESIAN_POINT('Ctrl Pts',(444.986296561767,150.356924175176,1.39231818433015E-11));
#4763=CARTESIAN_POINT('Ctrl Pts',(441.369028315929,163.944757973711,-14.314937557016));
#4764=CARTESIAN_POINT('Ctrl Pts',(438.245742066787,163.643977034443,-16.1353700638494));
#4765=CARTESIAN_POINT('Ctrl Pts',(432.9149823127,163.120661716626,-17.4680689956628));
#4766=CARTESIAN_POINT('Ctrl Pts',(424.076439562962,162.224636219636,-16.2641041739918));
#4767=CARTESIAN_POINT('Ctrl Pts',(418.786186069628,161.67107475676,-13.1679538617931));
#4768=CARTESIAN_POINT('Ctrl Pts',(415.254289186286,161.296430952535,-8.75677208892577));
#4769=CARTESIAN_POINT('Ctrl Pts',(413.378396534453,161.096206603128,-5.40297713144217));
#4770=CARTESIAN_POINT('Ctrl Pts',(412.702567616489,161.02348906235,-1.96839158832501));
#4771=CARTESIAN_POINT('Ctrl Pts',(412.702567616491,161.02348906235,1.4002211449977E-11));
#4772=CARTESIAN_POINT('Ctrl Pts',(449.455709898451,246.703976040102,1.3971700868009E-11));
#4773=CARTESIAN_POINT('Ctrl Pts',(447.702915191907,243.444199375787,1.39765107654745E-11));
#4774=CARTESIAN_POINT('Ctrl Pts',(445.9823534068,240.159231057805,1.4001744737035E-11));
#4775=CARTESIAN_POINT('Ctrl Pts',(440.791715377332,229.984305504946,1.39700345952448E-11));
#4776=CARTESIAN_POINT('Ctrl Pts',(437.429972985612,223.016508257251,1.393965559488E-11));
#4777=CARTESIAN_POINT('Ctrl Pts',(427.78275178109,201.85341260523,1.39335482433722E-11));
#4778=CARTESIAN_POINT('Ctrl Pts',(421.935007646764,187.398257404569,1.39846746388091E-11));
#4779=CARTESIAN_POINT('Ctrl Pts',(415.331887450343,168.832588256599,1.39659152935587E-11));
#4780=CARTESIAN_POINT('Ctrl Pts',(413.994989557925,164.934969772991,1.40138138973367E-11));
#4781=CARTESIAN_POINT('Ctrl Pts',(412.702567616491,161.023489062349,1.40106929672567E-11));
#4782=CARTESIAN_POINT('Ctrl Pts',(478.060762372526,252.930941898147,-16.2869104338044));
#4783=CARTESIAN_POINT('Ctrl Pts',(479.167650087175,252.901048520122,-15.9969990559996));
#4784=CARTESIAN_POINT('Ctrl Pts',(481.268139463336,252.75945342804,-15.2447090760216));
#4785=CARTESIAN_POINT('Ctrl Pts',(483.976281527032,252.385593732992,-13.6724791786303));
#4786=CARTESIAN_POINT('Ctrl Pts',(487.075398119882,251.767809311648,-11.0256824022165));
#4787=CARTESIAN_POINT('Ctrl Pts',(489.995602594887,250.92441611087,-6.50336215469203));
#4788=CARTESIAN_POINT('Ctrl Pts',(490.804112856123,250.638526633823,-2.17095389689215));
#4789=CARTESIAN_POINT('Ctrl Pts',(490.804112856123,250.638526633823,-6.62574002385481E-15));
#4790=CARTESIAN_POINT('Ctrl Pts',(490.804112859816,250.63852663999,1.39294464671422E-11));
#4791=CARTESIAN_POINT('Ctrl Pts',(490.035049205248,249.354353173133,1.39331744780389E-11));
#4792=CARTESIAN_POINT('Ctrl Pts',(489.271382921526,248.068536274477,1.39390598692921E-11));
#4793=CARTESIAN_POINT('Ctrl Pts',(487.882555059638,245.708150280518,1.3969835042329E-11));
#4794=CARTESIAN_POINT('Ctrl Pts',(487.255593392702,244.634224896963,1.39503065711946E-11));
#4795=CARTESIAN_POINT('Ctrl Pts',(486.010459669953,242.483136555122,1.39577160709981E-11));
#4796=CARTESIAN_POINT('Ctrl Pts',(485.386323138788,241.395492084602,1.39686206381101E-11));
#4797=CARTESIAN_POINT('Ctrl Pts',(483.889348394927,238.762630020124,1.39157813734845E-11));
#4798=CARTESIAN_POINT('Ctrl Pts',(483.024809435511,237.221355089853,1.39042866504243E-11));
#4799=CARTESIAN_POINT('Ctrl Pts',(481.293881285215,234.094168104685,1.39643799630334E-11));
#4800=CARTESIAN_POINT('Ctrl Pts',(480.436202453391,232.523595129803,1.39520711492979E-11));
#4801=CARTESIAN_POINT('Ctrl Pts',(477.886529917974,227.791142593182,1.39704308962839E-11));
#4802=CARTESIAN_POINT('Ctrl Pts',(476.217898860884,224.608525066935,1.39216637524076E-11));
#4803=CARTESIAN_POINT('Ctrl Pts',(471.307933300912,214.983786498009,1.39411679778669E-11));
#4804=CARTESIAN_POINT('Ctrl Pts',(468.162523650839,208.464744894084,1.39640060768245E-11));
#4805=CARTESIAN_POINT('Ctrl Pts',(459.631203264614,189.749599305596,1.39401625270845E-11));
#4806=CARTESIAN_POINT('Ctrl Pts',(454.562555427724,177.349431673919,1.39582100373241E-11));
#4807=CARTESIAN_POINT('Ctrl Pts',(449.983424758236,164.759359186488,1.39848634726431E-11));
#4808=CARTESIAN_POINT('Ctrl Pts',(490.804112859824,250.638526640003,-1.39636787510561E-11));
#4809=CARTESIAN_POINT('Ctrl Pts',(490.035049205253,249.354353173141,-1.39732441961017E-11));
#4810=CARTESIAN_POINT('Ctrl Pts',(489.271382921529,248.068536274481,-1.39703056518344E-11));
#4811=CARTESIAN_POINT('Ctrl Pts',(487.882555059638,245.708150280518,-1.39657798254679E-11));
#4812=CARTESIAN_POINT('Ctrl Pts',(487.255593392703,244.634224896963,-1.392956150334E-11));
#4813=CARTESIAN_POINT('Ctrl Pts',(486.010459669953,242.483136555122,-1.38766960032394E-11));
#4814=CARTESIAN_POINT('Ctrl Pts',(485.386323138788,241.395492084602,-1.3938156827368E-11));
#4815=CARTESIAN_POINT('Ctrl Pts',(483.889348394927,238.762630020124,-1.39066552809746E-11));
#4816=CARTESIAN_POINT('Ctrl Pts',(483.024809435511,237.221355089853,-1.39361263871773E-11));
#4817=CARTESIAN_POINT('Ctrl Pts',(481.293881285215,234.094168104685,-1.39616012452502E-11));
#4818=CARTESIAN_POINT('Ctrl Pts',(480.436202453391,232.523595129803,-1.3902741559622E-11));
#4819=CARTESIAN_POINT('Ctrl Pts',(477.886529917974,227.791142593182,-1.39114667314024E-11));
#4820=CARTESIAN_POINT('Ctrl Pts',(476.217898860884,224.608525066935,-1.38959532336535E-11));
#4821=CARTESIAN_POINT('Ctrl Pts',(471.307933300912,214.983786498008,-1.39057740884462E-11));
#4822=CARTESIAN_POINT('Ctrl Pts',(468.162523650839,208.464744894084,-1.39655187738231E-11));
#4823=CARTESIAN_POINT('Ctrl Pts',(459.129326451997,188.648632844322,-1.39389536727176E-11));
#4824=CARTESIAN_POINT('Ctrl Pts',(453.644650298491,175.092294943055,-1.3910926637666E-11));
#4825=CARTESIAN_POINT('Ctrl Pts',(447.451899927686,157.680442504265,-1.39161771806716E-11));
#4826=CARTESIAN_POINT('Ctrl Pts',(446.198168514948,154.02500250432,-1.39476676181474E-11));
#4827=CARTESIAN_POINT('Ctrl Pts',(444.986296561766,150.356924175176,-1.39479684048725E-11));
#4828=CARTESIAN_POINT('Ctrl Pts',(490.804112859825,250.638526640002,1.61904764075559));
#4829=CARTESIAN_POINT('Ctrl Pts',(490.035049205254,249.354353173141,1.61904765146102));
#4830=CARTESIAN_POINT('Ctrl Pts',(489.27138292153,248.06853627448,1.61904762248968));
#4831=CARTESIAN_POINT('Ctrl Pts',(487.882555059639,245.708150280517,1.61904762057985));
#4832=CARTESIAN_POINT('Ctrl Pts',(487.255593392704,244.634224896962,1.61904762057118));
#4833=CARTESIAN_POINT('Ctrl Pts',(486.010459669954,242.483136555122,1.61904759745306));
#4834=CARTESIAN_POINT('Ctrl Pts',(485.386323138789,241.395492084602,1.61904759679));
#4835=CARTESIAN_POINT('Ctrl Pts',(483.889348394928,238.762630020124,1.61904766943));
#4836=CARTESIAN_POINT('Ctrl Pts',(483.024809435512,237.221355089853,1.61904766902681));
#4837=CARTESIAN_POINT('Ctrl Pts',(481.293881285216,234.094168104685,1.61904761960295));
#4838=CARTESIAN_POINT('Ctrl Pts',(480.436202453392,232.523595129802,1.61904761960092));
#4839=CARTESIAN_POINT('Ctrl Pts',(477.886529917975,227.791142593181,1.61904762772679));
#4840=CARTESIAN_POINT('Ctrl Pts',(476.217898860886,224.608525066934,1.61904762765752));
#4841=CARTESIAN_POINT('Ctrl Pts',(471.307933300913,214.983786498008,1.61904774741506));
#4842=CARTESIAN_POINT('Ctrl Pts',(468.16252365084,208.464744894084,1.6190477457606));
#4843=CARTESIAN_POINT('Ctrl Pts',(459.129326451999,188.648632844322,1.61904946324798));
#4844=CARTESIAN_POINT('Ctrl Pts',(453.644650298493,175.092294943054,1.61904944354629));
#4845=CARTESIAN_POINT('Ctrl Pts',(447.451899927688,157.680442504265,1.6190476276312));
#4846=CARTESIAN_POINT('Ctrl Pts',(446.198168514949,154.02500250432,1.61905006756864));
#4847=CARTESIAN_POINT('Ctrl Pts',(444.986296561768,150.356924175175,1.61905325729568));
#4848=CARTESIAN_POINT('Ctrl Pts',(490.427791684627,250.863897236696,5.3459864229072));
#4849=CARTESIAN_POINT('Ctrl Pts',(489.658178462275,249.578806159872,5.34598645752216));
#4850=CARTESIAN_POINT('Ctrl Pts',(488.893932881515,248.292014305585,5.34598635784918));
#4851=CARTESIAN_POINT('Ctrl Pts',(487.503991515351,245.929735832552,5.34598635249741));
#4852=CARTESIAN_POINT('Ctrl Pts',(486.876504448301,244.854910804096,5.34598635247335));
#4853=CARTESIAN_POINT('Ctrl Pts',(485.630279709927,242.701938255187,5.34598628770542));
#4854=CARTESIAN_POINT('Ctrl Pts',(485.005583361546,241.613318609129,5.34598628582809));
#4855=CARTESIAN_POINT('Ctrl Pts',(483.507195999944,238.977969953338,5.34598648938519));
#4856=CARTESIAN_POINT('Ctrl Pts',(482.64183523766,237.435229835915,5.34598648822813));
#4857=CARTESIAN_POINT('Ctrl Pts',(480.909295947657,234.305133537429,5.34598634976141));
#4858=CARTESIAN_POINT('Ctrl Pts',(480.050821261108,232.733103091575,5.34598634975588));
#4859=CARTESIAN_POINT('Ctrl Pts',(477.498795315284,227.996282477388,5.34598637251967));
#4860=CARTESIAN_POINT('Ctrl Pts',(475.828641031825,224.8107588699,5.34598637232684));
#4861=CARTESIAN_POINT('Ctrl Pts',(470.914232817682,215.177313027532,5.34598670784325));
#4862=CARTESIAN_POINT('Ctrl Pts',(467.766032484525,208.652482467892,5.34598670320951));
#4863=CARTESIAN_POINT('Ctrl Pts',(458.72490364662,188.818993076624,5.34599151497169));
#4864=CARTESIAN_POINT('Ctrl Pts',(453.235545325776,175.251063522263,5.34599145978075));
#4865=CARTESIAN_POINT('Ctrl Pts',(447.037508264507,157.82431755638,5.34598637225218));
#4866=CARTESIAN_POINT('Ctrl Pts',(445.782701976624,154.165752129102,5.34599476759013));
#4867=CARTESIAN_POINT('Ctrl Pts',(444.569788732356,150.494533370036,5.34600574836134));
#4868=CARTESIAN_POINT('Ctrl Pts',(488.23114389043,252.179422015039,10.103545120543));
#4869=CARTESIAN_POINT('Ctrl Pts',(487.458322877496,250.888974700056,10.1035451655805));
#4870=CARTESIAN_POINT('Ctrl Pts',(486.690695792364,249.596491847706,10.103545037441));
#4871=CARTESIAN_POINT('Ctrl Pts',(485.29425468932,247.223166720717,10.1035450302656));
#4872=CARTESIAN_POINT('Ctrl Pts',(484.663700764361,246.143090299114,10.1035450302332));
#4873=CARTESIAN_POINT('Ctrl Pts',(483.411105409033,243.979111803099,10.1035449433917));
#4874=CARTESIAN_POINT('Ctrl Pts',(482.78313876855,242.884795229287,10.103544940881));
#4875=CARTESIAN_POINT('Ctrl Pts',(481.276508212994,240.234948832571,10.1035452137968));
#4876=CARTESIAN_POINT('Ctrl Pts',(480.40634658765,238.683649209121,10.1035452122535));
#4877=CARTESIAN_POINT('Ctrl Pts',(478.664408883432,235.536573030611,10.1035450265968));
#4878=CARTESIAN_POINT('Ctrl Pts',(477.801288660573,233.95603508464,10.1035450265893));
#4879=CARTESIAN_POINT('Ctrl Pts',(475.235525710905,229.193717230684,10.1035450571116));
#4880=CARTESIAN_POINT('Ctrl Pts',(473.556480084033,225.991230315379,10.1035450568527));
#4881=CARTESIAN_POINT('Ctrl Pts',(468.616142772451,216.306957718807,10.1035455067142));
#4882=CARTESIAN_POINT('Ctrl Pts',(465.451652568076,209.748335811953,10.1035455005009));
#4883=CARTESIAN_POINT('Ctrl Pts',(456.364273534341,189.813397610916,10.1035519521202));
#4884=CARTESIAN_POINT('Ctrl Pts',(450.847582951769,176.17780364434,10.1035518781188));
#4885=CARTESIAN_POINT('Ctrl Pts',(444.618637504796,158.664140775402,10.1035450567532));
#4886=CARTESIAN_POINT('Ctrl Pts',(443.357559880656,154.987331573945,10.1035558496681));
#4887=CARTESIAN_POINT('Ctrl Pts',(442.138571822694,151.297781006966,10.1035699647866));
#4888=CARTESIAN_POINT('Ctrl Pts',(485.369584392472,253.893148069571,13.3407383705321));
#4889=CARTESIAN_POINT('Ctrl Pts',(484.59258458784,252.595723122047,13.3407384034137));
#4890=CARTESIAN_POINT('Ctrl Pts',(483.820552293061,251.295826525687,13.3407383075758));
#4891=CARTESIAN_POINT('Ctrl Pts',(482.415644147847,248.908111216577,13.3407383026507));
#4892=CARTESIAN_POINT('Ctrl Pts',(481.781095003721,247.82119376515,13.3407383026286));
#4893=CARTESIAN_POINT('Ctrl Pts',(480.520200561185,245.642877606491,13.3407382430284));
#4894=CARTESIAN_POINT('Ctrl Pts',(479.887973594602,244.541139433886,13.3407382412971));
#4895=CARTESIAN_POINT('Ctrl Pts',(478.370604962578,241.872407661593,13.3407384286223));
#4896=CARTESIAN_POINT('Ctrl Pts',(477.494189085073,240.309957268592,13.3407384275513));
#4897=CARTESIAN_POINT('Ctrl Pts',(475.740008322767,237.140761690863,13.3407383001332));
#4898=CARTESIAN_POINT('Ctrl Pts',(474.87083637805,235.549141058011,13.3407383001281));
#4899=CARTESIAN_POINT('Ctrl Pts',(472.287178388078,230.753608175297,13.3407383210752));
#4900=CARTESIAN_POINT('Ctrl Pts',(470.596549987077,227.529023119371,13.340738320898));
#4901=CARTESIAN_POINT('Ctrl Pts',(465.622435700851,217.778539251214,13.3407386296435));
#4902=CARTESIAN_POINT('Ctrl Pts',(462.4367242619,211.175896503294,13.3407386253798));
#4903=CARTESIAN_POINT('Ctrl Pts',(453.289103121843,191.108803671959,13.3407430531996));
#4904=CARTESIAN_POINT('Ctrl Pts',(447.736803812595,177.385056112831,13.3407430024145));
#4905=CARTESIAN_POINT('Ctrl Pts',(441.467591033516,159.758177683624,13.3407383208294));
#4906=CARTESIAN_POINT('Ctrl Pts',(440.198349914506,156.057603300831,13.3407463934649));
#4907=CARTESIAN_POINT('Ctrl Pts',(438.971455602238,152.344171256376,13.3407569528408));
#4908=CARTESIAN_POINT('Ctrl Pts',(483.266635629,255.152558594594,15.0473575164499));
#4909=CARTESIAN_POINT('Ctrl Pts',(482.486564836767,253.850005779058,15.0473575369596));
#4910=CARTESIAN_POINT('Ctrl Pts',(481.7112951211,252.544660808497,15.0473574747574));
#4911=CARTESIAN_POINT('Ctrl Pts',(480.300164625641,250.146370292426,15.0473574720182));
#4912=CARTESIAN_POINT('Ctrl Pts',(479.662679395544,249.054425369205,15.047357472006));
#4913=CARTESIAN_POINT('Ctrl Pts',(478.39568595981,246.86557246679,15.0473574388653));
#4914=CARTESIAN_POINT('Ctrl Pts',(477.760328065064,245.758380134495,15.0473574378933));
#4915=CARTESIAN_POINT('Ctrl Pts',(476.235068137698,243.075769729617,15.0473575420785));
#4916=CARTESIAN_POINT('Ctrl Pts',(475.354055990951,241.505124601387,15.0473575414697));
#4917=CARTESIAN_POINT('Ctrl Pts',(473.590877889306,238.319673612181,15.0473574706188));
#4918=CARTESIAN_POINT('Ctrl Pts',(472.717258554377,236.719908349704,15.0473574706161));
#4919=CARTESIAN_POINT('Ctrl Pts',(470.120449592476,231.899965899201,15.0473574822628));
#4920=CARTESIAN_POINT('Ctrl Pts',(468.421309029277,228.659140955224,15.0473574821649));
#4921=CARTESIAN_POINT('Ctrl Pts',(463.42237239104,218.859998854944,15.0473576538439));
#4922=CARTESIAN_POINT('Ctrl Pts',(460.221065364264,212.225004982754,15.0473576514737));
#4923=CARTESIAN_POINT('Ctrl Pts',(451.029174759445,192.060793206627,15.0473601135737));
#4924=CARTESIAN_POINT('Ctrl Pts',(445.45070560423,178.272259178168,15.0473600853376));
#4925=CARTESIAN_POINT('Ctrl Pts',(439.151899978898,160.562182661261,15.0473574821264));
#4926=CARTESIAN_POINT('Ctrl Pts',(437.876661533313,156.84414372653,15.047362721953));
#4927=CARTESIAN_POINT('Ctrl Pts',(436.643959316509,153.113161097611,15.0473695779079));
#4928=CARTESIAN_POINT('Ctrl Pts',(480.339947968552,256.90528858097,16.4027580341979));
#4929=CARTESIAN_POINT('Ctrl Pts',(479.555603227097,255.595599196068,16.4027580398642));
#4930=CARTESIAN_POINT('Ctrl Pts',(478.775827862035,254.282671571205,16.4027580177966));
#4931=CARTESIAN_POINT('Ctrl Pts',(477.356037797904,251.869663671886,16.4027580177103));
#4932=CARTESIAN_POINT('Ctrl Pts',(476.714466359738,250.770721918158,16.4027580177103));
#4933=CARTESIAN_POINT('Ctrl Pts',(475.438984942985,248.567205117422,16.4027580166819));
#4934=CARTESIAN_POINT('Ctrl Pts',(474.799269735585,247.452422235903,16.4027580166304));
#4935=CARTESIAN_POINT('Ctrl Pts',(473.263027499985,244.750496595835,16.4027580199158));
#4936=CARTESIAN_POINT('Ctrl Pts',(472.37561873488,243.16844687365,16.4027580198668));
#4937=CARTESIAN_POINT('Ctrl Pts',(470.599918851092,239.960373141091,16.4027580176678));
#4938=CARTESIAN_POINT('Ctrl Pts',(469.720110044597,238.349272926865,16.4027580176681));
#4939=CARTESIAN_POINT('Ctrl Pts',(467.104998832232,233.495359588718,16.4027580180276));
#4940=CARTESIAN_POINT('Ctrl Pts',(465.394011768995,230.231933356299,16.4027580180259));
#4941=CARTESIAN_POINT('Ctrl Pts',(460.360530050897,220.365073766336,16.4027580233561));
#4942=CARTESIAN_POINT('Ctrl Pts',(457.137518079437,213.6850556661,16.402758023284));
#4943=CARTESIAN_POINT('Ctrl Pts',(447.884020305464,193.385686171929,16.4027580997195));
#4944=CARTESIAN_POINT('Ctrl Pts',(442.269127596726,179.506981489403,16.4027580988495));
#4945=CARTESIAN_POINT('Ctrl Pts',(435.929138816798,161.681125624505,16.4027580180237));
#4946=CARTESIAN_POINT('Ctrl Pts',(434.645557473927,157.938782589813,16.4027598776923));
#4947=CARTESIAN_POINT('Ctrl Pts',(433.404776495416,154.183374802319,16.402762314958));
#4948=CARTESIAN_POINT('Ctrl Pts',(476.711197003877,259.07846916344,17.2284611119396));
#4949=CARTESIAN_POINT('Ctrl Pts',(475.921553026518,257.75993118405,17.2284611066123));
#4950=CARTESIAN_POINT('Ctrl Pts',(475.136191080048,256.43760182606,17.2284611144136));
#4951=CARTESIAN_POINT('Ctrl Pts',(473.705664282743,254.006346299256,17.2284611162723));
#4952=CARTESIAN_POINT('Ctrl Pts',(473.059026384389,252.898729225359,17.2284611162811));
#4953=CARTESIAN_POINT('Ctrl Pts',(471.773020846805,250.677030876449,17.2284611387969));
#4954=CARTESIAN_POINT('Ctrl Pts',(471.127903039916,249.552836528115,17.2284611394205));
#4955=CARTESIAN_POINT('Ctrl Pts',(469.578044118569,246.826962421869,17.2284610687274));
#4956=CARTESIAN_POINT('Ctrl Pts',(468.682704240317,245.230772239688,17.2284610690898));
#4957=CARTESIAN_POINT('Ctrl Pts',(466.891478846631,241.994649011992,17.2284611172247));
#4958=CARTESIAN_POINT('Ctrl Pts',(466.003995808491,240.369494763521,17.228461117227));
#4959=CARTESIAN_POINT('Ctrl Pts',(463.36619199042,235.47346156242,17.2284611093111));
#4960=CARTESIAN_POINT('Ctrl Pts',(461.640516580044,232.182012237391,17.22846110938));
#4961=CARTESIAN_POINT('Ctrl Pts',(456.564203393943,222.231191374679,17.228460992747));
#4962=CARTESIAN_POINT('Ctrl Pts',(453.31427934426,215.495347496531,17.2284609943596));
#4963=CARTESIAN_POINT('Ctrl Pts',(443.984399379472,195.028401628297,17.2284593216815));
#4964=CARTESIAN_POINT('Ctrl Pts',(438.324342772098,181.037888652426,17.2284593408754));
#4965=CARTESIAN_POINT('Ctrl Pts',(431.933292692358,163.068488328067,17.2284611094043));
#4966=CARTESIAN_POINT('Ctrl Pts',(430.63936984149,159.296012901521,17.2284604534666));
#4967=CARTESIAN_POINT('Ctrl Pts',(429.388575044653,155.510321317458,17.2284596021334));
#4968=CARTESIAN_POINT('Ctrl Pts',(472.460538802527,261.624096668424,16.7434663517539));
#4969=CARTESIAN_POINT('Ctrl Pts',(471.664687302435,260.295193440426,16.7434663537307));
#4970=CARTESIAN_POINT('Ctrl Pts',(470.872781158277,258.961850786459,16.7434663416963));
#4971=CARTESIAN_POINT('Ctrl Pts',(469.429677768464,256.509220698449,16.7434663422615));
#4972=CARTESIAN_POINT('Ctrl Pts',(468.777105027325,255.391441369301,16.7434663422644));
#4973=CARTESIAN_POINT('Ctrl Pts',(467.478771742688,253.148445531231,16.7434663491221));
#4974=CARTESIAN_POINT('Ctrl Pts',(466.827325389256,252.013226692573,16.7434663492967));
#4975=CARTESIAN_POINT('Ctrl Pts',(465.261516176878,249.259299817635,16.7434663278031));
#4976=CARTESIAN_POINT('Ctrl Pts',(464.356885892112,247.646545678077,16.743466327892));
#4977=CARTESIAN_POINT('Ctrl Pts',(462.547474187625,244.377565799523,16.7434663425522));
#4978=CARTESIAN_POINT('Ctrl Pts',(461.651001664323,242.735948856399,16.7434663425532));
#4979=CARTESIAN_POINT('Ctrl Pts',(458.986616187931,237.790577295651,16.7434663401408));
#4980=CARTESIAN_POINT('Ctrl Pts',(457.243734957457,234.466301929482,16.7434663401628));
#4981=CARTESIAN_POINT('Ctrl Pts',(452.117250295594,224.417131298241,16.7434663046417));
#4982=CARTESIAN_POINT('Ctrl Pts',(448.835800957611,217.61589211275,16.7434663051339));
#4983=CARTESIAN_POINT('Ctrl Pts',(439.416452344114,196.952657747012,16.7434657957072));
#4984=CARTESIAN_POINT('Ctrl Pts',(433.703485786223,182.831160316306,16.7434658015576));
#4985=CARTESIAN_POINT('Ctrl Pts',(427.252628100787,164.693629698079,16.7434663401695));
#4986=CARTESIAN_POINT('Ctrl Pts',(425.946594010343,160.885862193697,16.7434673548299));
#4987=CARTESIAN_POINT('Ctrl Pts',(424.684071361415,157.064698822518,16.7434686874091));
#4988=CARTESIAN_POINT('Ctrl Pts',(468.991603276514,263.701567422741,14.8887313228977));
#4989=CARTESIAN_POINT('Ctrl Pts',(468.19068576031,262.364205054937,14.8887313450163));
#4990=CARTESIAN_POINT('Ctrl Pts',(467.393438834626,261.021874260174,14.8887312785259));
#4991=CARTESIAN_POINT('Ctrl Pts',(465.940071979643,258.551800881369,14.8887312754907));
#4992=CARTESIAN_POINT('Ctrl Pts',(465.282655783677,257.425728084869,14.8887312754772));
#4993=CARTESIAN_POINT('Ctrl Pts',(463.97426200362,255.165351668138,14.8887312387524));
#4994=CARTESIAN_POINT('Ctrl Pts',(463.317650980066,254.021135843152,14.8887312376789));
#4995=CARTESIAN_POINT('Ctrl Pts',(461.738824734408,251.244315114776,14.8887313531232));
#4996=CARTESIAN_POINT('Ctrl Pts',(460.826612644794,249.618043300546,14.8887313524518));
#4997=CARTESIAN_POINT('Ctrl Pts',(459.002359193443,246.322249283983,14.8887312739398));
#4998=CARTESIAN_POINT('Ctrl Pts',(458.098550391435,244.667197209244,14.8887312739368));
#4999=CARTESIAN_POINT('Ctrl Pts',(455.412471844113,239.681561057329,14.8887312868432));
#5000=CARTESIAN_POINT('Ctrl Pts',(453.655548932563,236.330496337228,14.8887312867345));
#5001=CARTESIAN_POINT('Ctrl Pts',(448.488119907596,226.201064130895,14.8887314769777));
#5002=CARTESIAN_POINT('Ctrl Pts',(445.180942162984,219.34645454576,14.888731474351));
#5003=CARTESIAN_POINT('Ctrl Pts',(435.688578690235,198.523038674493,14.8887342026851));
#5004=CARTESIAN_POINT('Ctrl Pts',(429.932427589836,184.294633034826,14.8887341713962));
#5005=CARTESIAN_POINT('Ctrl Pts',(423.432769484367,166.019904328488,14.8887312866923));
#5006=CARTESIAN_POINT('Ctrl Pts',(422.116849506637,162.183340639386,14.8887368876496));
#5007=CARTESIAN_POINT('Ctrl Pts',(420.844752070129,158.333232634221,14.8887442156406));
#5008=CARTESIAN_POINT('Ctrl Pts',(466.944629474933,264.927455960361,13.1722793606403));
#5009=CARTESIAN_POINT('Ctrl Pts',(466.140722542058,263.585101932419,13.1722793938572));
#5010=CARTESIAN_POINT('Ctrl Pts',(465.340324071956,262.237467276733,13.1722792973031));
#5011=CARTESIAN_POINT('Ctrl Pts',(463.880900936383,259.757100934435,13.1722792922919));
#5012=CARTESIAN_POINT('Ctrl Pts',(463.220626662501,258.626134239513,13.1722792922694));
#5013=CARTESIAN_POINT('Ctrl Pts',(461.906296299991,256.355501639538,13.1722792316258));
#5014=CARTESIAN_POINT('Ctrl Pts',(461.246637617424,255.205976709908,13.1722792298673));
#5015=CARTESIAN_POINT('Ctrl Pts',(459.660130198036,252.415646972646,13.1722794204656));
#5016=CARTESIAN_POINT('Ctrl Pts',(458.743444104301,250.781398410254,13.1722794193766));
#5017=CARTESIAN_POINT('Ctrl Pts',(456.910432881906,247.469781754442,13.1722792897303));
#5018=CARTESIAN_POINT('Ctrl Pts',(456.002295032737,245.806801775014,13.1722792897251));
#5019=CARTESIAN_POINT('Ctrl Pts',(453.303415703255,240.797406046656,13.1722793110387));
#5020=CARTESIAN_POINT('Ctrl Pts',(451.538206945772,237.430533215125,13.1722793108584));
#5021=CARTESIAN_POINT('Ctrl Pts',(446.346617294636,227.253739971689,13.1722796250045));
#5022=CARTESIAN_POINT('Ctrl Pts',(443.024257328889,220.367636745624,13.1722796206661));
#5023=CARTESIAN_POINT('Ctrl Pts',(433.488809279567,199.44970196379,13.1722841259372));
#5024=CARTESIAN_POINT('Ctrl Pts',(427.70717414292,185.158207723684,13.172284074266));
#5025=CARTESIAN_POINT('Ctrl Pts',(421.178721194905,166.802523643518,13.1722793107893));
#5026=CARTESIAN_POINT('Ctrl Pts',(419.856966285334,162.948969482097,13.1722874437068));
#5027=CARTESIAN_POINT('Ctrl Pts',(418.579216727641,159.081782979913,13.172298081725));
#5028=CARTESIAN_POINT('Ctrl Pts',(464.291611284072,266.516291457853,10.2854952521623));
#5029=CARTESIAN_POINT('Ctrl Pts',(463.483829831574,265.167467867537,10.2854952978066));
#5030=CARTESIAN_POINT('Ctrl Pts',(462.679346729188,263.812958976356,10.2854951683168));
#5031=CARTESIAN_POINT('Ctrl Pts',(461.212074293752,261.319252334519,10.2854951609931));
#5032=CARTESIAN_POINT('Ctrl Pts',(460.548095739068,260.181942784467,10.28549516096));
#5033=CARTESIAN_POINT('Ctrl Pts',(459.226071258974,257.898017743043,10.2854950723214));
#5034=CARTESIAN_POINT('Ctrl Pts',(458.56246268831,256.741612008454,10.2854950697636));
#5035=CARTESIAN_POINT('Ctrl Pts',(456.965999815356,253.933773103162,10.2854953483175));
#5036=CARTESIAN_POINT('Ctrl Pts',(456.043515240215,252.289186370522,10.2854953467431));
#5037=CARTESIAN_POINT('Ctrl Pts',(454.199153165243,248.957062402815,10.2854951572485));
#5038=CARTESIAN_POINT('Ctrl Pts',(453.285404570679,247.283807308999,10.2854951572407));
#5039=CARTESIAN_POINT('Ctrl Pts',(450.569934554631,242.243617579917,10.2854951883943));
#5040=CARTESIAN_POINT('Ctrl Pts',(448.793986744855,238.856256298692,10.2854951881299));
#5041=CARTESIAN_POINT('Ctrl Pts',(443.571083189116,228.618080222949,10.2854956472939));
#5042=CARTESIAN_POINT('Ctrl Pts',(440.229045829428,221.691158668565,10.285495640952));
#5043=CARTESIAN_POINT('Ctrl Pts',(430.637755129148,200.650723688868,10.285502225979));
#5044=CARTESIAN_POINT('Ctrl Pts',(424.823089723149,186.277459195239,10.2855021504514));
#5045=CARTESIAN_POINT('Ctrl Pts',(418.257320876274,167.816853537204,10.2854951880297));
#5046=CARTESIAN_POINT('Ctrl Pts',(416.928002099057,163.941280201532,10.2855060946201));
#5047=CARTESIAN_POINT('Ctrl Pts',(415.642924891058,160.051960064379,10.2855203580679));
#5048=CARTESIAN_POINT('Ctrl Pts',(462.011550587032,267.881770785152,5.34521885724122));
#5049=CARTESIAN_POINT('Ctrl Pts',(461.200439231199,266.527387060853,5.345218891931));
#5050=CARTESIAN_POINT('Ctrl Pts',(460.392445690056,265.166970163045,5.34521879223938));
#5051=CARTESIAN_POINT('Ctrl Pts',(458.918427502213,262.661798749668,5.34521878684898));
#5052=CARTESIAN_POINT('Ctrl Pts',(458.251265377498,261.519037959583,5.34521878682467));
#5053=CARTESIAN_POINT('Ctrl Pts',(456.922628498786,259.223689237496,5.3452187215882));
#5054=CARTESIAN_POINT('Ctrl Pts',(456.255625340094,258.06137004568,5.34521871970141));
#5055=CARTESIAN_POINT('Ctrl Pts',(454.650606390485,255.238483210564,5.345218924723));
#5056=CARTESIAN_POINT('Ctrl Pts',(453.723138526973,253.58501172306,5.34521892355763));
#5057=CARTESIAN_POINT('Ctrl Pts',(451.869021282515,250.235263268876,5.34521878409317));
#5058=CARTESIAN_POINT('Ctrl Pts',(450.950450685479,248.553177507555,5.34521878408751));
#5059=CARTESIAN_POINT('Ctrl Pts',(448.220722292792,243.48652282397,5.34521880701558));
#5060=CARTESIAN_POINT('Ctrl Pts',(446.43554505495,240.081553222101,5.34521880682127));
#5061=CARTESIAN_POINT('Ctrl Pts',(441.185729624402,229.790624002173,5.34521914475786));
#5062=CARTESIAN_POINT('Ctrl Pts',(437.826780703402,222.828621489829,5.34521914009066));
#5063=CARTESIAN_POINT('Ctrl Pts',(428.187495271923,201.682912153849,5.3452239865592));
#5064=CARTESIAN_POINT('Ctrl Pts',(422.344440511418,187.239366408028,5.34522393097403));
#5065=CARTESIAN_POINT('Ctrl Pts',(415.746607994806,168.688593683284,5.34521880674755));
#5066=CARTESIAN_POINT('Ctrl Pts',(414.410784892759,164.794100181332,5.34522720364558));
#5067=CARTESIAN_POINT('Ctrl Pts',(413.119404616428,160.885760844375,5.34523818628681));
#5068=CARTESIAN_POINT('Ctrl Pts',(461.634929240812,268.107321213999,1.61904764075556));
#5069=CARTESIAN_POINT('Ctrl Pts',(460.823267824595,266.752019057639,1.61904765146102));
#5070=CARTESIAN_POINT('Ctrl Pts',(460.014694429065,265.39062626385,1.61904762248971));
#5071=CARTESIAN_POINT('Ctrl Pts',(458.539561992025,262.883561105265,1.61904762057983));
#5072=CARTESIAN_POINT('Ctrl Pts',(457.871874002294,261.739899874162,1.61904762057117));
#5073=CARTESIAN_POINT('Ctrl Pts',(456.542145253675,259.44266548351,1.61904759745253));
#5074=CARTESIAN_POINT('Ctrl Pts',(455.874581824562,258.27937032688,1.61904759679061));
#5075=CARTESIAN_POINT('Ctrl Pts',(454.268149153225,255.453994911169,1.61904766942992));
#5076=CARTESIAN_POINT('Ctrl Pts',(453.33985883117,253.799057067571,1.61904766902648));
#5077=CARTESIAN_POINT('Ctrl Pts',(451.484129157785,250.446397003984,1.61904761960296));
#5078=CARTESIAN_POINT('Ctrl Pts',(450.564762060052,248.76285258871,1.61904761960082));
#5079=CARTESIAN_POINT('Ctrl Pts',(447.832678427511,243.691826432147,1.61904762772669));
#5080=CARTESIAN_POINT('Ctrl Pts',(446.045976666391,240.283948274863,1.6190476276574));
#5081=CARTESIAN_POINT('Ctrl Pts',(440.791715377331,229.984305504946,1.61904774741498));
#5082=CARTESIAN_POINT('Ctrl Pts',(437.429972985611,223.016508257252,1.61904774576058));
#5083=CARTESIAN_POINT('Ctrl Pts',(427.782751781088,201.85341260523,1.6190494632473));
#5084=CARTESIAN_POINT('Ctrl Pts',(421.935007646762,187.39825740457,1.61904944354687));
#5085=CARTESIAN_POINT('Ctrl Pts',(415.331887450341,168.8325882566,1.61904762763153));
#5086=CARTESIAN_POINT('Ctrl Pts',(413.994989557924,164.934969772991,1.61905006757112));
#5087=CARTESIAN_POINT('Ctrl Pts',(412.702567616489,161.023489062349,1.61905325730041));
#5088=CARTESIAN_POINT('Ctrl Pts',(461.634929240813,268.107321213998,-1.39890548319663E-11));
#5089=CARTESIAN_POINT('Ctrl Pts',(460.823267824596,266.752019057638,-1.39787006996386E-11));
#5090=CARTESIAN_POINT('Ctrl Pts',(460.014694429066,265.390626263849,-1.39388995347619E-11));
#5091=CARTESIAN_POINT('Ctrl Pts',(458.539561992026,262.883561105264,-1.39724765325715E-11));
#5092=CARTESIAN_POINT('Ctrl Pts',(457.871874002295,261.739899874161,-1.39361308712462E-11));
#5093=CARTESIAN_POINT('Ctrl Pts',(456.542145253676,259.44266548351,-1.40043929032578E-11));
#5094=CARTESIAN_POINT('Ctrl Pts',(455.874581824563,258.27937032688,-1.3940721066089E-11));
#5095=CARTESIAN_POINT('Ctrl Pts',(454.268149153226,255.453994911168,-1.39897184711694E-11));
#5096=CARTESIAN_POINT('Ctrl Pts',(453.339858831172,253.799057067571,-1.39373280089673E-11));
#5097=CARTESIAN_POINT('Ctrl Pts',(451.484129157786,250.446397003984,-1.39539587078604E-11));
#5098=CARTESIAN_POINT('Ctrl Pts',(450.564762060053,248.762852588709,-1.39950002620483E-11));
#5099=CARTESIAN_POINT('Ctrl Pts',(447.832678427512,243.691826432146,-1.40097653376978E-11));
#5100=CARTESIAN_POINT('Ctrl Pts',(446.045976666392,240.283948274862,-1.39949481535429E-11));
#5101=CARTESIAN_POINT('Ctrl Pts',(440.791715377332,229.984305504946,-1.39732033932338E-11));
#5102=CARTESIAN_POINT('Ctrl Pts',(437.429972985612,223.016508257251,-1.39847411726466E-11));
#5103=CARTESIAN_POINT('Ctrl Pts',(427.782751781089,201.85341260523,-1.3980152657302E-11));
#5104=CARTESIAN_POINT('Ctrl Pts',(421.935007646764,187.398257404569,-1.40116503750138E-11));
#5105=CARTESIAN_POINT('Ctrl Pts',(415.331887450343,168.832588256599,-1.40262775371743E-11));
#5106=CARTESIAN_POINT('Ctrl Pts',(413.994989557925,164.934969772991,-1.39945281466808E-11));
#5107=CARTESIAN_POINT('Ctrl Pts',(412.702567616491,161.023489062349,-1.39927612879117E-11));
#5108=CARTESIAN_POINT('Ctrl Pts',(441.369028315929,163.944757973711,14.3149375570157));
#5109=CARTESIAN_POINT('Ctrl Pts',(444.079478486905,164.205784545077,12.7351304935365));
#5110=CARTESIAN_POINT('Ctrl Pts',(446.471943044979,164.431449389665,10.4276708399536));
#5111=CARTESIAN_POINT('Ctrl Pts',(448.048446076899,164.579010927624,7.52762072558701));
#5112=CARTESIAN_POINT('Ctrl Pts',(449.272066526156,164.69354246465,5.27671441461927));
#5113=CARTESIAN_POINT('Ctrl Pts',(449.98342322779,164.759359743127,2.65116148782017));
#5114=CARTESIAN_POINT('Ctrl Pts',(449.983423227788,164.759359743127,-1.39105393870409E-11));
#5115=CARTESIAN_POINT('Ctrl Pts',(449.969658969548,246.902481160506,3.47272430945199));
#5116=CARTESIAN_POINT('Ctrl Pts',(449.641376835556,246.776352238277,2.37446542851427));
#5117=CARTESIAN_POINT('Ctrl Pts',(449.455709899665,246.703976039449,1.19416511688321));
#5118=CARTESIAN_POINT('Ctrl Pts',(449.455709899665,246.703976039449,6.45317133063372E-15));
#5119=CARTESIAN_POINT('Ctrl Pts',(441.369028315929,163.944757973711,-14.314937557016));
#5120=CARTESIAN_POINT('Ctrl Pts',(440.352617694178,164.306257548602,-12.6308272561906));
#5121=CARTESIAN_POINT('Ctrl Pts',(439.336207072427,164.667757123492,-10.9467169553652));
#5122=CARTESIAN_POINT('Ctrl Pts',(438.319796450677,165.029256698383,-9.26260665453975));
#5123=CARTESIAN_POINT('Ctrl Pts',(438.245742066787,163.643977034443,-16.1353700638494));
#5124=CARTESIAN_POINT('Ctrl Pts',(437.543384860791,163.890618359626,-14.2367622491909));
#5125=CARTESIAN_POINT('Ctrl Pts',(436.841133290033,164.137930206399,-12.3391413853854));
#5126=CARTESIAN_POINT('Ctrl Pts',(436.138776084038,164.384571531582,-10.4405335707269));
#5127=CARTESIAN_POINT('Ctrl Pts',(432.9149823127,163.120661716626,-17.4680689956628));
#5128=CARTESIAN_POINT('Ctrl Pts',(432.751007459302,163.175783746948,-15.4132156590967));
#5129=CARTESIAN_POINT('Ctrl Pts',(432.586468977422,163.230958220795,-13.3577214445152));
#5130=CARTESIAN_POINT('Ctrl Pts',(432.422494124024,163.286080251117,-11.3028681079491));
#5131=CARTESIAN_POINT('Ctrl Pts',(424.076439562962,162.224636219636,-16.2641041739918));
#5132=CARTESIAN_POINT('Ctrl Pts',(424.810286450887,161.973018214186,-14.3506577393584));
#5133=CARTESIAN_POINT('Ctrl Pts',(425.544216257192,161.721473350499,-12.4372785896241));
#5134=CARTESIAN_POINT('Ctrl Pts',(426.278063145118,161.469855345049,-10.5238321549906));
#5135=CARTESIAN_POINT('Ctrl Pts',(418.786186069628,161.67107475676,-13.1679538617931));
#5136=CARTESIAN_POINT('Ctrl Pts',(420.060487639256,161.242782767736,-11.6183496423152));
#5137=CARTESIAN_POINT('Ctrl Pts',(421.33633752567,160.814097904068,-10.0700357642564));
#5138=CARTESIAN_POINT('Ctrl Pts',(422.610639095298,160.385805915044,-8.52043154477854));
#5139=CARTESIAN_POINT('Ctrl Pts',(415.254289186286,161.296430952535,-8.75677208892577));
#5140=CARTESIAN_POINT('Ctrl Pts',(416.891760236669,160.751789079719,-7.72706827933384));
#5141=CARTESIAN_POINT('Ctrl Pts',(418.52766285368,160.207583872309,-6.69583766212272));
#5142=CARTESIAN_POINT('Ctrl Pts',(420.165133904063,159.662941999494,-5.6661338525308));
#5143=CARTESIAN_POINT('Ctrl Pts',(413.378396534453,161.096206603128,-5.40297713144217));
#5144=CARTESIAN_POINT('Ctrl Pts',(415.207616465403,160.490625614025,-4.7671148215414));
#5145=CARTESIAN_POINT('Ctrl Pts',(417.037760352008,159.884803333083,-4.13189458900199));
#5146=CARTESIAN_POINT('Ctrl Pts',(418.866980282957,159.27922234398,-3.49603227910122));
#5147=CARTESIAN_POINT('Ctrl Pts',(412.702567616489,161.02348906235,-1.96839158832501));
#5148=CARTESIAN_POINT('Ctrl Pts',(414.602395417583,160.395790496395,-1.73744131564343));
#5149=CARTESIAN_POINT('Ctrl Pts',(416.499803361619,159.768777749903,-1.50461098259728));
#5150=CARTESIAN_POINT('Ctrl Pts',(418.399631162712,159.141079183949,-1.2736607099157));
#5151=CARTESIAN_POINT('Ctrl Pts',(412.702567616491,161.02348906235,1.4002211449977E-11));
#5152=CARTESIAN_POINT('Ctrl Pts',(414.601588798565,160.396019102883,1.23558170019084E-11));
#5153=CARTESIAN_POINT('Ctrl Pts',(416.500609980639,159.768549143416,1.07094225538399E-11));
#5154=CARTESIAN_POINT('Ctrl Pts',(418.399631162714,159.141079183949,9.06302810577131E-12));
#5155=CARTESIAN_POINT('Ctrl Pts',(478.060762372526,252.930941898147,-16.2869104338044));
#5156=CARTESIAN_POINT('Ctrl Pts',(477.566753683618,253.221611743211,-14.370803323945));
#5157=CARTESIAN_POINT('Ctrl Pts',(477.07274499471,253.512281588276,-12.4546962140857));
#5158=CARTESIAN_POINT('Ctrl Pts',(476.578736305802,253.80295143334,-10.5385891042264));
#5159=CARTESIAN_POINT('Ctrl Pts',(479.167650087175,252.901048520122,-15.9969990559996));
#5160=CARTESIAN_POINT('Ctrl Pts',(478.575345313003,253.250191221009,-14.1151802441926));
#5161=CARTESIAN_POINT('Ctrl Pts',(477.983953858972,253.598797936254,-12.2328182009831));
#5162=CARTESIAN_POINT('Ctrl Pts',(477.3916490848,253.947940637141,-10.350999389176));
#5163=CARTESIAN_POINT('Ctrl Pts',(481.268139463336,252.75945342804,-15.2447090760216));
#5164=CARTESIAN_POINT('Ctrl Pts',(480.486090021506,253.222113639601,-13.451205957967));
#5165=CARTESIAN_POINT('Ctrl Pts',(479.704566333476,253.684451381708,-11.6577266298385));
#5166=CARTESIAN_POINT('Ctrl Pts',(478.922516891646,254.147111593269,-9.86422351178389));
#5167=CARTESIAN_POINT('Ctrl Pts',(483.976281527032,252.385593732992,-13.6724791786303));
#5168=CARTESIAN_POINT('Ctrl Pts',(482.940467912051,253.001086493065,-12.0641151766524));
#5169=CARTESIAN_POINT('Ctrl Pts',(481.904634426826,253.616606819316,-10.4552622569599));
#5170=CARTESIAN_POINT('Ctrl Pts',(480.868820811845,254.232099579389,-8.84689825498201));
#5171=CARTESIAN_POINT('Ctrl Pts',(487.075398119882,251.767809311648,-11.0256824022165));
#5172=CARTESIAN_POINT('Ctrl Pts',(485.739633556244,252.564704106457,-9.72854998447621));
#5173=CARTESIAN_POINT('Ctrl Pts',(484.404047561739,253.361496727774,-8.43139743400229));
#5174=CARTESIAN_POINT('Ctrl Pts',(483.068282998101,254.158391522583,-7.13426501626196));
#5175=CARTESIAN_POINT('Ctrl Pts',(489.995602594887,250.92441611087,-6.50336215469203));
#5176=CARTESIAN_POINT('Ctrl Pts',(488.364135231707,251.90076728949,-5.73843390424354));
#5177=CARTESIAN_POINT('Ctrl Pts',(486.733141286501,252.87683539226,-4.97298605715305));
#5178=CARTESIAN_POINT('Ctrl Pts',(485.101673923321,253.85318657088,-4.20805780670457));
#5179=CARTESIAN_POINT('Ctrl Pts',(490.804112856123,250.638526633823,-2.17095389689215));
#5180=CARTESIAN_POINT('Ctrl Pts',(489.088529433519,251.665945509667,-1.91578068664184));
#5181=CARTESIAN_POINT('Ctrl Pts',(487.372193199582,252.693835778775,-1.65990806586332));
#5182=CARTESIAN_POINT('Ctrl Pts',(485.656609776979,253.721254654619,-1.40473485561301));
#5183=CARTESIAN_POINT('Ctrl Pts',(490.804112856123,250.638526633823,-6.62574002385481E-15));
#5184=CARTESIAN_POINT('Ctrl Pts',(489.088278496408,251.666102640755,-3.30693699127805E-15));
#5185=CARTESIAN_POINT('Ctrl Pts',(487.372444136694,252.693678647687,1.18660412987103E-17));
#5186=CARTESIAN_POINT('Ctrl Pts',(485.656609776979,253.721254654619,3.33066907387547E-15));
#5187=CARTESIAN_POINT('Ctrl Pts',(441.369028315929,163.944757973711,14.3149375570157));
#5188=CARTESIAN_POINT('Ctrl Pts',(440.352617694178,164.306257548602,12.6308272561903));
#5189=CARTESIAN_POINT('Ctrl Pts',(439.336207072428,164.667757123492,10.946716955365));
#5190=CARTESIAN_POINT('Ctrl Pts',(438.319796450677,165.029256698383,9.26260665453956));
#5191=CARTESIAN_POINT('Ctrl Pts',(444.11999766831,164.209686695026,12.7115135720095));
#5192=CARTESIAN_POINT('Ctrl Pts',(442.827611310719,164.67186270465,11.21485745918));
#5193=CARTESIAN_POINT('Ctrl Pts',(441.533210011709,165.134914791559,9.72175313001138));
#5194=CARTESIAN_POINT('Ctrl Pts',(440.240823654118,165.597090801183,8.22509701718189));
#5195=CARTESIAN_POINT('Ctrl Pts',(447.14595744562,164.495001631587,9.77526955689977));
#5196=CARTESIAN_POINT('Ctrl Pts',(445.549551437096,165.071064398191,8.62562101855456));
#5197=CARTESIAN_POINT('Ctrl Pts',(443.954122866402,165.646757931025,7.47482273724806));
#5198=CARTESIAN_POINT('Ctrl Pts',(442.357716857878,166.222820697629,6.32517419890285));
#5199=CARTESIAN_POINT('Ctrl Pts',(449.536586464236,164.717943914016,4.31982400376013));
#5200=CARTESIAN_POINT('Ctrl Pts',(447.701746086635,165.384467525747,3.81157540520181));
#5201=CARTESIAN_POINT('Ctrl Pts',(445.866577846782,166.051118809497,3.30342858354307));
#5202=CARTESIAN_POINT('Ctrl Pts',(444.03173746918,166.717642421228,2.79517998498475));
#5203=CARTESIAN_POINT('Ctrl Pts',(449.983423227789,164.759359743127,1.7333992132995));
#5204=CARTESIAN_POINT('Ctrl Pts',(448.103536605128,165.443098146574,1.52948527598596));
#5205=CARTESIAN_POINT('Ctrl Pts',(446.224680306817,166.126439924944,1.32552508984677));
#5206=CARTESIAN_POINT('Ctrl Pts',(444.344793684156,166.810178328392,1.12161115253323));
#5207=CARTESIAN_POINT('Ctrl Pts',(449.983423227788,164.759359743127,-1.3923713973757E-11));
#5208=CARTESIAN_POINT('Ctrl Pts',(448.103880046577,165.442965938215,-1.22846578189692E-11));
#5209=CARTESIAN_POINT('Ctrl Pts',(446.224336865365,166.126572133303,-1.06456016641813E-11));
#5210=CARTESIAN_POINT('Ctrl Pts',(444.344793684154,166.810178328391,-9.0065455093935E-12));
#5211=CARTESIAN_POINT('Ctrl Pts',(449.969658969548,246.902481160506,3.47272430945199));
#5212=CARTESIAN_POINT('Ctrl Pts',(451.693250792354,245.973872854635,3.06416850833999));
#5213=CARTESIAN_POINT('Ctrl Pts',(453.416842615161,245.045264548764,2.65561270722798));
#5214=CARTESIAN_POINT('Ctrl Pts',(455.140434437967,244.116656242893,2.24705690611598));
#5215=CARTESIAN_POINT('Ctrl Pts',(449.641376835556,246.776352238277,2.37446542851427));
#5216=CARTESIAN_POINT('Ctrl Pts',(451.389230667689,245.835842087647,2.09473760098014));
#5217=CARTESIAN_POINT('Ctrl Pts',(453.136969333761,244.895382162865,1.81614663421999));
#5218=CARTESIAN_POINT('Ctrl Pts',(454.884823165894,243.954872012235,1.53641880668586));
#5219=CARTESIAN_POINT('Ctrl Pts',(449.455709899665,246.703976039449,1.19416511688321));
#5220=CARTESIAN_POINT('Ctrl Pts',(451.217313843876,245.756762333545,1.05395961173621));
#5221=CARTESIAN_POINT('Ctrl Pts',(452.978602891981,244.809695045758,0.912900580706252));
#5222=CARTESIAN_POINT('Ctrl Pts',(454.740206836192,243.862481339854,0.772695075559254));
#5223=CARTESIAN_POINT('Ctrl Pts',(449.455709899665,246.703976039449,6.45317133063372E-15));
#5224=CARTESIAN_POINT('Ctrl Pts',(451.217208878507,245.756811139584,6.45317133063372E-15));
#5225=CARTESIAN_POINT('Ctrl Pts',(452.97870785735,244.809646239719,6.45317133063372E-15));
#5226=CARTESIAN_POINT('Ctrl Pts',(454.740206836192,243.862481339854,6.45317133063372E-15));
#5227=CARTESIAN_POINT('Origin',(331.954968514935,226.75,0.));
#5228=CARTESIAN_POINT('',(333.581013095342,221.650841327565,-17.4992909137786));
#5229=CARTESIAN_POINT('',(320.496219324688,203.222190059907,-2.14313189850787E-15));
#5230=CARTESIAN_POINT('Origin',(333.464274104753,221.486425885899,0.));
#5231=CARTESIAN_POINT('',(339.798413176502,135.907440423273,2.14313189850787E-15));
#5232=CARTESIAN_POINT('',(315.132888836014,221.926346273203,-2.14313189850787E-15));
#5233=CARTESIAN_POINT('Origin',(356.58116843295,140.868234709,0.));
#5234=CARTESIAN_POINT('',(333.581013095342,221.650841327565,17.4992909137786));
#5235=CARTESIAN_POINT('Origin',(333.464274104753,221.486425885899,0.));
#5236=CARTESIAN_POINT('',(335.483201830204,215.685714478736,17.4966612694244));
#5237=CARTESIAN_POINT('Origin',(331.954968514936,226.749999999994,0.));
#5238=CARTESIAN_POINT('',(335.483201830204,215.685714478735,-17.4966612694232));
#5239=CARTESIAN_POINT('Ctrl Pts',(335.483201830204,215.685714478735,-17.4966612694232));
#5240=CARTESIAN_POINT('Ctrl Pts',(338.042596679386,216.419609142072,-17.4446443696218));
#5241=CARTESIAN_POINT('Ctrl Pts',(341.780869451901,216.108467562008,-16.5378209475172));
#5242=CARTESIAN_POINT('Ctrl Pts',(345.25299521291,215.193469348263,-14.6681410274131));
#5243=CARTESIAN_POINT('Ctrl Pts',(346.312252408652,214.879141615427,-13.9793622759729));
#5244=CARTESIAN_POINT('Ctrl Pts',(346.555531176845,214.804974019838,-13.8149083140713));
#5245=CARTESIAN_POINT('Ctrl Pts',(346.693368820077,214.762510193257,-13.719950355867));
#5246=CARTESIAN_POINT('Ctrl Pts',(347.859349393422,214.400281917912,-12.9055306739827));
#5247=CARTESIAN_POINT('Ctrl Pts',(348.985685612288,214.006864774835,-11.944927277698));
#5248=CARTESIAN_POINT('Ctrl Pts',(350.129233311195,213.5848200303,-10.7113955584166));
#5249=CARTESIAN_POINT('Ctrl Pts',(350.574415321166,213.418164747136,-10.2034281030107));
#5250=CARTESIAN_POINT('Ctrl Pts',(351.322924520429,213.132899805142,-9.27502040028287));
#5251=CARTESIAN_POINT('Ctrl Pts',(352.67098233518,212.602086307778,-7.27333332616752));
#5252=CARTESIAN_POINT('Ctrl Pts',(353.871180120439,212.10654640073,-4.4956914837429));
#5253=CARTESIAN_POINT('Ctrl Pts',(354.446231914146,211.865154479968,-1.337945117796));
#5254=CARTESIAN_POINT('Ctrl Pts',(354.447980490439,211.864479297593,1.33755049578403));
#5255=CARTESIAN_POINT('Ctrl Pts',(353.950188702052,212.073213729026,4.04313163612261));
#5256=CARTESIAN_POINT('Ctrl Pts',(352.652387661353,212.610546852619,7.50283800344784));
#5257=CARTESIAN_POINT('Ctrl Pts',(350.186494502285,213.587432731028,10.9263095357996));
#5258=CARTESIAN_POINT('Ctrl Pts',(346.900631251436,214.735474128742,13.7245999321313));
#5259=CARTESIAN_POINT('Ctrl Pts',(343.312124807586,215.740007675173,15.7851108650399));
#5260=CARTESIAN_POINT('Ctrl Pts',(339.404359080647,216.314846945231,17.1096347273794));
#5261=CARTESIAN_POINT('Ctrl Pts',(336.762899254795,216.052661810403,17.4706528195225));
#5262=CARTESIAN_POINT('Ctrl Pts',(335.483201830204,215.685714478735,17.4966612694232));
#5263=CARTESIAN_POINT('Origin',(331.954968514936,226.749999999994,0.));
#5264=CARTESIAN_POINT('Origin',(331.954968514935,226.75,0.));
#5265=CARTESIAN_POINT('',(334.030843000872,134.253616288371,2.87791997799628E-15));
#5266=CARTESIAN_POINT('Origin',(356.58116843295,140.868234709,0.));
#5267=CARTESIAN_POINT('',(314.728649149059,201.568365925005,-2.87791997799628E-15));
#5268=CARTESIAN_POINT('',(309.365318660384,220.272522138301,-2.87791997799628E-15));
#5269=CARTESIAN_POINT('',(333.632933011773,221.665729124031,-23.4990477985027));
#5270=CARTESIAN_POINT('Origin',(333.464274104753,221.486425885899,0.));
#5271=CARTESIAN_POINT('',(335.59585899907,215.71801840208,-23.4955165617969));
#5272=CARTESIAN_POINT('Origin',(331.954968514936,226.749999999994,0.));
#5273=CARTESIAN_POINT('',(335.59585899907,215.718018402081,23.4955165617981));
#5274=CARTESIAN_POINT('Ctrl Pts',(335.59585899907,215.71801840208,-23.4955165617969));
#5275=CARTESIAN_POINT('Ctrl Pts',(339.032760653685,216.703534092847,-23.4256652963493));
#5276=CARTESIAN_POINT('Ctrl Pts',(343.927083934144,216.72388466164,-22.207930986666));
#5277=CARTESIAN_POINT('Ctrl Pts',(348.41608630465,216.100471123554,-19.6972179510975));
#5278=CARTESIAN_POINT('Ctrl Pts',(349.782370344338,215.874181921524,-18.7722864848779));
#5279=CARTESIAN_POINT('Ctrl Pts',(350.095984202823,215.820182588533,-18.5514483074671));
#5280=CARTESIAN_POINT('Ctrl Pts',(350.273632393669,215.789134252785,-18.4239333350214));
#5281=CARTESIAN_POINT('Ctrl Pts',(351.776099213455,215.523391855978,-17.3302840479196));
#5282=CARTESIAN_POINT('Ctrl Pts',(353.223528720644,215.222046731726,-16.0403309157659));
#5283=CARTESIAN_POINT('Ctrl Pts',(354.691021820808,214.892891836239,-14.383874035588));
#5284=CARTESIAN_POINT('Ctrl Pts',(355.262101645796,214.762337170608,-13.7017463097573));
#5285=CARTESIAN_POINT('Ctrl Pts',(356.221830321484,214.537638438862,-12.4550273946656));
#5286=CARTESIAN_POINT('Ctrl Pts',(357.94874311568,214.115459858725,-9.76704760942496));
#5287=CARTESIAN_POINT('Ctrl Pts',(359.484156973358,213.716041613675,-6.03707142102618));
#5288=CARTESIAN_POINT('Ctrl Pts',(360.219461077381,213.520601303454,-1.7966691581832));
#5289=CARTESIAN_POINT('Ctrl Pts',(360.221702281263,213.520067379767,1.79613923719569));
#5290=CARTESIAN_POINT('Ctrl Pts',(359.585168075079,213.689018063087,5.42934819707894));
#5291=CARTESIAN_POINT('Ctrl Pts',(357.925026079703,214.122451589855,10.07523960463));
#5292=CARTESIAN_POINT('Ctrl Pts',(354.766661175717,214.900774390641,14.6724728052166));
#5293=CARTESIAN_POINT('Ctrl Pts',(350.544101226781,215.780222332323,18.4301770517192));
#5294=CARTESIAN_POINT('Ctrl Pts',(345.909981498855,216.484931094257,21.1971488759107));
#5295=CARTESIAN_POINT('Ctrl Pts',(340.81642366754,216.719749949916,22.9757952053381));
#5296=CARTESIAN_POINT('Ctrl Pts',(337.314309826378,216.210776247463,23.4605909290731));
#5297=CARTESIAN_POINT('Ctrl Pts',(335.59585899907,215.71801840208,23.4955165617969));
#5298=CARTESIAN_POINT('',(333.632933011773,221.665729124031,23.4990477985027));
#5299=CARTESIAN_POINT('Origin',(331.954968514936,226.749999999994,0.));
#5300=CARTESIAN_POINT('Origin',(333.464274104753,221.486425885899,0.));
#5301=CARTESIAN_POINT('Ctrl Pts',(334.030843000872,134.253616288371,2.87791997799628E-15));
#5302=CARTESIAN_POINT('Ctrl Pts',(335.953366392749,134.804891000005,2.63299061816681E-15));
#5303=CARTESIAN_POINT('Ctrl Pts',(337.875889784626,135.35616571164,2.38806125833734E-15));
#5304=CARTESIAN_POINT('Ctrl Pts',(339.798413176502,135.907440423273,2.14313189850787E-15));
#5305=CARTESIAN_POINT('Ctrl Pts',(334.030843000872,134.253616288371,3.51559177901715));
#5306=CARTESIAN_POINT('Ctrl Pts',(335.953678077506,134.804980374171,3.21644976358806));
#5307=CARTESIAN_POINT('Ctrl Pts',(337.875578099869,135.356076337474,2.91713589342058));
#5308=CARTESIAN_POINT('Ctrl Pts',(339.798413176502,135.907440423273,2.6179938779915));
#5309=CARTESIAN_POINT('Ctrl Pts',(335.569662369874,134.704993496868,10.5445981114094));
#5310=CARTESIAN_POINT('Ctrl Pts',(337.360896669788,135.218621667181,9.6471219386024));
#5311=CARTESIAN_POINT('Ctrl Pts',(339.152423051961,135.732333590734,8.74983646853748));
#5312=CARTESIAN_POINT('Ctrl Pts',(340.943657351875,136.245961761048,7.85236029573044));
#5313=CARTESIAN_POINT('Ctrl Pts',(342.040709612247,136.603126116687,19.0004528389354));
#5314=CARTESIAN_POINT('Ctrl Pts',(343.280426086298,136.95860909527,17.3833863853167));
#5315=CARTESIAN_POINT('Ctrl Pts',(344.519924684743,137.314029599029,15.7663398443151));
#5316=CARTESIAN_POINT('Ctrl Pts',(345.759641158794,137.669512577612,14.1492733906965));
#5317=CARTESIAN_POINT('Ctrl Pts',(351.391999123616,139.346111447202,23.6936876348349));
#5318=CARTESIAN_POINT('Ctrl Pts',(351.834413604465,139.472971758178,21.6770310591602));
#5319=CARTESIAN_POINT('Ctrl Pts',(352.276789353625,139.599820963021,19.660892048424));
#5320=CARTESIAN_POINT('Ctrl Pts',(352.719203834473,139.726681273998,17.6442354727494));
#5321=CARTESIAN_POINT('Ctrl Pts',(360.61707177567,142.052073969992,23.6932926021015));
#5322=CARTESIAN_POINT('Ctrl Pts',(360.272927799201,141.953392272703,21.6769589019068));
#5323=CARTESIAN_POINT('Ctrl Pts',(359.92897540504,141.854765510756,19.6602749996319));
#5324=CARTESIAN_POINT('Ctrl Pts',(359.584831428571,141.756083813467,17.6439412994373));
#5325=CARTESIAN_POINT('Ctrl Pts',(368.024704349719,144.224932318539,20.6575269129033));
#5326=CARTESIAN_POINT('Ctrl Pts',(367.049166589357,143.945201367122,18.8995372289002));
#5327=CARTESIAN_POINT('Ctrl Pts',(366.073393153684,143.665402836896,17.1412544063778));
#5328=CARTESIAN_POINT('Ctrl Pts',(365.097855393321,143.385671885479,15.3832647223748));
#5329=CARTESIAN_POINT('Ctrl Pts',(373.362623768813,145.790687997929,16.2248722105898));
#5330=CARTESIAN_POINT('Ctrl Pts',(371.931768658561,145.380396897375,14.844031220544));
#5331=CARTESIAN_POINT('Ctrl Pts',(370.501380231074,144.97023961595,13.4631926362297));
#5332=CARTESIAN_POINT('Ctrl Pts',(369.070525120822,144.559948515396,12.0823516461839));
#5333=CARTESIAN_POINT('Ctrl Pts',(377.196962267368,146.915402855808,10.3505356393331));
#5334=CARTESIAN_POINT('Ctrl Pts',(375.43952560794,146.411466002954,9.4696574389178));
#5335=CARTESIAN_POINT('Ctrl Pts',(373.681613040647,145.907392685715,8.5887238892803));
#5336=CARTESIAN_POINT('Ctrl Pts',(371.924176381219,145.403455832861,7.70784568886504));
#5337=CARTESIAN_POINT('Ctrl Pts',(379.902924726476,147.709134599568,1.28787913541707));
#5338=CARTESIAN_POINT('Ctrl Pts',(377.914614392948,147.138995785972,1.17822314064235));
#5339=CARTESIAN_POINT('Ctrl Pts',(375.926360342476,146.568873111283,1.06871492540445));
#5340=CARTESIAN_POINT('Ctrl Pts',(373.938050008947,145.998734297687,0.959058930629732));
#5341=CARTESIAN_POINT('Ctrl Pts',(378.500123653243,147.297655224361,-8.3942175439785));
#5342=CARTESIAN_POINT('Ctrl Pts',(376.631267081899,146.761769225884,-7.67972720026427));
#5343=CARTESIAN_POINT('Ctrl Pts',(374.762892064559,146.226021310794,-6.96550340837906));
#5344=CARTESIAN_POINT('Ctrl Pts',(372.894035493216,145.690135312317,-6.25101306466484));
#5345=CARTESIAN_POINT('Ctrl Pts',(373.356233234419,145.788813481898,-16.222986482306));
#5346=CARTESIAN_POINT('Ctrl Pts',(371.926368722633,145.378806430883,-14.8424253827737));
#5347=CARTESIAN_POINT('Ctrl Pts',(370.49563356933,144.968549727431,-13.4615084799729));
#5348=CARTESIAN_POINT('Ctrl Pts',(369.065769057544,144.558542676416,-12.0809473804406));
#5349=CARTESIAN_POINT('Ctrl Pts',(368.027395166384,144.225721607613,-20.6601703188903));
#5350=CARTESIAN_POINT('Ctrl Pts',(367.051402678181,143.945860265086,-18.9016790464865));
#5351=CARTESIAN_POINT('Ctrl Pts',(366.075850483113,143.666125174583,-17.1437244885986));
#5352=CARTESIAN_POINT('Ctrl Pts',(365.099857994909,143.386263832055,-15.3852332161949));
#5353=CARTESIAN_POINT('Ctrl Pts',(361.675912084938,142.362660379721,-23.2486854821689));
#5354=CARTESIAN_POINT('Ctrl Pts',(361.241590497849,142.238120668688,-21.2702789263873));
#5355=CARTESIAN_POINT('Ctrl Pts',(360.8071796816,142.113555371605,-19.2912574467585));
#5356=CARTESIAN_POINT('Ctrl Pts',(360.372858094511,141.989015660572,-17.3128508909769));
#5357=CARTESIAN_POINT('Ctrl Pts',(352.596986281048,139.699566667712,-23.9813988657646));
#5358=CARTESIAN_POINT('Ctrl Pts',(352.936570425525,139.796940854218,-21.9403800148839));
#5359=CARTESIAN_POINT('Ctrl Pts',(353.276414044972,139.894389443974,-19.8995073679393));
#5360=CARTESIAN_POINT('Ctrl Pts',(353.615998189448,139.991763630479,-17.8584885170587));
#5361=CARTESIAN_POINT('Ctrl Pts',(342.756662421575,136.813134378215,-19.9548397799243));
#5362=CARTESIAN_POINT('Ctrl Pts',(343.935426800562,137.151139624786,-18.2565320025952));
#5363=CARTESIAN_POINT('Ctrl Pts',(345.113714357265,137.489008144768,-16.5582948474856));
#5364=CARTESIAN_POINT('Ctrl Pts',(346.292478736252,137.827013391339,-14.8599870701564));
#5365=CARTESIAN_POINT('Ctrl Pts',(335.571341682867,134.705486084644,-10.5369812228552));
#5366=CARTESIAN_POINT('Ctrl Pts',(337.362358802595,135.219051979541,-9.64043668122067));
#5367=CARTESIAN_POINT('Ctrl Pts',(339.153890036679,135.732765294358,-8.74323268631396));
#5368=CARTESIAN_POINT('Ctrl Pts',(340.944907156408,136.246331189255,-7.84668814467941));
#5369=CARTESIAN_POINT('Ctrl Pts',(334.030843000872,134.253616288371,-3.51559177901715));
#5370=CARTESIAN_POINT('Ctrl Pts',(335.953757684171,134.805003201015,-3.21597201457165));
#5371=CARTESIAN_POINT('Ctrl Pts',(337.875498493203,135.35605351063,-2.917613642437));
#5372=CARTESIAN_POINT('Ctrl Pts',(339.798413176502,135.907440423273,-2.6179938779915));
#5373=CARTESIAN_POINT('Ctrl Pts',(334.030843000872,134.253616288371,-2.87791997799628E-15));
#5374=CARTESIAN_POINT('Ctrl Pts',(335.953366392749,134.804891000005,-2.63299061816681E-15));
#5375=CARTESIAN_POINT('Ctrl Pts',(337.875889784626,135.35616571164,-2.38806125833734E-15));
#5376=CARTESIAN_POINT('Ctrl Pts',(339.798413176502,135.907440423273,-2.14313189850787E-15));
#5377=CARTESIAN_POINT('',(339.798413176502,135.907440423273,2.14313189850787E-15));
#5378=CARTESIAN_POINT('Ctrl Pts',(333.632933011773,221.665729124031,-23.4990477985027));
#5379=CARTESIAN_POINT('Ctrl Pts',(333.615626372962,221.660766525209,-21.499128836928));
#5380=CARTESIAN_POINT('Ctrl Pts',(333.598319734152,221.655803926387,-19.4992098753533));
#5381=CARTESIAN_POINT('Ctrl Pts',(333.581013095342,221.650841327565,-17.4992909137786));
#5382=CARTESIAN_POINT('Ctrl Pts',(330.814141322512,218.669039020725,-23.5308766783958));
#5383=CARTESIAN_POINT('Ctrl Pts',(331.086055000219,218.747009013133,-21.5279390681098));
#5384=CARTESIAN_POINT('Ctrl Pts',(331.358043868307,218.825000566034,-19.5259308814318));
#5385=CARTESIAN_POINT('Ctrl Pts',(331.629957546014,218.902970558442,-17.5229932711458));
#5386=CARTESIAN_POINT('Ctrl Pts',(325.166214279519,212.664662344574,-21.973161447299));
#5387=CARTESIAN_POINT('Ctrl Pts',(326.017657013575,212.908809619802,-20.1032562759939));
#5388=CARTESIAN_POINT('Ctrl Pts',(326.869244239957,213.152998327538,-18.2328977384426));
#5389=CARTESIAN_POINT('Ctrl Pts',(327.720686974013,213.397145602767,-16.3629925671375));
#5390=CARTESIAN_POINT('Ctrl Pts',(318.356640647515,205.425325720835,-15.231179631909));
#5391=CARTESIAN_POINT('Ctrl Pts',(319.906944486772,205.869868193267,-13.9347855965392));
#5392=CARTESIAN_POINT('Ctrl Pts',(321.45706697383,206.314358663791,-12.6387618463659));
#5393=CARTESIAN_POINT('Ctrl Pts',(323.007370813088,206.758901136223,-11.3423678109961));
#5394=CARTESIAN_POINT('Ctrl Pts',(314.571415538388,201.401209051796,-5.4407635434321));
#5395=CARTESIAN_POINT('Ctrl Pts',(316.509980713615,201.957083670785,-4.97777062416108));
#5396=CARTESIAN_POINT('Ctrl Pts',(318.448823294805,202.513037834654,-4.51462534523109));
#5397=CARTESIAN_POINT('Ctrl Pts',(320.387388470032,203.068912453643,-4.05163242596007));
#5398=CARTESIAN_POINT('Ctrl Pts',(314.572097780288,201.401934351065,5.44111121154885));
#5399=CARTESIAN_POINT('Ctrl Pts',(316.510691822016,201.95781724739,4.97812347425185));
#5400=CARTESIAN_POINT('Ctrl Pts',(318.449266649026,202.513694633983,4.51487906504615));
#5401=CARTESIAN_POINT('Ctrl Pts',(320.387860690754,203.069577530308,4.05189132774915));
#5402=CARTESIAN_POINT('Ctrl Pts',(318.356078005006,205.424727569066,15.2323364599507));
#5403=CARTESIAN_POINT('Ctrl Pts',(319.906379548349,205.869269383154,13.9359206164857));
#5404=CARTESIAN_POINT('Ctrl Pts',(321.456679830968,206.313810835736,12.6396451221517));
#5405=CARTESIAN_POINT('Ctrl Pts',(323.006981374311,206.758352649824,11.3432292786867));
#5406=CARTESIAN_POINT('Ctrl Pts',(325.166353188268,212.664810020075,21.9727939731738));
#5407=CARTESIAN_POINT('Ctrl Pts',(326.017823613185,212.90896523553,20.1028913317377));
#5408=CARTESIAN_POINT('Ctrl Pts',(326.86931269621,213.153125801111,18.2326215576294));
#5409=CARTESIAN_POINT('Ctrl Pts',(327.720783121128,213.397281016566,16.3627189161933));
#5410=CARTESIAN_POINT('Ctrl Pts',(330.814141322512,218.669039020725,23.5308766783958));
#5411=CARTESIAN_POINT('Ctrl Pts',(331.086041127429,218.747005035174,21.5279368519615));
#5412=CARTESIAN_POINT('Ctrl Pts',(331.358057741098,218.825004543993,19.5259330975801));
#5413=CARTESIAN_POINT('Ctrl Pts',(331.629957546014,218.902970558442,17.5229932711458));
#5414=CARTESIAN_POINT('Ctrl Pts',(333.632933011773,221.665729124031,23.4990477985027));
#5415=CARTESIAN_POINT('Ctrl Pts',(333.615626372962,221.660766525209,21.499128836928));
#5416=CARTESIAN_POINT('Ctrl Pts',(333.598319734152,221.655803926387,19.4992098753533));
#5417=CARTESIAN_POINT('Ctrl Pts',(333.581013095342,221.650841327565,17.4992909137786));
#5418=CARTESIAN_POINT('',(333.581013095342,221.650841327565,17.4992909137786));
#5419=CARTESIAN_POINT('',(333.581013095342,221.650841327565,-17.4992909137786));
#5420=CARTESIAN_POINT('Ctrl Pts',(335.59585899907,215.718018402081,23.4955165617969));
#5421=CARTESIAN_POINT('Ctrl Pts',(335.558306609448,215.707250427633,21.4958981310057));
#5422=CARTESIAN_POINT('Ctrl Pts',(335.520754219826,215.696482453185,19.4962797002144));
#5423=CARTESIAN_POINT('Ctrl Pts',(335.483201830204,215.685714478736,17.4966612694232));
#5424=CARTESIAN_POINT('Ctrl Pts',(334.941605549946,217.700421345142,23.4971280273376));
#5425=CARTESIAN_POINT('Ctrl Pts',(334.910801174453,217.691588332608,21.4973724504696));
#5426=CARTESIAN_POINT('Ctrl Pts',(334.879996798963,217.682755320075,19.4976168738216));
#5427=CARTESIAN_POINT('Ctrl Pts',(334.84919242347,217.673922307542,17.4978612969536));
#5428=CARTESIAN_POINT('Ctrl Pts',(334.287284791308,219.683028237572,23.4983051280002));
#5429=CARTESIAN_POINT('Ctrl Pts',(334.26322912418,219.676130386022,21.4984493723524));
#5430=CARTESIAN_POINT('Ctrl Pts',(334.239173457055,219.669232534472,19.4985936169246));
#5431=CARTESIAN_POINT('Ctrl Pts',(334.215117789927,219.662334682922,17.4987378612768));
#5432=CARTESIAN_POINT('Ctrl Pts',(333.632933011773,221.665729124031,23.4990477985027));
#5433=CARTESIAN_POINT('Ctrl Pts',(333.615626372962,221.660766525209,21.499128836928));
#5434=CARTESIAN_POINT('Ctrl Pts',(333.598319734152,221.655803926387,19.4992098753533));
#5435=CARTESIAN_POINT('Ctrl Pts',(333.581013095342,221.650841327565,17.4992909137786));
#5436=CARTESIAN_POINT('',(335.483201830204,215.685714478736,17.4966612694244));
#5437=CARTESIAN_POINT('Ctrl Pts',(335.59585899907,215.71801840208,-23.4955165617969));
#5438=CARTESIAN_POINT('Ctrl Pts',(335.558306609448,215.707250427631,-21.4958981310056));
#5439=CARTESIAN_POINT('Ctrl Pts',(335.520754219826,215.696482453183,-19.4962797002144));
#5440=CARTESIAN_POINT('Ctrl Pts',(335.483201830204,215.685714478735,-17.4966612694232));
#5441=CARTESIAN_POINT('Ctrl Pts',(339.032760653685,216.703534092847,-23.4256652963493));
#5442=CARTESIAN_POINT('Ctrl Pts',(338.702303909861,216.608777146363,-21.4319810080093));
#5443=CARTESIAN_POINT('Ctrl Pts',(338.37305342321,216.514366088557,-19.4383286579618));
#5444=CARTESIAN_POINT('Ctrl Pts',(338.042596679386,216.419609142072,-17.4446443696218));
#5445=CARTESIAN_POINT('Ctrl Pts',(343.927083934144,216.72388466164,-22.207930986666));
#5446=CARTESIAN_POINT('Ctrl Pts',(343.211795051445,216.518778875041,-20.3178575087284));
#5447=CARTESIAN_POINT('Ctrl Pts',(342.4961583346,216.313573348607,-18.4278944254548));
#5448=CARTESIAN_POINT('Ctrl Pts',(341.780869451901,216.108467562008,-16.5378209475172));
#5449=CARTESIAN_POINT('Ctrl Pts',(348.41608630465,216.100471123554,-19.6972179510975));
#5450=CARTESIAN_POINT('Ctrl Pts',(347.361803737121,215.79816046203,-18.0207646860421));
#5451=CARTESIAN_POINT('Ctrl Pts',(346.307277780439,215.495780009788,-16.3445942924685));
#5452=CARTESIAN_POINT('Ctrl Pts',(345.25299521291,215.193469348263,-14.6681410274131));
#5453=CARTESIAN_POINT('Ctrl Pts',(349.782370344338,215.874181921524,-18.7722864848779));
#5454=CARTESIAN_POINT('Ctrl Pts',(348.625734908884,215.542522047402,-17.1745498631675));
#5455=CARTESIAN_POINT('Ctrl Pts',(347.468887844106,215.210801489548,-15.5770988976833));
#5456=CARTESIAN_POINT('Ctrl Pts',(346.312252408652,214.879141615427,-13.9793622759729));
#5457=CARTESIAN_POINT('Ctrl Pts',(350.095984202823,215.820182588533,-18.5514483074671));
#5458=CARTESIAN_POINT('Ctrl Pts',(348.91590625546,215.481800682291,-16.9725230362989));
#5459=CARTESIAN_POINT('Ctrl Pts',(347.735609124208,215.14335592608,-15.3938335852395));
#5460=CARTESIAN_POINT('Ctrl Pts',(346.555531176845,214.804974019838,-13.8149083140713));
#5461=CARTESIAN_POINT('Ctrl Pts',(350.273632393669,215.789134252785,-18.4239333350214));
#5462=CARTESIAN_POINT('Ctrl Pts',(349.080303458754,215.446952687006,-16.855810845445));
#5463=CARTESIAN_POINT('Ctrl Pts',(347.886697754992,215.104691759036,-15.2880728454434));
#5464=CARTESIAN_POINT('Ctrl Pts',(346.693368820077,214.762510193257,-13.719950355867));
#5465=CARTESIAN_POINT('Ctrl Pts',(351.776099213455,215.523391855978,-17.3302840479196));
#5466=CARTESIAN_POINT('Ctrl Pts',(350.470212515869,215.148934871121,-15.8559654729932));
#5467=CARTESIAN_POINT('Ctrl Pts',(349.165236091007,214.774738902768,-14.3798492489092));
#5468=CARTESIAN_POINT('Ctrl Pts',(347.859349393422,214.400281917912,-12.9055306739827));
#5469=CARTESIAN_POINT('Ctrl Pts',(353.223528720644,215.222046731726,-16.0403309157659));
#5470=CARTESIAN_POINT('Ctrl Pts',(351.811295696122,214.817095428328,-14.6749217957643));
#5471=CARTESIAN_POINT('Ctrl Pts',(350.39791863681,214.411816078233,-13.3103363976996));
#5472=CARTESIAN_POINT('Ctrl Pts',(348.985685612288,214.006864774835,-11.944927277698));
#5473=CARTESIAN_POINT('Ctrl Pts',(354.691021820808,214.892891836239,-14.383874035588));
#5474=CARTESIAN_POINT('Ctrl Pts',(353.170245554924,214.456816259225,-13.1598531295307));
#5475=CARTESIAN_POINT('Ctrl Pts',(351.65000957708,214.020895607314,-11.9354164644739));
#5476=CARTESIAN_POINT('Ctrl Pts',(350.129233311195,213.5848200303,-10.7113955584166));
#5477=CARTESIAN_POINT('Ctrl Pts',(355.262101645796,214.762337170608,-13.7017463097573));
#5478=CARTESIAN_POINT('Ctrl Pts',(353.699496091027,214.314267238017,-12.5356726798426));
#5479=CARTESIAN_POINT('Ctrl Pts',(352.137020875935,213.866234679727,-11.3695017329253));
#5480=CARTESIAN_POINT('Ctrl Pts',(350.574415321166,213.418164747136,-10.2034281030107));
#5481=CARTESIAN_POINT('Ctrl Pts',(356.221830321484,214.537638438862,-12.4550273946656));
#5482=CARTESIAN_POINT('Ctrl Pts',(354.588738344824,214.069356850034,-11.3951342839302));
#5483=CARTESIAN_POINT('Ctrl Pts',(352.956016497089,213.601181393969,-10.3349135110182));
#5484=CARTESIAN_POINT('Ctrl Pts',(351.322924520429,213.132899805142,-9.27502040028287));
#5485=CARTESIAN_POINT('Ctrl Pts',(357.94874311568,214.115459858725,-9.76704760942496));
#5486=CARTESIAN_POINT('Ctrl Pts',(356.189475133532,213.610997882531,-8.93578890907759));
#5487=CARTESIAN_POINT('Ctrl Pts',(354.430250317328,213.106548283972,-8.10459202651489));
#5488=CARTESIAN_POINT('Ctrl Pts',(352.67098233518,212.602086307778,-7.27333332616752));
#5489=CARTESIAN_POINT('Ctrl Pts',(359.484156973358,213.716041613675,-6.03707142102618));
#5490=CARTESIAN_POINT('Ctrl Pts',(357.613056212186,213.179512104119,-5.52336241797444));
#5491=CARTESIAN_POINT('Ctrl Pts',(355.742280881612,212.643075910286,-5.00940048679463));
#5492=CARTESIAN_POINT('Ctrl Pts',(353.871180120439,212.10654640073,-4.4956914837429));
#5493=CARTESIAN_POINT('Ctrl Pts',(360.219461077381,213.520601303454,-1.7966691581832));
#5494=CARTESIAN_POINT('Ctrl Pts',(358.295104508863,212.968800936877,-1.64370000179746));
#5495=CARTESIAN_POINT('Ctrl Pts',(356.370588482664,212.416954846545,-1.49091427418175));
#5496=CARTESIAN_POINT('Ctrl Pts',(354.446231914146,211.865154479968,-1.337945117796));
#5497=CARTESIAN_POINT('Ctrl Pts',(360.221702281263,213.520067379767,1.79613923719569));
#5498=CARTESIAN_POINT('Ctrl Pts',(358.296997754254,212.968167237697,1.64314133880629));
#5499=CARTESIAN_POINT('Ctrl Pts',(356.372685017449,212.416379439662,1.49054839417343));
#5500=CARTESIAN_POINT('Ctrl Pts',(354.447980490439,211.864479297593,1.33755049578403));
#5501=CARTESIAN_POINT('Ctrl Pts',(359.585168075079,213.689018063087,5.42934819707894));
#5502=CARTESIAN_POINT('Ctrl Pts',(357.706943023443,213.150445696114,4.96726814135867));
#5503=CARTESIAN_POINT('Ctrl Pts',(355.828413753688,212.611786095999,4.50521169184289));
#5504=CARTESIAN_POINT('Ctrl Pts',(353.950188702052,212.073213729026,4.04313163612261));
#5505=CARTESIAN_POINT('Ctrl Pts',(357.925026079703,214.122451589855,10.07523960463));
#5506=CARTESIAN_POINT('Ctrl Pts',(356.16742021866,213.618466219219,9.21766199906744));
#5507=CARTESIAN_POINT('Ctrl Pts',(354.409993522397,213.114532223256,8.36041560901035));
#5508=CARTESIAN_POINT('Ctrl Pts',(352.652387661353,212.610546852619,7.50283800344784));
#5509=CARTESIAN_POINT('Ctrl Pts',(354.766661175717,214.900774390641,14.6724728052166));
#5510=CARTESIAN_POINT('Ctrl Pts',(353.239771279331,214.462945758291,13.4235813181255));
#5511=CARTESIAN_POINT('Ctrl Pts',(351.713384398671,214.025261363379,12.1752010228907));
#5512=CARTESIAN_POINT('Ctrl Pts',(350.186494502285,213.587432731028,10.9263095357996));
#5513=CARTESIAN_POINT('Ctrl Pts',(350.544101226781,215.780222332323,18.4301770517192));
#5514=CARTESIAN_POINT('Ctrl Pts',(349.329783279649,215.432022264139,16.8619022091241));
#5515=CARTESIAN_POINT('Ctrl Pts',(348.114949198568,215.083674196927,15.2928747747264));
#5516=CARTESIAN_POINT('Ctrl Pts',(346.900631251436,214.735474128742,13.7245999321313));
#5517=CARTESIAN_POINT('Ctrl Pts',(345.909981498855,216.484931094257,21.1971488759107));
#5518=CARTESIAN_POINT('Ctrl Pts',(345.043993850044,216.236613131837,19.3930175706356));
#5519=CARTESIAN_POINT('Ctrl Pts',(344.178112456396,215.988325637594,17.589242170315));
#5520=CARTESIAN_POINT('Ctrl Pts',(343.312124807586,215.740007675173,15.7851108650399));
#5521=CARTESIAN_POINT('Ctrl Pts',(340.81642366754,216.719749949916,22.9757952053381));
#5522=CARTESIAN_POINT('Ctrl Pts',(340.345849959863,216.58481511058,21.0206441901363));
#5523=CARTESIAN_POINT('Ctrl Pts',(339.874932788324,216.449781784567,19.0647857425812));
#5524=CARTESIAN_POINT('Ctrl Pts',(339.404359080647,216.314846945231,17.1096347273794));
#5525=CARTESIAN_POINT('Ctrl Pts',(337.314309826378,216.210776247463,23.4605909290731));
#5526=CARTESIAN_POINT('Ctrl Pts',(337.130436033414,216.158051285769,21.4634710906919));
#5527=CARTESIAN_POINT('Ctrl Pts',(336.946773047758,216.105386772098,19.4677726579037));
#5528=CARTESIAN_POINT('Ctrl Pts',(336.762899254795,216.052661810403,17.4706528195225));
#5529=CARTESIAN_POINT('Ctrl Pts',(335.59585899907,215.71801840208,23.4955165617969));
#5530=CARTESIAN_POINT('Ctrl Pts',(335.558306609448,215.707250427631,21.4958981310056));
#5531=CARTESIAN_POINT('Ctrl Pts',(335.520754219826,215.696482453183,19.4962797002144));
#5532=CARTESIAN_POINT('Ctrl Pts',(335.483201830204,215.685714478735,17.4966612694232));
#5533=CARTESIAN_POINT('',(335.483201830204,215.685714478735,-17.4966612694232));
#5534=CARTESIAN_POINT('Ctrl Pts',(333.632933011773,221.665729124031,-23.4990477985027));
#5535=CARTESIAN_POINT('Ctrl Pts',(333.615626372962,221.660766525209,-21.499128836928));
#5536=CARTESIAN_POINT('Ctrl Pts',(333.598319734152,221.655803926387,-19.4992098753533));
#5537=CARTESIAN_POINT('Ctrl Pts',(333.581013095342,221.650841327565,-17.4992909137786));
#5538=CARTESIAN_POINT('Ctrl Pts',(334.287284791308,219.683028237572,-23.4983051280002));
#5539=CARTESIAN_POINT('Ctrl Pts',(334.26322912418,219.676130386021,-21.4984493723524));
#5540=CARTESIAN_POINT('Ctrl Pts',(334.239173457055,219.669232534472,-19.4985936169246));
#5541=CARTESIAN_POINT('Ctrl Pts',(334.215117789927,219.662334682922,-17.4987378612768));
#5542=CARTESIAN_POINT('Ctrl Pts',(334.941605549946,217.700421345141,-23.4971280273376));
#5543=CARTESIAN_POINT('Ctrl Pts',(334.910801174453,217.691588332607,-21.4973724504696));
#5544=CARTESIAN_POINT('Ctrl Pts',(334.879996798963,217.682755320074,-19.4976168738216));
#5545=CARTESIAN_POINT('Ctrl Pts',(334.84919242347,217.67392230754,-17.4978612969536));
#5546=CARTESIAN_POINT('Ctrl Pts',(335.59585899907,215.718018402079,-23.4955165617969));
#5547=CARTESIAN_POINT('Ctrl Pts',(335.558306609448,215.707250427631,-21.4958981310057));
#5548=CARTESIAN_POINT('Ctrl Pts',(335.520754219826,215.696482453183,-19.4962797002144));
#5549=CARTESIAN_POINT('Ctrl Pts',(335.483201830204,215.685714478735,-17.4966612694232));
#5550=UNCERTAINTY_MEASURE_WITH_UNIT(LENGTH_MEASURE(0.01),#5554,
'DISTANCE_ACCURACY_VALUE',
'Maximum model space distance between geometric entities at asserted c
onnectivities');
#5551=UNCERTAINTY_MEASURE_WITH_UNIT(LENGTH_MEASURE(0.01),#5554,
'DISTANCE_ACCURACY_VALUE',
'Maximum model space distance between geometric entities at asserted c
onnectivities');
#5552=(
GEOMETRIC_REPRESENTATION_CONTEXT(3)
GLOBAL_UNCERTAINTY_ASSIGNED_CONTEXT((#5550))
GLOBAL_UNIT_ASSIGNED_CONTEXT((#5554,#5556,#5557))
REPRESENTATION_CONTEXT('','3D')
);
#5553=(
GEOMETRIC_REPRESENTATION_CONTEXT(3)
GLOBAL_UNCERTAINTY_ASSIGNED_CONTEXT((#5551))
GLOBAL_UNIT_ASSIGNED_CONTEXT((#5554,#5556,#5557))
REPRESENTATION_CONTEXT('','3D')
);
#5554=(
LENGTH_UNIT()
NAMED_UNIT(*)
SI_UNIT(.MILLI.,.METRE.)
);
#5555=(
LENGTH_UNIT()
NAMED_UNIT(*)
SI_UNIT($,.METRE.)
);
#5556=(
NAMED_UNIT(*)
PLANE_ANGLE_UNIT()
SI_UNIT($,.RADIAN.)
);
#5557=(
NAMED_UNIT(*)
SI_UNIT($,.STERADIAN.)
SOLID_ANGLE_UNIT()
);
#5558=SHAPE_DEFINITION_REPRESENTATION(#5559,#5560);
#5559=PRODUCT_DEFINITION_SHAPE('',$,#5562);
#5560=SHAPE_REPRESENTATION('',(#875),#5552);
#5561=PRODUCT_DEFINITION_CONTEXT('part definition',#5566,'design');
#5562=PRODUCT_DEFINITION('2026-07-26-12-09-20-901','Pendix Bracket',#5563,
#5561);
#5563=PRODUCT_DEFINITION_FORMATION('',$,#5568);
#5564=PRODUCT_RELATED_PRODUCT_CATEGORY('Pendix Bracket',
'Pendix Bracket',(#5568));
#5565=APPLICATION_PROTOCOL_DEFINITION('international standard',
'automotive_design',2009,#5566);
#5566=APPLICATION_CONTEXT(
'Core Data for Automotive Mechanical Design Process');
#5567=PRODUCT_CONTEXT('part definition',#5566,'mechanical');
#5568=PRODUCT('2026-07-26-12-09-20-901','Pendix Bracket',$,(#5567));
#5569=PRESENTATION_STYLE_ASSIGNMENT((#5570));
#5570=SURFACE_STYLE_USAGE(.BOTH.,#5571);
#5571=SURFACE_SIDE_STYLE('',(#5572));
#5572=SURFACE_STYLE_FILL_AREA(#5573);
#5573=FILL_AREA_STYLE('Steel - Satin',(#5574));
#5574=FILL_AREA_STYLE_COLOUR('Steel - Satin',#5575);
#5575=COLOUR_RGB('Steel - Satin',0.627450980392157,0.627450980392157,0.627450980392157);
ENDSEC;
END-ISO-10303-21;
